id,commune,opening_hours
1,"Béjaïa","Non renseigné"
10,"Jijel","dimanche: 09:00–16:00"
100,"Batna","Non renseigné"
1000,"Belouizdad","dimanche: 08:30–17:30"
1001,"Annaba","dimanche: 08:00–20:00 | lundi: 08:00–20:00 | mardi: 08:00–20:00 | mercredi: 08:00–22:00 | jeudi: 08:00–20:00 | vendredi: 08:00–20:00 | samedi: 08:00–20:00"
1002,"Kouba","dimanche: 09:00–18:00"
1003,"Sétif","dimanche: 08:30–14:30"
1004,"Skikda","dimanche: 08:30–17:00"
1005,"Annaba","dimanche: 09:00–16:30"
1006,"Sétif","dimanche: 09:00–19:00"
1007,"Constantine","dimanche: 08:30–16:30"
1008,"Annaba","dimanche: 09:00–17:00"
101,"Aïn El Turk","dimanche: 09:00–18:00"
1010,"Sétif","dimanche: 08:00–17:00"
1012,"Guelma","Non renseigné"
1014,"Birkhadem","dimanche: 09:00–17:00"
1015,"Ben Aknoun","Non renseigné"
1016,"Annaba","Non renseigné"
1018,"Constantine","dimanche: 08:30–16:00"
1019,"Alger Centre","dimanche: 09:00–17:00"
102,"Mostaganem","dimanche: 09:00–12:0014:00–17:00"
1020,"Sétif","dimanche: 08:00–17:00"
1021,"Skikda","Non renseigné"
1022,"Alger Centre","dimanche: 09:00–16:30"
1023,"Constantine","dimanche: 08:00–20:00"
1025,"Kouba","dimanche: 08:30–18:00"
1026,"Constantine","dimanche: 08:30–16:30"
1027,"Bab El Oued","dimanche: 08:00–18:00"
1028,"18 eme Arrondissment،،","Non renseigné"
1029,"Sétif","dimanche: 09:30–17:00"
103,"Ouled Yaïch","dimanche: 08:00–16:00"
1030,"Setif","Non renseigné"
1031,"Sétif","dimanche: 08:00–22:00 | lundi: 08:00–22:00 | mardi: 08:00–22:00 | mercredi: 08:00–15:30 | jeudi: 08:00–19:00 | vendredi: 14:00–22:00 | samedi: 08:00–22:00"
1032,"Kouba","dimanche: Ouvert 24h/24"
1033,"Alger Centre","dimanche: 10:00–02:00"
1034,"Kouba","dimanche: 09:30–18:00"
1035,"Sétif","dimanche: 08:00–16:00 | lundi: 08:00–16:00 | mardi: 08:00–16:00 | mercredi: 08:00–16:00 | jeudi: 08:00–16:00 | vendredi: Fermé | samedi: 08:00–16:00"
1036,"Annaba","dimanche: 08:30–19:00"
1037,"Kouba","dimanche: 09:00–23:00"
1038,"Sidi MHamed","dimanche: Fermé"
1039,"Constantine","dimanche: 09:00–17:00 | lundi: 09:00–17:00 | mardi: 09:00–17:00 | mercredi: 09:00–17:00 | jeudi: 09:00–17:00 | vendredi: Fermé | samedi: 09:00–17:00"
104,"Annaba","dimanche: 08:00–16:00"
1040,"Sétif","dimanche: 08:00–23:00"
1041,"Annaba","dimanche: 08:00–17:00"
1042,"Sétif","dimanche: 08:30–19:30"
1043,"El Harrouch","dimanche: 09:00–17:00"
1044,"Souk-Ahras","dimanche: 08:00–18:00"
1045,"Béjaïa","dimanche: 09:00–15:30"
1046,"Constantine","dimanche: 09:00–20:00"
1047,"App11","Non renseigné"
1048,"Constantine","dimanche: 09:00–17:00"
1049,"Sidi MHamed","dimanche: 09:00–20:30"
105,"Blida","Non renseigné"
1050,"Sétif","dimanche: 08:30–18:00 | lundi: 08:30–18:00 | mardi: 08:30–18:00 | mercredi: 08:30–18:00 | jeudi: 08:30–17:00 | vendredi: Fermé | samedi: 08:30–18:00"
1051,"Constantine","dimanche: 08:30–16:30"
1052,"Annaba","dimanche: Ouvert 24h/24"
1053,"Sétif","Non renseigné"
1054,"Alger Centre","dimanche: 09:00–17:30"
1055,"Sétif","dimanche: 08:30–17:00"
1056,"Constantine","dimanche: 08:00–15:00"
1057,"Bir Mourad Raïs","dimanche: Ouvert 24h/24"
1058,"Draria","dimanche: Ouvert 24h/24"
1059,"Sétif","dimanche: 08:00–17:00"
1060,"Setif","dimanche: 10:00–18:30"
1061,"El Khroub","dimanche: 08:00–16:30 | lundi: 08:00–16:30 | mardi: 08:00–16:30 | mercredi: 08:00–16:30 | jeudi: 08:00–12:00 | vendredi: Fermé | samedi: 08:00–16:30"
1062,"Bab Ezzouar","dimanche: 09:00–17:00"
1063,"Alger Centre","dimanche: 09:00–18:00"
1064,"Alger Centre","Non renseigné"
1065,"Kouba","dimanche: 08:30–20:00"
1066,"Mostaganem","dimanche: 08:00–16:00 | lundi: 08:00–16:00 | mardi: 08:00–16:00 | mercredi: 08:00–16:00 | jeudi: 08:00–12:30 | vendredi: Fermé | samedi: 08:00–16:00"
1067,"Sidi MHamed","dimanche: 09:00–17:00 | lundi: 09:00–17:00 | mardi: 09:00–17:00 | mercredi: 09:00–17:00 | jeudi: 09:00–17:00 | vendredi: Fermé | samedi: 09:00–17:00"
1068,"Sidi MHamed","dimanche: 09:00–20:00"
1069,"El Khroub","dimanche: 08:30–17:00"
107,"Blida","dimanche: 09:00–19:00"
1070,"Annaba","dimanche: Ouvert 24h/24"
1071,"Annaba","Non renseigné"
1072,"Sétif","dimanche: 08:00–17:00"
1073,"Souk-Ahras","dimanche: 08:00–17:00"
1074,"Constantine","Non renseigné"
1075,"Skikda","dimanche: 09:00–17:00"
1076,"Annaba","dimanche: 08:30–17:00 | lundi: 08:30–17:00 | mardi: 08:30–17:00 | mercredi: 08:30–17:00 | jeudi: 08:30–17:00 | vendredi: Fermé | samedi: 08:30–17:00"
1078,"Sétif","dimanche: 09:00–00:00"
1079,"Tiaret","dimanche: 08:30–16:30"
108,"Boulevard des lions en face la résidence el hasnaoui","dimanche: 09:00–17:00"
1080,"","dimanche: 09:00–16:00"
1081,"Cité","dimanche: Ouvert 24h/24"
1082,"Annaba","dimanche: 09:00–18:00"
1083,"Annaba","dimanche: 08:30–16:30"
1084,"Setif","Non renseigné"
1085,"Uv 05 extension projet 32 bt b02c n15","dimanche: 09:00–21:00"
1086,"Annaba","dimanche: 08:00–17:00"
1087,"Guelma","dimanche: 08:00–17:00"
1088,"Bab El Oued","dimanche: 08:30–17:00 | lundi: 08:30–17:00 | mardi: 08:30–17:00 | mercredi: 08:30–17:00 | jeudi: 08:30–12:00 | vendredi: Fermé | samedi: 08:30–17:00"
1089,"Annaba","dimanche: 09:00–16:00"
109,"Ouargla","Non renseigné"
1090,"Souk-Ahras","dimanche: 09:00–17:00"
1091,"El Khroub","Non renseigné"
1092,"Ben Aknoun","dimanche: Ouvert 24h/24"
1094,"El Khroub","dimanche: 08:00–16:30"
1096,"Bab Ezzouar","dimanche: 09:00–17:00"
1097,"Constantine","dimanche: 09:00–17:00"
1098,"uv5","dimanche: 09:00–17:00"
1099,"cité 150logement bloc 8 N 03","dimanche: 08:00–19:00"
11,"Tazoult","dimanche: 08:30–16:30"
110,"Belouizdad","dimanche: 08:00–15:30"
1100,"Guelma","dimanche: 08:00–18:00"
1101,"Guelma","dimanche: 08:00–17:00 | lundi: 08:00–17:00 | mardi: 08:00–17:00 | mercredi: 08:00–17:00 | jeudi: 08:00–14:00 | vendredi: Fermé | samedi: 08:00–17:00"
1102,"Guelma","dimanche: 08:30–16:00"
1103,"Annaba","dimanche: Ouvert 24h/24"
1104,"Annaba","Non renseigné"
1106,"El Biar","dimanche: 09:00–17:30"
1107,"Annaba","dimanche: 08:00–18:00"
1108,"Sétif","dimanche: 08:00–21:00"
1109,"Chéraga","dimanche: 08:30–19:00"
111,"Bir El Djir","Non renseigné"
1110,"lagar","dimanche: 08:30–17:00"
1111,"Sétif","dimanche: 09:30–15:00"
1112,"El Bouni","dimanche: 08:00–17:30"
1113,"Skikda","dimanche: Ouvert 24h/24"
1114,"Kouba","dimanche: 09:00–19:00"
1115,"Skikda","dimanche: 08:00–14:30"
1116,"Annaba","dimanche: Ouvert 24h/24"
1118,"Annaba","dimanche: 09:00–16:00"
1119,"Annaba","Non renseigné"
112,"El Biar","dimanche: 07:00–18:00"
1120,"Souk-Ahras","Non renseigné"
1121,"Setif","dimanche: 08:00–17:00"
1122,"Sétif","dimanche: 08:00–22:00"
1123,"Setif","Non renseigné"
1124,"Guelma","dimanche: 09:00–16:00"
1125,"Sétif","dimanche: 08:00–20:00"
1126,"Souk-Ahras","dimanche: 08:30–17:30"
1127,"Guelma","dimanche: 09:00–17:00"
1128,"Constantine","dimanche: 08:00–17:00"
1129,"Bir Mourad Raïs","dimanche: 09:00–23:00"
113,"1 log1","dimanche: 09:00–16:16"
1130,"Dely Ibrahim","dimanche: 09:00–21:30"
1131,"Sétif","dimanche: 08:00–20:00"
1132,"Tipaza","dimanche: 09:30–18:30"
1133,"Guelma","dimanche: 09:00–16:30 | lundi: 08:30–16:30 | mardi: 08:30–16:30 | mercredi: 08:30–16:30 | jeudi: 08:30–16:30 | vendredi: Fermé | samedi: 08:30–16:30"
1134,"Souk-Ahras","Non renseigné"
1135,"Alger Centre","dimanche: 09:00–18:00 | lundi: 09:00–18:00 | mardi: 09:00–18:00 | mercredi: 09:00–18:00 | jeudi: 09:00–18:00 | vendredi: Fermé | samedi: 09:00–18:00"
1136,"Alger Centre","dimanche: 09:00–17:00"
1137,"Setif","dimanche: 08:00–16:30"
1139,"","Non renseigné"
114,"Batna","dimanche: 07:00–19:00"
1140,"Chlef","Non renseigné"
1141,"El Khroub","dimanche: 09:00–17:00"
1142,"Annaba","dimanche: 08:00–17:00"
1143,"","dimanche: 07:30–18:00"
1145,"Souk-Ahras","dimanche: 00:00–07:0008:00–00:00"
1146,"Skikda","dimanche: 08:00–14:00"
1147,"Sétif","dimanche: 08:00–15:00"
1148,"Annaba","dimanche: 08:30–16:00"
1149,"عدل","dimanche: 08:30–20:00"
115,"Oran","dimanche: Ouvert 24h/24"
1150,"Skikda","dimanche: 09:00–17:00"
1151,"Annaba","dimanche: 08:00–18:00"
1152,"Annaba","dimanche: 09:00–17:00"
1153,"Annaba","dimanche: 09:00–17:00"
1154,"Cité Bourouih Suleiman N ° 146 deuxième étage","Non renseigné"
1155,"Annaba","dimanche: 09:00–17:00"
1156,"Sétif","dimanche: 08:00–20:00"
1157,"Constantine","dimanche: 08:00–16:00"
1158,"Skikda","dimanche: 09:00–15:00"
1159,"Annaba","dimanche: 09:00–20:30"
116,"Batna","dimanche: 08:30–16:00"
1160,"Bab Ezzouar","dimanche: 09:00–19:00"
1161,"Guelma","dimanche: 08:00–16:00"
1162,"et rue mohamed khmisti","dimanche: 08:30–17:00 | lundi: 08:30–17:00 | mardi: 08:30–17:00 | mercredi: 08:30–17:00 | jeudi: 08:30–17:00 | vendredi: Fermé | samedi: 08:30–17:00"
1163,"Guelma","dimanche: 08:00–16:30"
1164,"Annaba","Non renseigné"
1165,"Souk-Ahras","Non renseigné"
1166,"Sétif","dimanche: 09:00–23:00"
1167,"Souk-Ahras","dimanche: 08:00–18:00"
1168,"Dely Ibrahim","dimanche: 09:00–23:00"
1169,"Annaba","Non renseigné"
117,"Jijel","Non renseigné"
1170,"Dar Elkadi","dimanche: 08:00–16:30"
1171,"Annaba","dimanche: Ouvert 24h/24"
1172,"Souk-Ahras","Non renseigné"
1173,"Bir Mourad Raïs","Non renseigné"
1174,"Annaba","dimanche: 09:00–20:00"
1176,"El Ouricia","dimanche: Ouvert 24h/24"
1177,"Sétif","dimanche: 09:30–17:00"
1178,"Hamadi Krouma","Non renseigné"
1179,"Alger Centre","Non renseigné"
118,"Blida","dimanche: 09:00–16:00"
1180,"Bordj El Bahri","dimanche: 09:00–17:00"
1181,"Annaba","dimanche: 08:00–00:00"
1184,"Setif","dimanche: 09:00–12:0013:30–17:00"
1186,"Skikda","dimanche: 08:00–15:00"
1187,"Sétif","dimanche: 08:00–16:26"
1188,"Skikda","dimanche: 08:30–14:30"
119,"Batna","dimanche: 08:30–16:30"
1190,"Souk Ahras","Non renseigné"
1191,"Kouba","dimanche: 09:00–18:00"
1192,"Constantine","dimanche: 08:30–17:00"
1193,"Sétif","dimanche: 08:00–16:00 | lundi: 08:00–16:30 | mardi: 08:00–16:30 | mercredi: 08:30–16:30 | jeudi: 08:30–16:30 | vendredi: Fermé | samedi: 08:00–20:00"
1194,"Guelma","dimanche: 08:00–17:00"
1195,"Bir Mourad Raïs","dimanche: Fermé"
1196,"Annaba","dimanche: 08:30–20:30"
1197,"Ben Aknoun","dimanche: 09:00–17:00"
1198,"Annaba","dimanche: 08:30–17:30"
1199,"لاندريولي","dimanche: 08:00–17:00"
12,"Sidi Chami","dimanche: 08:00–00:00"
1200,"Annaba","dimanche: 09:00–17:00"
1201,"Constantine","dimanche: 09:00–16:00"
1202,"n 228،","dimanche: 08:00–17:00"
1203,"Guelma","dimanche: 08:30–16:30"
1204,"Cité Seddiki N:34","dimanche: 08:00–16:00"
1206,"Sétif","dimanche: 08:30–17:00"
1207,"Annaba","dimanche: 09:30–17:00"
1208,"18 février n°29","Non renseigné"
1209,"Sétif","dimanche: 08:30–17:00"
121,"Batna","dimanche: 08:00–18:00"
1210,"Souk-Ahras","Non renseigné"
1211,"Bab El Oued","dimanche: 07:00–01:00"
1213,"Annaba","dimanche: 08:30–17:00"
1214,"Annaba","dimanche: 08:00–18:00"
1215,"Annaba","dimanche: 08:00–16:30"
1216,"Guelma","dimanche: 08:00–12:0013:00–16:00 | lundi: 08:00–12:0013:00–16:00 | mardi: 08:00–12:0013:00–16:00 | mercredi: 08:00–12:0013:00–16:00 | jeudi: 08:00–12:0013:00–16:00 | vendredi: Fermé | samedi: 08:00–12:0013:00–16:00"
1217,"Constantine","Non renseigné"
1218,"Annaba","dimanche: 09:00–00:00"
1219,"Annaba","dimanche: 09:00–16:00"
122,"Annaba","Non renseigné"
1220,"Annaba","dimanche: 08:30–16:00"
1221,"Sétif","dimanche: 09:00–16:00"
1223,"Constantine","dimanche: 08:00–17:00"
1224,"rue zeharaoui houcin en face malysia","dimanche: 09:00–16:00"
1226,"Kouba","dimanche: Ouvert 24h/24"
1227,"Guelma","dimanche: 08:00–17:00"
1228,"Souk-Ahras","Non renseigné"
1229,"Cité les frères Saadi bâtiment 8 les allées","Non renseigné"
123,"Batna","Non renseigné"
1230,"Annaba","dimanche: 08:00–16:00"
1231,"El Khroub","Non renseigné"
1232,"Souk-Ahras","dimanche: 08:30–18:00"
1233,"Sétif","dimanche: 09:00–17:00"
1235,"Constantine","dimanche: 08:00–16:00"
1236,"Annaba","Non renseigné"
1237,"Sétif","dimanche: 09:00–23:00"
1238,"cité Abdeslem Daksi Bt: A","dimanche: 08:30–16:00"
1239,"Bir Mourad Raïs","dimanche: 08:00–20:00"
124,"Mostaganem","dimanche: 09:00–18:00 | lundi: 09:00–18:00 | mardi: 09:00–18:00 | mercredi: 09:00–18:00 | jeudi: 09:00–18:00 | vendredi: Fermé | samedi: 09:00–18:00"
1240,"Sétif","dimanche: 09:00–04:00"
1242,"El Khroub","Non renseigné"
1243,"Skikda","dimanche: 07:00–19:00"
1244,"Annaba","dimanche: 09:00–17:00"
1245,"Souk-Ahras","dimanche: 08:00–15:00"
1246,"Guelma","dimanche: 09:00–16:00"
1247,"Skikda","dimanche: 09:00–17:00"
1248,"Bir Mourad Raïs","dimanche: 09:00–17:00"
1249,"Skikda","dimanche: Ouvert 24h/24"
125,"Batna","dimanche: 08:00–12:3013:30–18:30"
1250,"Kouba","dimanche: 09:00–16:00"
1251,"Mohammadia","dimanche: 09:00–19:00"
1252,"Sétif","dimanche: 09:00–17:00"
1253,"Sidi MHamed","dimanche: 08:00–18:00"
1254,"El Khroub","dimanche: 08:00–15:00"
1255,"Constantine","dimanche: 09:00–20:00"
1256,"Sétif","dimanche: 09:00–18:00"
1257,"Constantine","dimanche: Ouvert 24h/24"
1258,"Annaba","dimanche: 08:00–18:00"
126,"Bouzareah","Non renseigné"
1260,"Aïn Benian","dimanche: 09:00–20:00"
1261,"El Mouradia","dimanche: 08:00–15:00 | lundi: 08:00–15:00 | mardi: 08:00–15:00 | mercredi: 08:00–15:00 | jeudi: 08:00–15:00 | vendredi: Fermé | samedi: 08:00–15:00"
1262,"Ouled Fayet","dimanche: 08:00–20:00"
1263,"Casbah","dimanche: 09:00–17:00"
1264,"Constantine","dimanche: 08:00–23:00"
1265,"Oran","dimanche: 09:00–17:00"
1266,"Annaba","dimanche: Ouvert 24h/24 | lundi: Ouvert 24h/24 | mardi: Ouvert 24h/24 | mercredi: Ouvert 24h/24 | jeudi: Ouvert 24h/24 | vendredi: Fermé | samedi: Ouvert 24h/24"
1267,"Constantine","dimanche: 07:00–20:00"
1268,"Ben Aknoun","dimanche: 08:00–17:00"
1269,"Bab El Oued","dimanche: 08:00–22:00"
127,"","dimanche: 09:00–17:00"
1270,"Constantine","dimanche: 08:30–17:00 | lundi: 08:30–17:00 | mardi: 08:30–17:00 | mercredi: 08:30–17:00 | jeudi: 08:30–17:00 | vendredi: Fermé | samedi: 08:30–17:00"
1271,"Guevara","dimanche: 08:00–00:00"
1272,"Djasr kasentina Djisr Ksentina","dimanche: Ouvert 24h/24"
1273,"شارع بشير بوقادوم، Skikda","dimanche: 09:00–17:00"
1274,"Constantine","Non renseigné"
1275,"Annaba","dimanche: 09:00–17:00"
1276,"Annaba","dimanche: 08:00–14:00"
1277,"Sétif","dimanche: 08:00–16:00"
1278,"Sétif","dimanche: 09:00–21:00"
1279,"15 Rue Bakhouche Abdallah، Merahna W souk ahras","Non renseigné"
128,"Oran","dimanche: Ouvert 24h/24"
1280,"Constantine","dimanche: 09:00–16:00"
1281,"Chlef","dimanche: 09:00–16:30"
1282,"Cite Said Hamdine Les lgts384 Bt02 N03","dimanche: 09:00–17:00 | lundi: 09:00–17:00 | mardi: 09:00–17:00 | mercredi: 09:00–17:00 | jeudi: 09:00–17:00 | vendredi: Fermé | samedi: 09:00–17:00"
1283,"Souk-Ahras","dimanche: 08:00–16:00"
1284,"750 logements bâtiment d48 rdc","dimanche: 08:30–12:0013:30–21:00"
1286,"Constantine","dimanche: 08:00–16:30"
1287,"Skikda","dimanche: 08:00–16:30"
1288,"Kouba","dimanche: 08:30–00:00"
1289,"Annaba","dimanche: 08:30–17:00"
129,"Tlemcen","Non renseigné"
1290,"Sétif","dimanche: 09:00–16:00"
1291,"Uv 20 promotion Dambri 700 logements","dimanche: 09:00–16:00"
1292,"Skikda","Non renseigné"
1293,"Hydra","dimanche: 09:00–20:00"
1294,"Setif","dimanche: 08:00–16:30"
1295,"Skikda","dimanche: 08:00–17:00"
1296,"Bir Mourad Raïs","dimanche: 09:00–17:00"
1297,"El Biar","dimanche: 08:00–16:00"
1298,"Bir Mourad Raïs","dimanche: 09:00–17:00"
1299,"Annaba","Non renseigné"
13,"Blida","dimanche: 08:30–18:00"
130,"Gdyel","dimanche: 08:00–18:00 | lundi: 08:00–18:00 | mardi: 08:00–18:00 | mercredi: 08:00–18:00 | jeudi: 08:00–18:00 | vendredi: Fermé | samedi: 08:00–18:00"
1300,"Constantine","dimanche: 09:00–15:00"
1301,"Sidi MHamed","dimanche: 09:00–18:00"
1302,"Ben Aknoun","dimanche: 09:00–17:00"
1303,"Alger Centre","dimanche: 09:00–20:00"
1304,"El Mouradia","dimanche: 09:00–18:00"
1305,"Mohammadia","dimanche: 09:00–17:30 | lundi: 09:00–22:00 | mardi: 09:00–22:00 | mercredi: 09:00–22:00 | jeudi: 09:00–17:30 | vendredi: Fermé | samedi: 09:00–22:00"
1306,"Constantine","dimanche: 08:00–16:00"
1307,"Annaba","Non renseigné"
1308,"Annaba","dimanche: 08:00–23:30"
131,"Blida","Non renseigné"
1311,"Constantine","dimanche: 08:00–16:00"
1312,"Setif","dimanche: 08:00–16:00"
1313,"Sétif","Non renseigné"
1314,"Ben Aknoun","dimanche: 09:00–18:00"
1315,"Sidi MHamed","dimanche: 08:00–23:00"
1316,"El Khroub","dimanche: 09:00–18:00"
1317,"Sétif","dimanche: 10:00–22:00"
1318,"El Khroub","dimanche: 08:00–17:00"
1319,"Cité mentouri bâtiment A1 n31 smk Constantine DZ،","dimanche: 07:30–16:00"
132,"ROUTE DE SIDI ACHOUR ANNABA DZ،","dimanche: 09:00–17:00"
1320,"Cité du 20 Août  - حي 20 أوت ، Skikda","dimanche: 08:30–12:0013:30–16:30"
1322,"Constantine","dimanche: 08:00–18:00"
1323,"Maghnia","dimanche: 09:00–17:00"
1324,"Birkhadem","dimanche: 09:00–18:00"
1325,"Constantine","Non renseigné"
1326,"Annaba","Non renseigné"
1327,"Bir Mourad Raïs","Non renseigné"
1328,"Constantine","dimanche: 09:00–17:00"
1329,"Constantine","dimanche: 08:30–16:00"
133,"Gué de Constantine","dimanche: 09:00–17:00 | lundi: 09:00–17:00 | mardi: 09:00–17:00 | mercredi: 09:00–17:00 | jeudi: 09:00–17:00 | vendredi: Fermé | samedi: 09:00–17:00"
1330,"El Biar","dimanche: 09:00–00:00"
1331,"Sidi MHamed","Non renseigné"
1332,"Annaba","dimanche: 09:00–16:00"
1333,"Skikda","dimanche: Ouvert 24h/24"
1334,"Cite anasser 2 (sorecal) bt b 13، Alger","dimanche: 13:30–17:00"
1335,"Sidi MHamed","dimanche: 08:30–16:00"
1336,"Mohammadia","Non renseigné"
1337,"Es Sebt","dimanche: 11:00–17:00"
1338,"Dély Ibrahim","dimanche: 09:00–19:00"
134,"Bir El Djir","Non renseigné"
1340,"El Biar","dimanche: 08:00–17:00"
1341,"Sétif","dimanche: 09:30–16:00"
1342,"Annaba","dimanche: 08:30–16:00"
1344,"Setif","dimanche: 08:30–15:00"
1345,"ALGER","dimanche: 09:00–17:00"
1346,"Alger Centre","dimanche: 10:00–19:00 | lundi: 10:00–19:00 | mardi: 10:00–19:00 | mercredi: 10:00–19:00 | jeudi: 10:00–19:00 | vendredi: 10:00–19:00 | samedi: 10:00–19:00"
1347,"Bir Mourad Raïs","dimanche: 09:00–18:00"
1348,"El Biar","dimanche: 09:00–17:00"
1349,"El Khroub","dimanche: 08:00–17:00"
1351,"Sétif","dimanche: 09:00–17:00"
1352,"","Non renseigné"
1353,"Constantine","dimanche: 08:30–17:00"
1354,"Constantine","dimanche: 08:30–16:00"
1356,"El Harrach","dimanche: 08:30–17:00"
1357,"Annaba","dimanche: 08:00–17:00"
1359,"Setif","dimanche: 09:00–17:00"
136,"Batna","dimanche: 08:00–16:00"
1360,"Hydra","dimanche: 08:30–23:00"
1361,"Constantine","dimanche: 09:00–16:30"
1362,"Constantine","Non renseigné"
1363,"Sétif","dimanche: 08:30–21:00 | lundi: 08:30–21:00 | mardi: 08:30–21:00 | mercredi: 08:30–21:00 | jeudi: 08:30–21:00 | vendredi: 15:00–21:00 | samedi: 08:30–21:00"
1364,"Constantine","Non renseigné"
1366,"Skikda","Non renseigné"
1367,"Bachdjerah","dimanche: 09:00–20:00"
1368,"Setif","dimanche: 08:30–12:3013:30–17:00"
1369,"Hydra","Non renseigné"
137,"Bir El Djir","dimanche: 09:00–18:00"
1370,"Sétif","Non renseigné"
1371,"Sétif","dimanche: 08:00–22:30"
1372,"Azzaba","dimanche: 08:00–03:00"
1373,"Alger Centre","Non renseigné"
1374,"El Khroub","dimanche: 08:00–18:00"
1375,"Bir Mourad Raïs","dimanche: Ouvert 24h/24"
1376,"Sétif","Non renseigné"
1377,"Constantine","dimanche: 08:00–12:0013:00–17:00"
1378,"Route Merj Edib، Skikda","dimanche: 09:00–17:00"
1379,"P I 57 LOG BT A N 06 B HAMADI AHMED SET","dimanche: 08:00–17:00"
138,"Tlemcen","dimanche: 09:00–21:00 | lundi: 09:00–21:00 | mardi: 09:00–21:00 | mercredi: 09:00–21:00 | jeudi: 09:00–21:00 | vendredi: Fermé | samedi: 09:00–21:00"
1380,"Setif","dimanche: 08:00–17:00"
1381,"Birkhadem","dimanche: 09:00–18:00"
1382,"Cité Bachdjerah 1 bat","dimanche: 08:30–21:30 | lundi: 08:30–21:30 | mardi: 08:30–21:30 | mercredi: 08:30–21:30 | jeudi: 08:30–21:30 | vendredi: 09:00–20:30 | samedi: 08:30–21:30"
1383,"El Bouni","dimanche: 09:00–16:00 | lundi: 09:00–16:00 | mardi: 09:00–16:00 | mercredi: 09:00–16:00 | jeudi: 09:00–16:00 | vendredi: Fermé | samedi: 09:00–16:00"
1384,"Sétif","dimanche: 08:00–17:00"
1385,"Cité Sorecal،","dimanche: 08:00–16:00"
1387,"Sidi Mabrouk، Constantine","Non renseigné"
1388,"Constantine","dimanche: Ouvert 24h/24"
1389,"Oran","dimanche: 09:00–18:00"
139,"Béjaïa","dimanche: 09:00–15:00 | lundi: 09:00–15:00 | mardi: 09:00–15:00 | mercredi: 09:00–15:00 | jeudi: 09:00–15:00 | vendredi: Fermé | samedi: 09:00–15:00"
1390,"Constantine","dimanche: 08:00–16:00"
1392,"N81 Rn16 près du rond-point 400","dimanche: 09:00–16:00"
1393,"Annaba","dimanche: 09:00–17:00"
1394,"Hussein Dey","dimanche: 09:00–15:00 | lundi: 09:00–15:00 | mardi: 09:00–15:00 | mercredi: 09:00–15:00 | jeudi: Fermé | vendredi: Fermé | samedi: 09:00–15:00"
1395,"Constantine","dimanche: 08:00–17:00"
1396,"Skikda","dimanche: 08:30–15:00"
1397,"Sétif","dimanche: 09:00–16:00 | lundi: 09:00–16:00 | mardi: 09:00–16:00 | mercredi: 09:00–16:00 | jeudi: 09:00–12:00 | vendredi: Fermé | samedi: 09:00–16:00"
1398,"Sétif","dimanche: 08:30–18:00"
1399,"Constantine","dimanche: 06:00–17:00"
140,"ex Fromoncost","dimanche: 09:00–16:00"
1400,"Sétif","dimanche: 09:00–17:00"
1401,"Hydra","dimanche: 08:30–21:00"
1402,"Annaba","dimanche: 09:00–17:00"
1404,"Constantine","dimanche: 08:30–17:00"
1406,"Constantine","Non renseigné"
1407,"El Khroub","dimanche: 08:00–16:00"
1408,"Constantine","dimanche: 09:30–18:30"
1409,"Sétif","dimanche: 07:30–18:30"
1410,"Cite 480 logements oued forcha","dimanche: 09:00–17:00"
1411,"Constantine","dimanche: 10:00–22:00 | lundi: 10:00–22:00 | mardi: 10:00–22:00 | mercredi: 10:00–22:00 | jeudi: 10:00–22:00 | vendredi: Fermé | samedi: 10:00–22:00"
1412,"Oran","dimanche: 08:30–20:00"
1413,"El Khroub","dimanche: 09:00–22:30"
1414,"Annaba","dimanche: 09:00–17:00"
1415,"Kouba","dimanche: 09:00–23:30"
1416,"cité oued forsha batiment 33 n°644","dimanche: 09:00–17:00"
1417,"Annaba","dimanche: 08:00–17:00"
1418,"Collo","dimanche: 08:30–17:00"
1419,"Birkhadem","Non renseigné"
142,"44 avenue sidi chahmi Ibn Sina (Savignon","dimanche: 08:00–00:00"
1420,"Skikda","dimanche: 09:00–19:00"
1421,"Annaba","dimanche: 09:00–19:00"
1423,"Sidi MHamed","dimanche: 08:00–18:00"
1424,"Skikda","dimanche: 09:00–17:00"
1425,"Sétif","dimanche: 08:00–22:00"
1426,"Annaba","Non renseigné"
1427,"Réghaïa","dimanche: 09:00–17:00"
1428,"Alger Centre","dimanche: 08:00–18:00"
1429,"Kouba","dimanche: 08:30–20:00"
143,"Oran","dimanche: 08:00–00:00"
1431,"Sétif","dimanche: 09:00–17:00"
1432,"Sidi Amar","dimanche: 08:00–16:00"
1433,"Hydra","dimanche: 08:00–19:00 | lundi: 08:00–19:00 | mardi: 08:00–19:00 | mercredi: 08:00–19:00 | jeudi: 08:00–17:00 | vendredi: 09:00–18:00 | samedi: 08:00–19:00"
1434,"Sétif","dimanche: 08:00–17:00"
1436,"Guelma","dimanche: 08:30–16:00"
1437,"Annaba","dimanche: 09:00–17:00"
1438,"Ain birr","dimanche: 19:00–23:00"
1439,"Annaba","dimanche: 09:00–12:0013:00–17:00"
144,"Annaba","Non renseigné"
1440,"Annaba","dimanche: 08:30–17:00"
1441,"Constantine","dimanche: 08:30–20:00"
1443,"Constantine","dimanche: 08:30–14:30"
1444,"Sétif","dimanche: 08:30–16:00"
1445,"Annaba","Non renseigné"
1447,"Messaoud Boudjriou","dimanche: 08:00–16:00"
1448,"Setif","dimanche: Ouvert 24h/24"
1450,"Camps 2 Villa 3 Kouba","dimanche: 08:30–17:00"
1451,"Annaba","dimanche: 09:00–22:00"
1452,"Alger Alger","dimanche: 09:30–17:30"
1453,"El Khroub","dimanche: 08:00–16:30"
1454,"El Khroub","dimanche: 08:00–17:00"
1455,"Annaba","dimanche: 09:00–18:00"
1456,"Sétif","dimanche: 08:30–01:00"
1457,"Sidi Bel Abbès","Non renseigné"
1458,"Tiaret","dimanche: 08:00–17:00"
1459,"Bir Mourad Raïs","dimanche: 09:00–17:00"
146,"Oran","dimanche: 09:00–17:00"
1460,"Sétif","dimanche: 08:00–16:00"
1461,"Bir Mourad Raïs","dimanche: 08:00–16:00"
1462,"Constantine","dimanche: 09:00–16:00"
1463,"Sidi MHamed","dimanche: 08:00–12:0013:30–17:00"
1464,"Skikda","dimanche: 09:00–15:00"
1465,"Skikda","dimanche: 08:00–17:00"
1466,"Skikda","Non renseigné"
1467,"Wilaya de Skikda،","dimanche: 07:30–17:00"
1468,"Skikda","dimanche: 09:00–16:30"
1469,"Annaba","dimanche: 09:00–18:00"
147,"Hydra","Non renseigné"
1470,"Annaba","Non renseigné"
1471,"Annaba","dimanche: 08:00–17:00"
1472,"Annaba","dimanche: 09:00–15:30"
1473,"Annaba","Non renseigné"
1474,"Annaba","dimanche: 09:00–18:00"
1475,"Annaba","dimanche: 08:00–23:00"
1476,"Annaba","dimanche: 08:00–16:00"
1477,"Av. du 1er novembre","dimanche: Ouvert 24h/24"
1478,"07 rue sissaoui salah، Merahna Souk ahras","dimanche: 08:00–17:00"
1479,"Souk-Ahras","Non renseigné"
148,"Béjaïa","dimanche: 08:30–16:00"
1480,"Guelma","dimanche: 09:00–18:00"
1481,"Guelma","dimanche: 08:00–17:00"
1482,"Sétif","Non renseigné"
1483,"Sétif","dimanche: 08:00–22:00"
1484,"Cité 20 Août  Bt A 17 N° 435","dimanche: 08:00–12:0013:30–16:00"
1485,"Sétif","dimanche: 08:00–17:00"
1486,"Sétif","dimanche: 08:00–17:00"
1487,"Cheminot","dimanche: 09:00–18:00 | lundi: 09:00–18:00 | mardi: 09:00–18:00 | mercredi: 09:00–18:00 | jeudi: 09:00–18:00 | vendredi: 09:00–18:00 | samedi: 09:00–18:00"
1488,"Setif","dimanche: 09:00–00:00"
1490,"Setif","dimanche: 08:00–11:3013:00–15:30"
1491,"numero : 117","dimanche: 09:00–17:00"
1492,"Sétif","Non renseigné"
1493,"Sétif","dimanche: 08:30–17:00"
1494,"Constantine","dimanche: 08:00–18:00"
1495,"El kasbah","dimanche: 08:30–17:00"
1496,"Constantine","dimanche: 09:00–15:00"
1497,"El Khroub","dimanche: 08:00–16:30"
1498,"Cité Daksi Bt2 N°878 - SMK","dimanche: 08:00–15:00"
1499,"Constantine","Non renseigné"
15,"Annaba","Non renseigné"
150,"Oued Tlélat","dimanche: Ouvert 24h/24"
1500,"Cité des 72 Ain El-Bey première tranche n° 33-Zouaghi Slimane","dimanche: 08:30–17:00"
1501,"cité Abdeslem Daksi Bt: A","dimanche: 08:30–16:00"
1502,"Constantine","dimanche: 07:30–17:00"
1503,"Didouche Mourad","dimanche: 08:00–17:00 | lundi: 08:00–17:00 | mardi: 08:00–17:00 | mercredi: 08:00–17:00 | jeudi: 08:00–17:00 | vendredi: Fermé | samedi: 08:00–17:00"
1504,"Constantine","dimanche: 08:00–16:00"
1505,"Constantine","dimanche: 07:00–16:00"
1506,"Constantine","dimanche: 09:00–18:00 | lundi: 09:00–18:00 | mardi: 09:00–18:00 | mercredi: 09:00–18:00 | jeudi: 09:00–18:00 | vendredi: Fermé | samedi: 09:00–18:00"
1507,"Constantine","dimanche: 08:30–15:00"
1508,"Kouba","dimanche: 08:00–22:00"
1509,"Alger Centre","dimanche: 08:30–17:00"
151,"Mostaganem","dimanche: 08:00–16:00"
1510,"El Biar","dimanche: 09:00–18:30"
1511,"Bir Mourad Raïs","dimanche: 08:00–18:30"
1512,"El Biar","dimanche: 10:00–18:00"
1513,"Hydra","dimanche: 09:00–14:00"
1514,"Alger Centre","Non renseigné"
1515,"Baba Hassen","dimanche: 08:30–16:00"
1516,"El Khroub","Non renseigné"
1517,"Didouche Mourad","dimanche: 08:30–15:30"
1518,"Bir El Djir","dimanche: 09:00–16:00"
1519,"Les Eucalyptus","dimanche: 08:00–18:00"
1520,"El Khroub","dimanche: 08:00–16:00"
1521,"Bouzareah","dimanche: 08:00–17:00"
1522,"Bab Ezzouar","dimanche: 07:00–17:00"
1523,"rond point NAKHLA MARAVAL 16 rue Bousahla","dimanche: 08:00–17:00"
1524,"Oran","dimanche: 08:00–16:00"
1525,"Oran","dimanche: 08:00–16:30"
1526,"Bir El Djir","dimanche: 08:00–17:00"
1527,"El Khroub","dimanche: 08:30–18:00"
1528,"Chéraga","dimanche: 08:00–17:00 | lundi: 08:00–17:00 | mardi: 08:00–17:00 | mercredi: 08:00–17:00 | jeudi: 08:00–17:00 | vendredi: Fermé | samedi: 08:00–14:00"
1529,"Oran","Non renseigné"
153,"Oran","dimanche: 08:00–17:00 | lundi: 08:00–17:00 | mardi: 08:00–17:00 | mercredi: 08:00–17:00 | jeudi: 08:00–17:00 | vendredi: Fermé | samedi: 08:00–17:00"
1530,"Constantine","dimanche: Fermé"
1531,"Constantine","dimanche: 08:00–17:00"
1533,"El Harrach","dimanche: 08:30–14:00"
1534,"Oran","dimanche: 08:30–16:30"
1535,"Chéraga","dimanche: 08:00–17:00"
1536,"Aïn El Turk","dimanche: 08:00–16:00"
1537,"Oran","dimanche: 09:00–16:30"
1538,"Sidi MHamed","dimanche: 09:00–13:0014:00–16:00"
1539,"El Khroub","dimanche: 08:00–16:00"
1540,"Bir El Djir","dimanche: 09:00–16:30"
1541,"El Madania","dimanche: 09:00–16:00"
1542,"Gué de Constantine","Non renseigné"
1543,"Oran","dimanche: 08:30–16:30"
1544,"Oran","dimanche: 08:00–16:00"
1545,"Bouzareah","dimanche: 08:00–17:00"
1546,"Batna","dimanche: 07:30–17:00"
1547,"Oran","dimanche: 08:00–16:00 | lundi: 08:00–12:00 | mardi: 09:00–17:00 | mercredi: 09:00–17:00 | jeudi: 09:00–17:00 | vendredi: Fermé | samedi: 09:00–12:00"
1548,"Oran","Non renseigné"
1549,"Bir El Djir","dimanche: 08:30–16:30"
155,"Oran","dimanche: Ouvert 24h/24"
1550,"Annaba","dimanche: 08:00–15:30"
1551,"Sétif","dimanche: 08:00–16:00 | lundi: 08:00–16:00 | mardi: 08:00–16:00 | mercredi: 08:00–16:00 | jeudi: 08:00–16:00 | vendredi: Fermé | samedi: 08:00–16:00"
1553,"Es Sénia","dimanche: 08:30–16:30"
1554,"El Madania","dimanche: 09:00–17:00"
1555,"Annaba","dimanche: 07:00–17:00"
1556,"Annaba","dimanche: 08:30–16:00"
1557,"Birkhadem","dimanche: 08:30–16:00"
1558,"seinteugen","Non renseigné"
1559,"Bir El Djir","dimanche: 08:00–17:00"
156,"Bir El Djir","dimanche: 09:00–17:00"
1560,"Setif","dimanche: 08:30–14:00"
1561,"Bab El Oued","Non renseigné"
1562,"Mohammadia","dimanche: Fermé"
1563,"Arzew","dimanche: 08:00–15:00"
1564,"Cité 600 logements Bloc D 11","dimanche: 07:00–16:00"
1565,"Oran","dimanche: 08:00–15:00 | lundi: 08:00–15:00 | mardi: 08:00–12:00 | mercredi: 08:00–12:00 | jeudi: 08:00–14:00 | vendredi: Fermé | samedi: 08:00–14:00"
1566,"Bouzareah","dimanche: 08:00–17:00"
1567,"Draria","dimanche: 08:00–17:00"
1568,"Bir El Djir","dimanche: Ouvert 24h/24"
1569,"Annaba","dimanche: Ouvert 24h/24"
157,"Mostaganem","Non renseigné"
1570,"Oran","dimanche: 08:00–17:00"
1571,"El Tarf","dimanche: 08:00–16:00"
1572,"الاذاعة","dimanche: 08:30–17:00 | lundi: 08:30–17:00 | mardi: 08:30–17:00 | mercredi: 08:30–17:00 | jeudi: 08:30–17:00 | vendredi: Fermé | samedi: 08:30–17:00"
1573,"Annaba","dimanche: 08:00–16:00"
1575,"Alger Centre","dimanche: 09:00–16:00"
1576,"Oran","Non renseigné"
1577,"Ouled Fayet","dimanche: 08:30–16:00"
1578,"Annaba","dimanche: 08:00–20:00"
1579,"KECHKAR","dimanche: 08:00–15:00"
158,"El Khroub","dimanche: 09:00–16:00"
1580,"Oran","dimanche: 08:00–16:00"
1581,"Oran","dimanche: 08:00–16:00"
1582,"Constantine","dimanche: 08:00–16:00 | lundi: 08:00–16:00 | mardi: 08:00–16:00 | mercredi: 08:00–16:00 | jeudi: 08:00–16:00 | vendredi: Fermé | samedi: 08:00–16:00"
1583,"Oran","dimanche: 08:30–16:00"
1584,"Oran","dimanche: 08:00–17:00"
1585,"Misserghin","dimanche: 09:00–16:00 | lundi: 09:00–16:00 | mardi: 09:00–16:00 | mercredi: 09:00–16:00 | jeudi: 09:00–13:00 | vendredi: Fermé | samedi: 09:00–16:00"
1586,"Oran","dimanche: 08:30–16:30 | lundi: 08:30–16:30 | mardi: 08:30–16:30 | mercredi: 08:30–16:30 | jeudi: 08:30–16:30 | vendredi: Fermé | samedi: 09:00–16:00"
1587,"Annaba","Non renseigné"
1588,"Cité 600logts résidence les platanes Bâtiment A1 N° 01","dimanche: 08:00–17:00"
1589,"Setif","dimanche: 08:00–20:00"
159,"Annaba","Non renseigné"
1590,"Bir El Djir","dimanche: 08:30–17:00"
1591,"Hamma Bouziane","dimanche: 08:00–16:00"
1592,"1ère étage","dimanche: 08:00–16:00"
1593,"Batna","dimanche: 08:00–16:00"
1594,"El Khroub","dimanche: Ouvert 24h/24"
1595,"Annaba","Non renseigné"
1597,"Bir El Djir","dimanche: 08:00–17:00"
1598,"Oran","dimanche: 08:00–17:00"
16,"Le Khroub","dimanche: 09:00–12:00"
1601,"cité 160 logements (pyramides) bloc 01","dimanche: 08:30–16:30"
1602,"Annaba","dimanche: Ouvert 24h/24"
1603,"Bab El Oued","dimanche: 08:00–16:00"
1604,"El Hammamet","dimanche: 08:30–15:00"
1605,"Constantine","dimanche: 08:00–16:00"
1606,"El Biar","dimanche: 09:00–16:00"
1607,"","Non renseigné"
1608,"Bouzareah","Non renseigné"
1609,"et de lautoroute","dimanche: 09:00–16:00"
161,"Oran","Non renseigné"
1610,"Sétif","dimanche: 08:00–17:00"
1611,"Aïn Benian","dimanche: 08:00–17:00"
1612,"Oued Tlélat","dimanche: 08:30–16:00"
1613,"Batna","dimanche: 07:30–16:30"
1614,"Sétif","dimanche: 07:30–16:30"
1615,"El Bouni","Non renseigné"
1616,"Sétif","Non renseigné"
1617,"Annaba","Non renseigné"
1619,"Batna","dimanche: 08:00–14:00 | lundi: 08:00–14:00 | mardi: 08:00–14:00 | mercredi: 08:00–14:00 | jeudi: 08:00–14:00 | vendredi: Fermé | samedi: 08:00–14:00"
162,"Annaba","dimanche: 08:00–15:00"
1620,"Angle; RUE ASSELAH HOCINE & RUE KHALIFA BEN ABDESELEM - Cité PROTIN","dimanche: 08:00–15:00"
1621,"","dimanche: 08:00–17:00 | lundi: 08:00–17:00 | mardi: 08:00–17:00 | mercredi: 08:00–17:00 | jeudi: 08:00–17:00 | vendredi: Fermé | samedi: Fermé"
1623,"Batna","dimanche: 07:30–16:30"
1624,"Sétif","dimanche: 06:30–14:00 | lundi: 06:30–14:00 | mardi: 06:30–14:00 | mercredi: 06:30–14:00 | jeudi: 06:30–14:00 | vendredi: Fermé | samedi: 06:30–14:00"
1625,"+213659759490","Non renseigné"
1626,"Bir El Djir","dimanche: 08:00–21:00 | lundi: 08:00–21:00 | mardi: 08:00–21:00 | mercredi: 08:00–21:00 | jeudi: 08:00–12:00 | vendredi: Fermé | samedi: 08:00–16:00"
1627,"Bir El Djir","Non renseigné"
1628,"Baraki","dimanche: 08:00–16:00 | lundi: 08:00–16:00 | mardi: 08:00–16:00 | mercredi: 08:00–16:00 | jeudi: 08:00–13:00 | vendredi: Fermé | samedi: 08:00–16:00"
1629,"Batna","dimanche: 08:00–16:00"
163,"Skikda","Non renseigné"
1630,"Annaba","dimanche: 08:00–17:30"
1632,"villa Afrah En face de la salle des fêtes Afrah El Jazayer Grande terre،","dimanche: 08:00–15:00"
1634,"Cité  logements lot C1 bâtiment 11","dimanche: 08:00–15:00"
1635,"Setif","dimanche: 08:00–17:00 | lundi: 08:00–17:00 | mardi: 08:00–17:00 | mercredi: 08:00–17:00 | jeudi: 08:00–12:30 | vendredi: Fermé | samedi: 08:00–17:00"
1636,"Bab El Oued","Non renseigné"
1637,"Sétif","Non renseigné"
1638,"Oran","dimanche: Ouvert 24h/24"
1639,"Birkhadem","Non renseigné"
164,"Ouargla","Non renseigné"
1640,"Oran","dimanche: 08:30–17:00"
1641,"El Eulma","dimanche: 07:30–16:00"
1642,"Oran","dimanche: 08:00–17:00"
1643,"Annaba","dimanche: 08:00–16:00 | lundi: 08:00–16:00 | mardi: 08:00–16:00 | mercredi: 08:00–16:00 | jeudi: Fermé | vendredi: Fermé | samedi: 08:00–16:00"
1644,"Oran","Non renseigné"
1645,"El Khroub","dimanche: 08:00–16:00"
1646,"Birkhadem","dimanche: 08:00–17:00"
1647,"Oran","dimanche: Ouvert 24h/24"
1648,"Ben Aknoun","dimanche: 08:30–17:00"
1649,"El Harrach","dimanche: Ouvert 24h/24"
1650,"Cité des 337/296 logts Bt 10 N°04","dimanche: 08:00–16:00"
1651,"Annaba","dimanche: 08:30–15:00"
1653,"El Bouni","dimanche: 08:00–16:00"
1654,"Bab Ezzouar","dimanche: 08:00–17:00"
1655,"Sétif","dimanche: 08:00–16:00"
1656,"Oran","dimanche: 08:00–18:00"
1657,"Oran","dimanche: 08:30–17:00"
1658,"","dimanche: 08:30–16:00"
1659,"El Hadjar","dimanche: 08:00–16:00"
166,"Jijel","dimanche: 08:30–17:00"
1661,"Alger Centre","dimanche: 10:00–16:00"
1662,"El Achour","dimanche: 08:30–16:30"
1663,"Bab Ezzouar","dimanche: Fermé"
1664,"Ben Aknoun","dimanche: 09:00–17:00"
1665,"El Eulma","dimanche: 08:00–16:00"
1668,"Unnamed Road","dimanche: 08:30–15:00 | lundi: 08:30–15:00 | mardi: 08:30–15:00 | mercredi: 08:30–15:00 | jeudi: 08:30–15:00 | vendredi: Fermé | samedi: Fermé"
1669,"Bir El Djir","dimanche: 08:00–17:00"
167,"Blida","dimanche: 08:30–15:00"
1670,"Bt 06","dimanche: 08:30–15:00 | lundi: 08:30–15:00 | mardi: 08:30–15:00 | mercredi: Fermé | jeudi: 08:30–15:00 | vendredi: Fermé | samedi: 08:30–16:00"
1671,"Bouzareah","Non renseigné"
1672,"Oran","Non renseigné"
1673,"Sidi MHamed DZ،","dimanche: 07:30–17:00"
1674,"Sétif","dimanche: 08:00–17:30"
1675,"Bir El Djir","Non renseigné"
1676,"Aïn El Turk","dimanche: 08:00–17:00"
1677,"Annaba","dimanche: 08:00–15:00 | lundi: 08:00–15:00 | mardi: 08:00–15:00 | mercredi: 08:00–15:00 | jeudi: 08:00–13:00 | vendredi: Fermé | samedi: Fermé"
1679,"Birkhadem","dimanche: 08:30–17:00"
168,"Oran","dimanche: 09:00–17:00"
1680,"Mohammadia","dimanche: 08:00–17:00"
1681,"Draria","dimanche: 09:00–16:30 | lundi: 09:00–16:30 | mardi: 09:00–16:30 | mercredi: 09:00–16:30 | jeudi: 09:00–16:30 | vendredi: Fermé | samedi: 09:00–16:30"
1682,"Oran","Non renseigné"
1683,"Mohammadia","dimanche: 09:00–16:30"
1684,"Oran","Non renseigné"
1685,"El Biar","dimanche: 09:00–17:00 | lundi: 09:00–17:00 | mardi: 09:00–17:00 | mercredi: 09:00–17:00 | jeudi: 09:00–17:00 | vendredi: Fermé | samedi: 09:00–17:00"
1686,"Aïn Benian","dimanche: 08:00–17:00"
1687,"BtA8ChaaredibUV20extension","Non renseigné"
1688,"Sétif","dimanche: 08:00–14:00"
1689,"El Achour","dimanche: 09:00–16:00 | lundi: 09:00–16:00 | mardi: Fermé | mercredi: 09:00–16:00 | jeudi: 09:00–16:00 | vendredi: Fermé | samedi: 09:00–16:00"
169,"Bir El Djir","dimanche: Ouvert 24h/24"
1690,"Bir El Djir","dimanche: Ouvert 24h/24"
1691,"El Bouni","dimanche: 08:00–16:00"
1694,"Bab El Oued","dimanche: 07:00–16:00"
1695,"Bir El Djir","dimanche: 08:00–16:30"
1697,"Oran","Non renseigné"
1698,"boudjemaa Temime","dimanche: 08:00–17:00"
1699,"Hassiba Benbouali،","dimanche: 08:30–13:30"
17,"Mostaganem","Non renseigné"
170,"Ouargla","dimanche: 08:00–21:00"
1700,"66 Place du 1er Mai","dimanche: 08:00–17:00"
1701,"Hussein Dey","dimanche: 09:00–16:00"
1702,"Annaba","dimanche: 08:30–19:00 | lundi: 08:30–19:00 | mardi: 08:30–19:00 | mercredi: 08:30–19:00 | jeudi: 08:30–19:00 | vendredi: Fermé | samedi: 08:30–19:00"
1703,"Annaba","dimanche: 10:30–19:00 | lundi: 10:30–19:00 | mardi: 10:30–19:00 | mercredi: 10:30–19:00 | jeudi: 10:30–19:00 | vendredi: Fermé | samedi: 10:30–19:00"
1704,"Hussein Dey","dimanche: 07:45–16:00"
1707,"Es Sénia","dimanche: 09:00–16:00"
1708,"Bir El Djir","dimanche: 09:00–16:30"
1709,"Oran","dimanche: 09:00–17:00"
171,"Jijel","dimanche: 09:00–17:00"
1710,"Boulevard du 8 Mars En face de la poste","dimanche: 08:30–16:00 | lundi: 08:30–16:00 | mardi: 08:30–16:00 | mercredi: 08:30–16:00 | jeudi: 08:30–16:00 | vendredi: Fermé | samedi: 08:30–15:00"
1711,"Bir El Djir","dimanche: 08:00–16:00 | lundi: 08:00–16:00 | mardi: 08:00–16:00 | mercredi: 08:00–16:00 | jeudi: 08:00–12:00 | vendredi: Fermé | samedi: 08:00–16:00"
1712,"Oran","dimanche: 07:00–16:00"
1713,"Chéraga","dimanche: 08:30–16:00 | lundi: 08:30–16:00 | mardi: 08:30–16:00 | mercredi: 08:30–16:00 | jeudi: 08:30–16:00 | vendredi: Fermé | samedi: 08:30–16:00"
1714,"Ain El Turk","dimanche: 08:00–17:30 | lundi: 08:00–17:30 | mardi: 08:00–17:30 | mercredi: 08:00–19:00 | jeudi: 07:30–13:30 | vendredi: Fermé | samedi: Fermé"
1715,"Constantine","Non renseigné"
1716,"","dimanche: 08:00–16:00"
1717,"Bab El Oued kittani","dimanche: 08:45–15:00"
1718,"Bouzareah","dimanche: 08:00–17:00 | lundi: 08:00–17:00 | mardi: Ouvert 24h/24 | mercredi: 08:00–17:00 | jeudi: 08:00–17:00 | vendredi: Fermé | samedi: 08:00–17:00"
1719,"Bir El Djir","dimanche: 08:30–16:30"
1720,"Oran","Non renseigné"
1721,"Bouzareah","dimanche: 08:30–17:00"
1723,"Zouaghi","dimanche: 08:30–16:30"
1724,"Gué de Constantine","dimanche: 08:30–12:0013:00–17:00"
1725,"Sétif","dimanche: 08:00–16:00"
1726,"Oran","Non renseigné"
1727,"Bachdjerah","Non renseigné"
1728,"Annaba","Non renseigné"
173,"Bir El Djir","dimanche: 08:30–16:30"
1730,"El Khroub","dimanche: 09:00–13:0015:00–16:30"
1731,"Annaba","dimanche: 08:00–17:00 | lundi: 08:00–17:00 | mardi: 08:00–17:00 | mercredi: 08:00–17:00 | jeudi: 08:00–17:00 | vendredi: Fermé | samedi: 08:00–17:00"
1732,"Kouba","dimanche: 09:00–17:00"
1733,"Annaba","dimanche: 08:00–16:00"
1734,"Bir El Djir","dimanche: 06:00–22:00"
1735,"Bir El Djir","Non renseigné"
1736,"Bab Ezzouar","dimanche: 08:30–16:00 | lundi: 08:30–16:00 | mardi: 08:30–16:00 | mercredi: 08:30–16:00 | jeudi: 08:30–15:00 | vendredi: Fermé | samedi: 08:30–15:00"
1738,"Annaba","Non renseigné"
174,"Mostaganem","Non renseigné"
1740,"Oran","dimanche: 08:00–17:00"
1742,"Annaba","dimanche: 07:00–17:00"
1746,"Mohammadia","dimanche: 08:00–15:30"
1747,"CITE BACHDJERRAH 1 BT 20 ENTREE 4 NUMERO 2","dimanche: 08:00–16:00"
1748,"Tazoult","Non renseigné"
1749,"Gué de Constantine","dimanche: 09:00–14:00 | lundi: 09:00–14:00 | mardi: Fermé | mercredi: 09:00–14:00 | jeudi: 09:00–14:00 | vendredi: Fermé | samedi: 09:00–14:00"
175,"El Oued","dimanche: 08:00–13:0017:30–19:30"
1750,"Alger Centre","dimanche: 08:00–14:00"
1751,"Birkhadem","dimanche: 08:30–12:3013:30–17:00"
1752,"El Harrach","dimanche: 08:00–17:00"
1753,"Mostaganem","dimanche: 08:00–16:30"
1754,"Oran","dimanche: 08:00–17:00"
1755,"Kouba","dimanche: 07:30–17:00"
1756,"Hydra","Non renseigné"
1757,"Setif","Non renseigné"
1758,"Aïn Arnat","dimanche: 09:00–17:00"
1759,"Uv 15 projet 800/460 bâtiment 7 N 4 Nouvelle Ville","dimanche: 08:00–16:00"
176,"Batna","dimanche: 08:00–20:00"
1760,"El Khroub","dimanche: 08:30–13:30"
1761,"Oran","Non renseigné"
1762,"Dely Ibrahim","dimanche: 09:00–15:00"
1763,"Hydra","Non renseigné"
1764,"Constantine","dimanche: 07:30–15:30"
1765,"cité 170 logements","dimanche: 08:30–20:00 | lundi: 08:30–20:00 | mardi: 08:30–20:00 | mercredi: 08:30–20:00 | jeudi: 08:30–20:00 | vendredi: Fermé | samedi: 08:30–20:00"
1766,"Cité Zahana Bloc A porte 501 les Mandarins","dimanche: 08:30–20:00"
1767,"Sidi Chami","dimanche: 08:30–16:30 | lundi: 08:30–16:30 | mardi: 08:30–16:30 | mercredi: 08:30–16:30 | jeudi: 08:30–14:00 | vendredi: Fermé | samedi: 08:30–16:30"
1768,"Essabah","dimanche: 08:00–16:00"
1769,"Sétif","Non renseigné"
177,"Mostaganem","dimanche: 08:30–17:00"
1770,"NOUVELLE VILLE ALI MENDJELI UV 7","Non renseigné"
1771,"El Khroub","dimanche: 08:00–16:00"
1772,"Constantine","dimanche: 08:00–04:00"
1773,"Annaba","dimanche: 08:30–12:3014:00–18:00"
1774,"Oran","Non renseigné"
1776,"Oran","dimanche: 08:30–16:00"
1777,"Oran","dimanche: 09:00–17:00 | lundi: 09:00–17:00 | mardi: 09:00–17:00 | mercredi: 09:00–17:00 | jeudi: 09:00–17:00 | vendredi: Fermé | samedi: 09:00–17:00"
1778,"Constantine","dimanche: 08:00–16:00"
1779,"Sidi MHamed","Non renseigné"
178,"El Kseur","Non renseigné"
1780,"Annaba","dimanche: 08:00–16:00"
1781,"Bir El Djir","Non renseigné"
1782,"El Khroub","dimanche: 08:00–13:00"
1784,"Bir Mourad Raïs","dimanche: Fermé | lundi: Fermé | mardi: 08:00–16:00 | mercredi: 08:00–16:00 | jeudi: 08:00–16:00 | vendredi: Fermé | samedi: 08:00–16:00"
1785,"Chéraga","Non renseigné"
1786,"Annaba","dimanche: 08:00–17:00"
1788,"Ain Smara- Constantine Ain Smara DZ،","dimanche: 07:00–16:00"
1789,"Hydra","dimanche: 08:30–16:00"
179,"Béjaïa","dimanche: 08:30–16:00"
1790,"Constantine","dimanche: 08:30–01:00"
1791,"Baba Hassen","dimanche: 08:00–15:00 | lundi: 08:00–16:00 | mardi: 08:00–16:00 | mercredi: 08:00–16:00 | jeudi: 08:00–14:00 | vendredi: Fermé | samedi: 08:00–14:00"
1792,"Bab Ezzouar","dimanche: 07:30–17:00"
1793,"Cité des 600 logements - Batiment B2 - N°95،","dimanche: 09:00–16:00"
1794,"Arzew","dimanche: 08:00–16:00"
1795,"Constantine","dimanche: 08:00–17:00"
1796,"El Mouradia","dimanche: 07:00–13:00 | lundi: 07:00–17:30 | mardi: 07:00–13:00 | mercredi: 07:00–17:30 | jeudi: Fermé | vendredi: Fermé | samedi: 07:00–17:30"
1797,"","dimanche: 09:00–16:05"
1798,"","Non renseigné"
1799,"Constantine","Non renseigné"
18,"El Bouni","Non renseigné"
180,"Ouled Yaïch","dimanche: Ouvert 24h/24"
1800,"Alger Centre","dimanche: 08:00–17:00"
1801,"Bir El Djir","dimanche: 08:00–15:30"
1802,"Oran","dimanche: 08:30–16:00"
1803,"Oran","dimanche: 09:00–17:00"
1804,"Oran","dimanche: 06:00–16:00"
1805,"Bir El Djir","dimanche: 08:30–17:00 | lundi: 08:30–17:00 | mardi: 08:30–17:00 | mercredi: 08:30–17:00 | jeudi: 08:30–17:00 | vendredi: Fermé | samedi: 09:30–15:30"
1806,"Bir El Djir","dimanche: 08:00–16:00"
1807,"Oran","dimanche: 08:30–16:00"
1808,"Oran","Non renseigné"
1809,"Oran","Non renseigné"
1810,"","dimanche: 08:00–16:00"
1811,"Oran","dimanche: 00:00–08:0014:00–00:00 | lundi: 00:00–08:0014:00–00:00 | mardi: 00:00–08:0014:00–00:00 | mercredi: 00:00–08:0014:00–00:00 | jeudi: 00:00–08:0014:00–00:00 | vendredi: 00:00–08:00 | samedi: 14:00–00:00"
1812,"Annaba","dimanche: 08:00–16:00"
1813,"Oran","dimanche: 08:00–16:30"
1814,"Oran","dimanche: 08:30–16:30 | lundi: 08:30–16:30 | mardi: 08:30–16:30 | mercredi: 08:30–16:30 | jeudi: 08:30–16:30 | vendredi: Fermé | samedi: 08:30–13:00"
1815,"Oran","dimanche: 08:30–16:00"
1816,"14 avenue larbi tebessi ex loubet oran centre","Non renseigné"
1817,"Oran","dimanche: 09:00–16:00 | lundi: 09:00–16:00 | mardi: 09:00–16:00 | mercredi: 09:00–16:00 | jeudi: 09:00–16:00 | vendredi: Fermé | samedi: 09:00–12:00"
1818,"Oran","dimanche: 08:00–15:16"
1819,"Oran","dimanche: 08:00–15:00"
182,"Tlemcen","dimanche: 09:00–17:30"
1820,"Oran","Non renseigné"
1821,"Oran","dimanche: 08:00–12:0014:00–16:00"
1823,"Annaba","dimanche: 08:30–16:00"
1825,"Sidi Amar","dimanche: 07:30–16:00"
1827,"Annaba","Non renseigné"
1828,"Annaba","dimanche: 08:00–14:00"
183,"Cité، Bengherbia","dimanche: 09:00–16:30"
1830,"Annaba","Non renseigné"
1831,"Annaba","dimanche: 08:00–16:00"
1832,"Annaba","dimanche: Ouvert 24h/24"
1833,"Annaba","dimanche: 09:00–17:00"
1835,"Annaba","dimanche: 08:00–16:00 | lundi: 08:00–16:00 | mardi: 08:00–16:00 | mercredi: 08:00–16:00 | jeudi: 08:00–12:00 | vendredi: Fermé | samedi: 08:00–16:00"
1837,"Annaba","dimanche: 08:00–14:30"
1838,"Annaba","dimanche: 08:00–17:00"
1840,"Sétif","dimanche: 08:00–17:00"
1841,"Sétif","Non renseigné"
1842,"Sétif","Non renseigné"
1844,"Sétif","dimanche: Ouvert 24h/24"
1845,"Sétif","dimanche: 08:00–20:00"
1846,"Sétif","Non renseigné"
1847,"Setif","dimanche: Ouvert 24h/24 | lundi: Ouvert 24h/24 | mardi: Ouvert 24h/24 | mercredi: Ouvert 24h/24 | jeudi: Ouvert 24h/24 | vendredi: Ouvert 24h/24 | samedi: Ouvert 24h/24"
1848,"Aïn Oulmene","dimanche: 07:30–16:00"
1849,"Sétif","Non renseigné"
185,"Annaba","dimanche: 09:00–17:30"
1850,"Setif","dimanche: 08:00–11:3013:00–15:30"
1851,"Sétif","Non renseigné"
1852,"Cité 8 mai 45 (600 logts","dimanche: 08:00–15:00"
1853,"Promotion Mekhalef Bloc F","dimanche: 08:00–15:00"
1856,"Constantine","Non renseigné"
1857,"Constantine","dimanche: 08:00–16:00"
1858,"Constantine","dimanche: Ouvert 24h/24"
1859,"Annaba","dimanche: 08:00–16:00"
186,"Batna","Non renseigné"
1860,"Setif","dimanche: 07:30–12:0013:30–17:30"
1861,"Sétif","dimanche: 08:00–16:30"
1862,"Constantine","dimanche: 07:00–16:00"
1864,"Douéra","Non renseigné"
1865,"Hussein Dey","dimanche: Ouvert 24h/24"
1866,"Kouba","dimanche: 08:30–13:00"
1867,"El Harrach","Non renseigné"
1868,"Kouba","dimanche: 08:30–16:30"
1869,"Sidi MHamed","dimanche: 08:00–16:00"
187,"Blida","Non renseigné"
1870,"El Mouradia","dimanche: 08:00–18:00"
1871,"Staoueli","dimanche: 08:00–17:00"
1872,"Dely Ibrahim","dimanche: 09:00–17:00"
1873,"Bir Mourad Raïs","Non renseigné"
1874,"Kouba","dimanche: 08:30–15:00"
1875,"Kouba","dimanche: 08:00–16:00 | lundi: 08:00–16:00 | mardi: 08:00–16:00 | mercredi: 08:00–16:00 | jeudi: 08:00–16:00 | vendredi: Fermé | samedi: 08:00–16:00"
1877,"El Biar","dimanche: 08:00–18:00 | lundi: 08:00–18:00 | mardi: 08:00–18:00 | mercredi: 08:00–18:00 | jeudi: 08:00–18:00 | vendredi: Fermé | samedi: 12:00–18:00"
1878,"Hussein Dey","dimanche: 08:00–17:00"
1879,"Sidi MHamed","dimanche: 07:30–15:00"
188,"Béjaïa","dimanche: 08:30–16:30"
1880,"Alger Centre","dimanche: 08:00–15:00"
1882,"Draria","dimanche: 09:00–16:00"
1883,"Guelma","Non renseigné"
1884,"Sétif","dimanche: 08:00–16:30 | lundi: 08:00–16:30 | mardi: 08:00–16:30 | mercredi: 08:00–16:30 | jeudi: 08:00–16:30 | vendredi: Fermé | samedi: 08:00–16:30"
1885,"Oran","dimanche: 08:30–16:30"
1886,"Setif","dimanche: 08:00–16:00"
1887,"El Bouni","Non renseigné"
1888,"El Mouradia","dimanche: 09:30–17:00 | lundi: 09:30–17:00 | mardi: 09:30–17:00 | mercredi: 09:30–17:00 | jeudi: 09:30–17:00 | vendredi: Fermé | samedi: Fermé"
1889,"El Khroub","dimanche: 08:00–00:00 | lundi: 08:00–00:00 | mardi: 08:00–00:00 | mercredi: 08:00–00:00 | jeudi: 08:00–00:00 | vendredi: 09:00–12:3014:30–00:00 | samedi: 08:00–00:00"
189,"El Oued","dimanche: 08:00–18:30"
1890,"Ouled Fayet،","dimanche: 08:30–16:30"
1893,"Réghaïa","dimanche: 09:00–15:00"
1894,"Oran","dimanche: 08:30–16:00"
1895,"Bouzareah","dimanche: 08:00–18:00"
1898,"Sidi MHamed","dimanche: 08:30–16:30 | lundi: 08:30–16:30 | mardi: 08:30–16:30 | mercredi: 08:30–16:30 | jeudi: 08:30–16:30 | vendredi: Fermé | samedi: 08:30–16:30"
1899,"Béjaïa","dimanche: 08:30–17:00 | lundi: 08:30–17:00 | mardi: 08:30–17:00 | mercredi: 08:30–17:00 | jeudi: 08:30–17:00 | vendredi: Fermé | samedi: Fermé"
1901,"Bab Ezzouar","dimanche: 09:00–18:30"
1902,"BT 17A","dimanche: 08:30–18:30"
1904,"Sidi Chami","dimanche: 08:30–17:30"
1905,"Batna","dimanche: 07:30–13:3018:00–20:00"
1907,"Oued Chaaba","dimanche: 08:00–17:00 | lundi: 08:00–17:00 | mardi: 08:00–17:00 | mercredi: 08:00–17:00 | jeudi: 08:00–17:00 | vendredi: Fermé | samedi: 08:00–17:00"
1908,"","Non renseigné"
1909,"Oran","Non renseigné"
1912,"cité bensmail Bt A1 N4 cheraga، alger","dimanche: 08:00–15:00"
1913,"Béni Messous","dimanche: 09:00–15:30"
1915,"Bouzareah","dimanche: 09:00–16:00 | lundi: 09:00–16:00 | mardi: 09:00–16:00 | mercredi: 09:00–16:00 | jeudi: 09:00–16:00 | vendredi: Fermé | samedi: 09:00–16:00"
1917,"El Khroub","dimanche: 08:00–16:30"
1918,"Gdyel","dimanche: 08:30–16:00"
1919,"Oran","dimanche: 08:30–16:30"
1920,"Oran","dimanche: 09:00–17:00"
1921,"Bir El Djir","Non renseigné"
1922,"Mohammadia","dimanche: 08:30–16:00"
1923,"El Bouni","dimanche: 09:00–16:00"
1924,"Alger Centre","dimanche: 09:00–16:00"
1925,"Oran","dimanche: Ouvert 24h/24"
1927,"Bouzareah","dimanche: 08:00–16:00"
1929,"Bir El Djir","dimanche: 09:00–18:00"
193,"Kouba","dimanche: 07:30–16:00"
1930,"El Oued","dimanche: 08:00–16:00"
1931,"Oran","dimanche: 10:00–16:30"
1933,"Oran","dimanche: 09:00–14:00"
1934,"Constantine","Non renseigné"
1935,"Constantine","dimanche: 08:30–16:00 | lundi: 08:30–16:00 | mardi: 08:30–16:00 | mercredi: 08:30–16:00 | jeudi: Fermé | vendredi: Fermé | samedi: 08:30–16:00"
1936,"Annaba","dimanche: 08:00–17:00 | lundi: 08:00–17:00 | mardi: 08:00–17:00 | mercredi: 08:00–17:00 | jeudi: 08:00–17:00 | vendredi: Fermé | samedi: 08:00–17:00"
1937,"Ouled Fayet","dimanche: 08:30–17:00"
1938,"Mohammadia","dimanche: 09:00–16:00 | lundi: 09:00–16:00 | mardi: Fermé | mercredi: 09:00–16:00 | jeudi: 09:00–16:00 | vendredi: Fermé | samedi: 09:00–16:00"
194,"El Oued","Non renseigné"
1943,"Oran","dimanche: Fermé"
1944,"Hai USTO","dimanche: 09:00–16:00 | lundi: 09:00–16:00 | mardi: Fermé | mercredi: 09:00–16:00 | jeudi: 09:00–15:00 | vendredi: Fermé | samedi: 09:00–16:00"
1945,"Cité des  logements","dimanche: 08:30–17:00"
1946,"Coopérative El-Tadamon - Bt06- Rez de chaussée N°1 Bel Air - Bachdjerah Alger Bachdjarah","Non renseigné"
1947,"Chéraga","dimanche: 09:00–14:00"
1948,"Bir El Djir","dimanche: 08:30–17:00 | lundi: 08:30–17:00 | mardi: 08:30–17:00 | mercredi: 08:30–17:00 | jeudi: 08:30–16:00 | vendredi: Fermé | samedi: 09:00–16:00"
195,"El Bouni","dimanche: 08:30–16:00"
1950,"El Achour","dimanche: 09:00–21:00"
1954,"Annaba","dimanche: 09:00–16:00"
1958,"Oran","dimanche: 09:00–22:00"
1959,"Bab El Oued","Non renseigné"
196,"Tlemcen","dimanche: 09:00–16:00"
1960,"El Madania","dimanche: 09:00–12:00"
1961,"Bir El Djir","dimanche: 09:00–16:00"
1963,"Casbah","dimanche: 08:00–17:00"
1965,"Constantine","dimanche: 09:00–15:30"
1966,"Skikda","Non renseigné"
1968,"El Bouni","dimanche: 08:00–17:00"
1974,"Oran","dimanche: 09:00–16:00"
1975,"Bir El Djir","dimanche: 09:00–22:00"
1976,"Ben Aknoun","dimanche: 09:00–17:00 | lundi: 09:00–17:00 | mardi: 09:00–17:00 | mercredi: 09:00–17:00 | jeudi: 09:00–17:00 | vendredi: Fermé | samedi: 09:00–17:00"
1977,"Sidi MHamed","dimanche: 09:00–17:00"
1978,"Mohammadia","dimanche: Ouvert 24h/24 | lundi: Ouvert 24h/24 | mardi: Ouvert 24h/24 | mercredi: Ouvert 24h/24 | jeudi: Ouvert 24h/24 | vendredi: Ouvert 24h/24 | samedi: Ouvert 24h/24"
1979,"Hydra","dimanche: 08:00–16:00"
198,"Batna","dimanche: 08:00–02:00"
1981,"El Bouni","Non renseigné"
1983,"Birkhadem","dimanche: 09:00–17:00"
1984,"Douéra","dimanche: 08:00–18:00"
1986,"Dely Ibrahim","dimanche: 08:00–16:00"
1988,"Bab Ezzouar","dimanche: 08:30–16:00 | lundi: 08:30–16:00 | mardi: 09:00–16:00 | mercredi: 08:30–16:00 | jeudi: 08:30–14:00 | vendredi: Fermé | samedi: 09:00–14:00"
1989,"Annaba","dimanche: 08:00–16:00 | lundi: 08:00–16:00 | mardi: 08:00–16:00 | mercredi: 08:00–16:00 | jeudi: 08:00–16:00 | vendredi: Fermé | samedi: 08:00–15:00"
199,"Tlemcen","Non renseigné"
1990,"Oran","dimanche: 09:00–15:30 | lundi: 09:00–15:30 | mardi: 09:00–15:30 | mercredi: 09:00–15:30 | jeudi: 09:00–15:30 | vendredi: Fermé | samedi: 09:00–15:30"
1991,"Sidi MHamed","dimanche: 09:00–16:00 | lundi: 09:00–15:00 | mardi: 09:00–16:00 | mercredi: 09:00–16:00 | jeudi: 09:00–16:00 | vendredi: Fermé | samedi: 09:00–15:00"
1992,"Hydra","dimanche: 09:00–17:00"
1993,"El Biar","Non renseigné"
1994,"Hussein Dey","dimanche: 09:00–16:00 | lundi: 09:00–16:00 | mardi: 09:00–16:00 | mercredi: 09:00–16:00 | jeudi: 09:00–16:00 | vendredi: Fermé | samedi: 09:00–16:00"
1995,"Oran","dimanche: 09:00–17:00"
1996,"Bir El Djir","dimanche: Ouvert 24h/24"
1997,"Alger Centre","dimanche: 08:30–16:00"
1998,"Es Sénia","dimanche: 08:30–16:00"
1999,"Bir El Djir","dimanche: 08:30–16:30 | lundi: 08:30–16:30 | mardi: 08:30–16:30 | mercredi: 08:30–16:30 | jeudi: 08:30–14:00 | vendredi: Fermé | samedi: 08:30–16:30"
2,"Batna","dimanche: 08:00–17:00 | lundi: 08:00–17:00 | mardi: 08:00–17:00 | mercredi: 08:00–17:00 | jeudi: 08:00–17:00 | vendredi: Fermé | samedi: 08:00–17:00"
20,"Béjaïa","dimanche: 08:00–16:30"
2000,"Bourouba","dimanche: 06:30–17:00"
2001,"Oran","dimanche: 09:00–16:30 | lundi: 09:00–16:30 | mardi: 09:00–16:30 | mercredi: 09:00–16:30 | jeudi: 09:00–12:30 | vendredi: Fermé | samedi: 09:00–16:30"
2002,"El Bouni","Non renseigné"
2004,"Birkhadem","dimanche: 08:30–17:00"
2005,"Oran","Non renseigné"
2006,"Bouzareah","dimanche: 09:00–17:00"
201,"Didouche Mourad","dimanche: 08:00–16:00 | lundi: 08:00–12:00 | mardi: 08:00–17:00 | mercredi: 08:00–17:00 | jeudi: 09:00–12:00 | vendredi: Fermé | samedi: Fermé"
2010,"Bachdjerrah","dimanche: 08:30–16:30"
2011,"Oran","dimanche: 08:30–16:00"
2012,"Es Sénia","dimanche: 09:00–16:00"
2014,"Batna","Non renseigné"
2015,"Oran","dimanche: 08:30–14:00"
2016,"Gué de Constantine","dimanche: Ouvert 24h/24 | lundi: Ouvert 24h/24 | mardi: Ouvert 24h/24 | mercredi: Ouvert 24h/24 | jeudi: Ouvert 24h/24 | vendredi: Ouvert 24h/24 | samedi: Ouvert 24h/24"
2017,"Kouba","Non renseigné"
2018,"Annaba","dimanche: 09:00–16:00"
2019,"Batna","dimanche: 07:30–16:30 | lundi: 07:30–16:30 | mardi: 07:30–16:30 | mercredi: 07:30–16:30 | jeudi: 07:30–16:30 | vendredi: Fermé | samedi: 07:30–16:30"
202,"Sayada","dimanche: 09:00–15:30"
2021,"Oran","Non renseigné"
2022,"Birtouta","dimanche: 08:30–16:30"
2023,"Bloc 01/ARSENAL NORD 6","dimanche: 08:00–20:00"
2025,"Annaba","dimanche: 08:00–16:00"
2026,"Senouci،","dimanche: 08:00–16:00"
2027,"Annaba","Non renseigné"
2028,"El Bouni","Non renseigné"
2029,"Saoula","dimanche: 09:00–16:00"
203,"Tichy","dimanche: 08:30–16:30 | lundi: 08:30–16:30 | mardi: 08:30–16:30 | mercredi: 08:30–16:30 | jeudi: 08:30–16:30 | vendredi: Fermé | samedi: 08:30–16:30"
2030,"El Khroub","dimanche: 08:00–16:00 | lundi: 08:00–16:00 | mardi: 08:00–16:00 | mercredi: 08:00–16:00 | jeudi: 08:00–16:00 | vendredi: Fermé | samedi: 08:00–16:00"
2031,"Annaba","Non renseigné"
2034,"El Oued","dimanche: 08:00–17:00"
2035,"Lotissement 440 N° 152","dimanche: 09:00–17:00 | lundi: 09:00–17:00 | mardi: 09:00–17:00 | mercredi: 09:00–17:00 | jeudi: 09:00–17:00 | vendredi: Fermé | samedi: 09:00–17:00"
2036,"Bouzareah","dimanche: 08:30–15:00"
2037,"Es Senia","dimanche: 08:00–16:00"
2038,"Sidi Chami","dimanche: 09:00–17:00 | lundi: 09:00–17:00 | mardi: 09:00–17:00 | mercredi: 09:00–17:00 | jeudi: 09:00–17:00 | vendredi: Fermé | samedi: 09:00–17:00"
2039,"","Non renseigné"
204,"Oran","dimanche: 09:00–22:00 | lundi: 09:00–22:00 | mardi: 09:00–22:00 | mercredi: 09:00–22:00 | jeudi: 09:00–22:00 | vendredi: Fermé | samedi: 09:00–22:00"
2040,"El Madania","dimanche: 09:00–17:00"
2042,"Sétif","Non renseigné"
2044,"Oran","dimanche: 08:00–16:00"
2045,"Es Sénia","dimanche: 08:00–17:00"
2047,"Batna","Non renseigné"
2048,"Bordj El Bahri","dimanche: 09:00–16:00"
2049,"Draria","dimanche: 09:00–17:00"
205,"Jijel","dimanche: 08:30–16:30"
2052,"Sidi Mabrouk، Constantine","dimanche: 08:00–16:00"
2053,"Es Senia","Non renseigné"
2054,"Es Sénia","dimanche: Ouvert 24h/24"
2055,"Bir El Djir","dimanche: 09:00–16:00"
2056,"Es Sénia","dimanche: 09:00–17:00"
2057,"Hussein Dey","Non renseigné"
206,"Batna","dimanche: 09:00–17:00"
2061,"Oran","dimanche: 09:00–16:30"
2063,"Batna","dimanche: 08:30–15:00 | lundi: 08:30–15:00 | mardi: 08:30–15:00 | mercredi: 08:30–15:00 | jeudi: 08:30–12:30 | vendredi: Fermé | samedi: 08:30–15:00"
2064,"Bir El Djir","dimanche: 08:00–18:00"
2065,"Bouzareah","dimanche: 09:00–17:00"
2066,"Constantine","dimanche: 08:00–16:00"
2068,"Bachdjerah","dimanche: 08:00–16:00 | lundi: 08:00–16:00 | mardi: 08:00–16:00 | mercredi: 08:00–16:00 | jeudi: Fermé | vendredi: Fermé | samedi: 08:00–16:00"
2069,"Bir El Djir","dimanche: 08:00–00:00"
207,"Sétif","dimanche: 08:00–17:00"
2072,"Baraki","dimanche: 08:30–16:30"
2079,"Sétif","dimanche: 08:00–17:00"
208,"Jijel","dimanche: 08:30–17:00"
2080,"Oran","dimanche: 08:30–17:00 | lundi: 08:30–17:00 | mardi: 08:30–17:00 | mercredi: 08:30–17:00 | jeudi: Fermé | vendredi: Fermé | samedi: 08:30–17:00"
2082,"Sidi MHamed","Non renseigné"
2083,"Bir Mourad Raïs","Non renseigné"
2084,"Bouzareah","dimanche: 09:00–16:00"
2085,"Sidi MHamed","dimanche: 09:00–12:0014:00–16:00 | lundi: 09:00–12:0014:00–16:00 | mardi: 09:00–12:0014:00–16:00 | mercredi: 09:00–12:0014:00–16:00 | jeudi: 09:00–12:0014:00–16:00 | vendredi: Fermé | samedi: Fermé"
2086,"Hussein Dey","dimanche: 07:30–15:00"
2087,"Saoula","dimanche: 09:00–16:00"
209,"Tlemcen","dimanche: Ouvert 24h/24"
2090,"28 logements DEMBRI B7 N°1","dimanche: 07:30–16:00"
2091,"Birkhadem","dimanche: 08:00–17:00"
2094,"ex Mirauchaux","dimanche: 10:00–14:00"
2095,"Oran","Non renseigné"
2097,"El Bouni","Non renseigné"
2099,"Constantine","dimanche: 08:30–16:00"
21,"Béjaïa","dimanche: 08:00–17:00"
210,"Annaba","dimanche: 08:00–16:30 | lundi: 08:00–16:30 | mardi: 08:00–16:30 | mercredi: 08:00–16:30 | jeudi: 08:00–16:30 | vendredi: Fermé | samedi: 08:00–16:30"
2105,"Arzew","dimanche: 08:00–16:00"
2106,"Oran","dimanche: 08:30–17:00"
2107,"Oran","dimanche: 08:00–21:00"
2108,"Oran","Non renseigné"
2109,"Annaba","dimanche: 08:30–15:30"
211,"Tlemcen","Non renseigné"
2111,"El Biar","dimanche: 09:30–15:30"
2113,"Oran","dimanche: 07:00–11:0013:30–15:30"
2114,"Bab El Oued","Non renseigné"
2115,"yaghmoracen","dimanche: 08:30–17:00"
2116,"El Biar","dimanche: 08:00–17:00 | lundi: 08:00–17:00 | mardi: 08:00–17:00 | mercredi: 08:00–17:00 | jeudi: 08:00–17:00 | vendredi: Fermé | samedi: 08:00–17:00"
2119,"Constantine","dimanche: Ouvert 24h/24"
2120,"Gué de Constantine","dimanche: 08:30–17:00 | lundi: 08:30–17:00 | mardi: 08:30–17:00 | mercredi: 08:30–13:00 | jeudi: 08:30–17:00 | vendredi: Fermé | samedi: 08:30–17:00"
2121,"Constantine","Non renseigné"
2122,"Dar El Beïda","dimanche: 09:00–16:00"
2123,"Sidi MHamed","dimanche: 09:00–14:30"
2126,"Num 04 bat 37A cité 340 logements","dimanche: 08:00–18:00 | lundi: 08:00–18:00 | mardi: 08:00–18:00 | mercredi: 08:00–18:00 | jeudi: 08:00–13:00 | vendredi: Fermé | samedi: 08:00–18:00"
2127,"Alger Centre","dimanche: 08:30–16:30"
2128,"Bir Mourad Raïs","dimanche: 10:00–12:3014:00–16:30"
2129,"Ben Aknoun","Non renseigné"
213,"Annaba","dimanche: 09:00–12:0014:00–17:00"
2130,"El Biar","dimanche: Ouvert 24h/24"
2131,"Oran","dimanche: 08:00–20:00"
2132,"Oran","dimanche: 08:30–16:30 | lundi: 08:30–16:30 | mardi: 08:30–16:30 | mercredi: 08:30–16:30 | jeudi: 08:30–16:30 | vendredi: Fermé | samedi: 08:30–16:30"
2133,"ait Hocine","dimanche: 08:00–17:00"
2135,"El Biar","Non renseigné"
2136,"Réghaïa","dimanche: 08:00–16:00"
2137,"Oran","dimanche: 08:00–17:00 | lundi: 08:00–17:00 | mardi: 09:00–17:00 | mercredi: 08:00–17:00 | jeudi: 08:00–14:00 | vendredi: Fermé | samedi: 09:00–17:00"
2138,"Bir El Djir","dimanche: 08:00–16:30"
2139,"Bir El Djir","Non renseigné"
2140,"Setif","Non renseigné"
2141,"Oran","dimanche: 08:30–17:00"
2145,"Bir El Djir","dimanche: Ouvert 24h/24"
2146,"Annaba","dimanche: 09:00–15:00"
2147,"","Non renseigné"
2148,"Oran","dimanche: 08:00–17:00 | lundi: 08:00–17:00 | mardi: 08:00–17:00 | mercredi: 08:00–17:00 | jeudi: 08:00–17:00 | vendredi: Fermé | samedi: 08:00–17:00"
2149,"Birkhadem","dimanche: 09:00–17:00"
215,"Batna","Non renseigné"
2150,"Bachdjerah","dimanche: 09:00–15:30"
2152,"Belouizdad","dimanche: Ouvert 24h/24"
2153,"Bordj El Kiffan","Non renseigné"
2155,"Oran","dimanche: 08:00–17:00 | lundi: 08:00–17:00 | mardi: 08:00–17:00 | mercredi: 08:00–17:00 | jeudi: 08:00–13:00 | vendredi: Fermé | samedi: 08:00–17:00"
2156,"Bab El Oued","dimanche: 09:30–16:00"
2157,"Baba Hassen","dimanche: 09:30–16:00"
2158,"Bir Mourad Raïs","dimanche: 11:00–20:00 | lundi: 11:00–20:00 | mardi: 11:00–20:00 | mercredi: 11:00–20:00 | jeudi: 11:00–20:00 | vendredi: Fermé | samedi: Fermé"
216,"Es Senia","dimanche: 08:30–17:30"
2160,"Baraki","dimanche: 08:30–17:30"
2162,"Sidi MHamed","dimanche: 08:30–15:30 | lundi: 08:30–15:30 | mardi: 08:30–15:30 | mercredi: 08:30–15:30 | jeudi: 08:30–15:30 | vendredi: Fermé | samedi: Fermé"
2164,"Sétif","dimanche: 08:00–16:00"
2166,"Annaba","dimanche: 08:00–17:00"
2168,"Oran","dimanche: Ouvert 24h/24"
217,"Jijel","Non renseigné"
2170,"Annaba","Non renseigné"
2171,"Béjaïa","dimanche: 08:30–16:00 | lundi: 08:30–16:00 | mardi: 08:30–16:00 | mercredi: 08:30–16:00 | jeudi: 08:30–16:00 | vendredi: Fermé | samedi: Fermé"
2172,"Annaba","dimanche: 09:00–19:00"
2177,"Oran","dimanche: 08:30–16:00"
2178,"Oran","dimanche: 08:00–18:00 | lundi: 08:00–18:00 | mardi: 07:30–18:00 | mercredi: 08:00–18:00 | jeudi: 08:00–18:00 | vendredi: 08:00–17:00 | samedi: 08:00–18:00"
2179,"Mohammadia","dimanche: 09:00–18:00"
218,"Jijel","dimanche: 08:30–05:00"
2180,"Birkhadem","dimanche: 09:00–16:00 | lundi: 09:00–16:00 | mardi: 09:00–16:00 | mercredi: 09:00–16:00 | jeudi: 09:00–16:00 | vendredi: Fermé | samedi: 09:00–13:00"
2181,"Oran","dimanche: 09:00–16:00 | lundi: 09:00–16:00 | mardi: 09:00–16:00 | mercredi: 09:00–16:00 | jeudi: 09:00–16:00 | vendredi: Fermé | samedi: 09:00–12:00"
2182,"Sétif","dimanche: 08:00–15:00"
2183,"Gué de Constantine","dimanche: 07:30–16:00"
2185,"Baraki","dimanche: 08:00–17:00"
2186,"Bir Mourad Raïs","dimanche: 08:00–16:00 | lundi: 08:00–16:00 | mardi: Fermé | mercredi: 08:00–16:00 | jeudi: 08:00–16:00 | vendredi: 08:30–12:00 | samedi: 09:00–12:00"
2187,"Oran","dimanche: 10:00–12:0017:00–20:00 | lundi: 10:00–12:0017:00–20:00 | mardi: 10:00–12:0017:00–20:00 | mercredi: 10:00–12:0017:00–20:00 | jeudi: 10:00–12:0017:00–20:00 | vendredi: Fermé | samedi: 10:00–12:0017:00–20:00"
2188,"Birkhadem","dimanche: 08:00–17:00"
2189,"Annaba","Non renseigné"
219,"Blida_Alger","dimanche: 08:30–21:00"
2191,"Staoueli","dimanche: 08:30–16:30"
2192,"Annaba","Non renseigné"
2193,"Hydra","dimanche: 08:00–18:00 | lundi: 08:00–18:00 | mardi: 08:00–18:00 | mercredi: 08:00–18:00 | jeudi: 08:00–18:00 | vendredi: 08:00–18:00 | samedi: 08:00–18:00"
2194,"Constantine","dimanche: 08:00–16:00"
2195,"Gué de Constantine","Non renseigné"
2197,"Oran","dimanche: 09:00–17:00 | lundi: 09:00–17:00 | mardi: 09:00–17:00 | mercredi: 09:00–17:00 | jeudi: 09:00–17:00 | vendredi: Fermé | samedi: 09:00–14:00"
22,"Jijel","dimanche: 08:30–17:30"
220,"Guelma","dimanche: 08:00–15:00"
2200,"Setif","dimanche: Ouvert 24h/24"
2201,"Bab El Oued","dimanche: 09:00–17:00 | lundi: 09:00–17:00 | mardi: 09:00–17:00 | mercredi: 09:00–17:00 | jeudi: 09:00–17:00 | vendredi: Fermé | samedi: 09:00–15:00"
2203,"Chéraga","dimanche: 08:00–22:00"
2205,"Draria","dimanche: 08:00–16:00"
2208,"Mohammadia","dimanche: 08:00–17:00"
2209,"Birkhadem","Non renseigné"
221,"Tlemcen","dimanche: 09:00–04:00 | lundi: 09:00–04:00 | mardi: 09:00–04:00 | mercredi: 09:00–04:00 | jeudi: 09:00–12:00 | vendredi: Fermé | samedi: 09:00–04:00"
2210,"Oran","dimanche: 08:30–17:00 | lundi: 08:30–17:00 | mardi: 08:30–17:00 | mercredi: 08:30–17:00 | jeudi: 08:30–17:00 | vendredi: Fermé | samedi: 08:30–17:00"
2211,"Sétif","dimanche: Ouvert 24h/24"
2212,"Oran","dimanche: 08:00–16:00"
2213,"Bouzareah","dimanche: 09:00–22:00"
2214,"Batna","dimanche: Fermé | lundi: 08:00–18:00 | mardi: Fermé | mercredi: 08:00–18:00 | jeudi: 08:00–18:00 | vendredi: Fermé | samedi: Fermé"
2215,"Béjaïa","dimanche: 08:00–23:30"
2217,"El Harrach","dimanche: 10:00–12:3013:00–19:00"
2218,"Delmonte","dimanche: 08:00–23:30 | lundi: 08:00–23:30 | mardi: 08:00–23:30 | mercredi: 08:00–23:30 | jeudi: 08:00–23:30 | vendredi: 08:00–00:00 | samedi: 08:00–00:00"
2219,"Oran","dimanche: 09:00–15:30"
222,"Ain El Turk","dimanche: Ouvert 24h/24"
2222,"Bab El Oued","dimanche: 08:00–20:00"
2224,"Rue 5 Juillet، Bir El Djir","dimanche: 07:00–20:00"
223,"Batna","dimanche: 09:00–19:00"
2230,"Batna","dimanche: Ouvert 24h/24"
2231,"El Achour","dimanche: 10:00–14:00"
2233,"","dimanche: 09:00–17:00"
2234,"les castors","dimanche: 09:00–17:00"
2238,"Oran","dimanche: 08:00–17:00"
2239,"Bir El Djir","dimanche: 08:30–16:00"
2240,"Dely Ibrahim","dimanche: 08:00–14:00"
2242,"Bir El Djir","Non renseigné"
2244,"Sétif","dimanche: 08:00–17:00"
2246,"Mohammadia","dimanche: 09:00–16:00"
2247,"Bab El Oued","dimanche: 09:00–15:00"
225,"Batna","Non renseigné"
2251,"Cité 630 lgts bat 2 D9 RDC","dimanche: 09:00–15:00"
2253,"Djasr Kasentina Ainaadja","Non renseigné"
2254,"El Bouni","dimanche: 08:30–16:00 | lundi: 08:30–16:00 | mardi: 08:30–16:00 | mercredi: 08:30–16:00 | jeudi: 08:30–16:00 | vendredi: Fermé | samedi: 08:30–16:00"
2257,"Oran","dimanche: 09:00–17:00"
2259,"","dimanche: 09:00–23:30"
226,"Batna","dimanche: 08:00–16:30"
2262,"Oran","dimanche: 08:30–13:00"
2264,"El Oued","Non renseigné"
2266,"Dar El Beïda","dimanche: 08:00–17:00"
2268,"Annaba","dimanche: 09:44–21:00"
2269,"Annaba","dimanche: 08:30–13:00"
2270,"Bir Mourad Raïs","dimanche: 08:00–19:00 | lundi: 08:00–19:00 | mardi: 08:00–19:00 | mercredi: 08:00–19:00 | jeudi: 08:00–19:00 | vendredi: 07:00–19:00 | samedi: 08:00–19:00"
2271,"Annaba","dimanche: 08:00–16:00"
2272,"Oran","dimanche: 08:30–16:30 | lundi: 08:30–16:30 | mardi: 08:30–16:30 | mercredi: 08:30–16:30 | jeudi: 08:30–16:30 | vendredi: Fermé | samedi: 08:30–16:30"
2273,"Oran","Non renseigné"
2274,"Bir El Djir","Non renseigné"
2275,"Bir El Djir","dimanche: 08:00–16:00"
2276,"Batna","dimanche: 08:00–16:00 | lundi: 08:00–16:00 | mardi: 08:00–16:00 | mercredi: 08:00–16:00 | jeudi: 08:00–16:00 | vendredi: Fermé | samedi: 08:00–16:00"
2278,"Mohammadia","dimanche: 09:00–16:00"
2279,"Annaba","dimanche: 08:00–14:00 | lundi: 08:00–14:00 | mardi: 08:00–14:00 | mercredi: 08:00–14:00 | jeudi: 08:00–14:00 | vendredi: Fermé | samedi: 08:00–14:00"
228,"Tlemcen","dimanche: 08:00–16:30 | lundi: 08:00–16:30 | mardi: 08:00–16:30 | mercredi: 08:00–16:30 | jeudi: 08:00–16:30 | vendredi: Fermé | samedi: 08:00–16:30"
2280,"Constantine","dimanche: 08:30–15:15"
2284,"Oran","dimanche: 09:00–16:30"
2287,"Birkhadem","dimanche: 09:00–17:00"
229,"Sétif","dimanche: 08:30–17:00"
2290,"Baraki","dimanche: 08:30–16:00"
2294,"Gué de Constantine","dimanche: 08:30–16:30 | lundi: 08:30–16:30 | mardi: 08:30–16:30 | mercredi: 08:30–16:30 | jeudi: 08:30–16:30 | vendredi: Fermé | samedi: 08:30–16:30"
2296,"Bab Ezzouar","dimanche: 09:00–20:00"
2297,"Oran","dimanche: 08:30–12:3014:00–17:00 | lundi: 08:30–12:3014:00–17:00 | mardi: 08:30–12:3014:00–17:00 | mercredi: 08:30–12:3014:00–17:00 | jeudi: 08:30–12:30 | vendredi: Fermé | samedi: 08:30–12:3014:00–17:00"
2298,"El Oued","dimanche: 08:00–16:00"
2299,"Oran","dimanche: 08:15–17:00"
23,"Hassi Bounif","dimanche: Ouvert 24h/24"
230,"Batna","dimanche: 08:00–22:00"
2300,"Draria","dimanche: 08:30–16:30"
2301,"Bir El Djir","dimanche: 08:00–16:30"
2302,"Oued Ghir","dimanche: 09:00–16:00 | lundi: 09:00–16:00 | mardi: 09:00–16:00 | mercredi: 09:00–16:00 | jeudi: 09:00–16:00 | vendredi: Fermé | samedi: 09:00–12:00"
2303,"El Hadjar","Non renseigné"
2304,"El Biar","dimanche: 09:00–16:30"
2305,"Kouba","dimanche: 09:00–16:00"
2306,"Bir El Djir","dimanche: 09:00–18:00"
2308,"Oran","dimanche: 08:00–18:00 | lundi: 08:00–18:00 | mardi: 08:00–18:00 | mercredi: 08:00–18:00 | jeudi: 08:00–17:00 | vendredi: Fermé | samedi: 08:00–18:00"
2309,"Mohammadia","Non renseigné"
231,"","dimanche: 09:00–14:00"
2313,"El Oued","dimanche: 08:00–18:00"
2316,"Annaba","dimanche: 08:00–16:00"
2317,"Constantine","dimanche: 08:00–16:30"
232,"Blida","dimanche: Ouvert 24h/24"
2320,"Sétif","dimanche: 08:00–16:00"
2323,"El Oued","Non renseigné"
2325,"Guelma","dimanche: 08:00–18:00"
2326,"Béjaïa","dimanche: 08:00–17:00"
2328,"Setif","dimanche: Ouvert 24h/24"
2330,"Batna","Non renseigné"
2331,"Kouba","dimanche: 08:00–17:00"
2332,"Gué de Constantine","dimanche: 09:00–18:00"
2334,"Oran","dimanche: 08:30–15:00 | lundi: 08:30–15:00 | mardi: 08:30–15:00 | mercredi: 08:30–15:00 | jeudi: 08:30–15:00 | vendredi: Fermé | samedi: 08:30–15:00"
2335,"Béjaïa","dimanche: 08:30–15:30"
2336,"Annaba","dimanche: 08:00–16:30"
2339,"Annaba","dimanche: 08:30–17:00"
234,"Annaba","Non renseigné"
2340,"Annaba","dimanche: Ouvert 24h/24 | lundi: Ouvert 24h/24 | mardi: Ouvert 24h/24 | mercredi: Ouvert 24h/24 | jeudi: Ouvert 24h/24 | vendredi: Ouvert 24h/24 | samedi: Ouvert 24h/24"
2343,"Skikda","dimanche: 08:00–16:00"
2348,"Batna","Non renseigné"
2349,"Réghaïa","dimanche: 08:00–22:00"
235,"Batna","Non renseigné"
2350,"El Oued","dimanche: 08:00–15:00"
2355,"Bouzareah","dimanche: 09:00–17:00"
2356,"Batna","dimanche: 08:00–17:00"
2357,"Batna","dimanche: 08:00–16:00"
2358,"Sétif","dimanche: 08:00–13:00"
2359,"Annaba","dimanche: 08:30–15:30"
236,"Béjaïa","dimanche: 07:30–17:00"
2361,"Annaba","dimanche: 09:00–14:00 | lundi: 09:00–14:00 | mardi: 09:00–14:00 | mercredi: Fermé | jeudi: 09:00–14:00 | vendredi: Fermé | samedi: 09:00–14:00"
2363,"Bir Mourad Raïs","dimanche: 10:00–18:00"
2366,"Sétif","dimanche: 08:30–15:00 | lundi: 08:30–15:00 | mardi: 08:30–15:00 | mercredi: 08:30–15:00 | jeudi: 08:30–15:00 | vendredi: Fermé | samedi: 08:30–15:00"
2367,"Oran","dimanche: 08:00–17:00"
2369,"Bab Ezzouar","dimanche: 09:00–18:00"
237,"Unnamed Road","dimanche: 09:00–18:00 | lundi: 09:00–18:00 | mardi: 09:00–18:00 | mercredi: 09:00–18:00 | jeudi: 09:00–18:00 | vendredi: Fermé | samedi: 09:00–18:00"
2370,"El Harrach","dimanche: 08:00–17:45 | lundi: 08:00–17:45 | mardi: 08:00–17:45 | mercredi: 08:00–17:45 | jeudi: 08:00–17:45 | vendredi: Fermé | samedi: 08:00–17:45"
2373,"Oran","dimanche: 08:30–17:30 | lundi: 08:30–17:30 | mardi: 08:30–17:30 | mercredi: 08:30–17:30 | jeudi: 08:30–17:30 | vendredi: Fermé | samedi: 08:30–17:30"
2376,"Bir El Djir","dimanche: 08:00–16:00"
2377,"Setif","Non renseigné"
238,"Batna","dimanche: 08:30–20:00"
2380,"Aïn Arnat","dimanche: 08:00–16:00"
2381,"s003","dimanche: 08:00–16:00"
2384,"El Hadjar","dimanche: 08:00–16:00"
2385,"El Khroub","dimanche: 08:30–16:00"
2386,"Hassani Abdelkrim","dimanche: 08:00–13:3018:00–21:30"
2387,"Oran","dimanche: 09:00–23:00"
2388,"Bir El Djir","Non renseigné"
2389,"Kouba","dimanche: 08:30–16:00"
239,"Batna","dimanche: 08:00–16:30"
2390,"El Khroub","dimanche: 08:00–16:00"
2391,"Kouba","dimanche: Fermé"
2392,"Bir El Djir","dimanche: 08:30–18:00"
2394,"Baraki","dimanche: 08:00–20:00"
2397,"Aïn Touta","dimanche: 08:00–15:00 | lundi: 08:00–15:00 | mardi: 08:00–15:00 | mercredi: 08:00–15:00 | jeudi: 08:00–12:00 | vendredi: Fermé | samedi: Fermé"
2398,"Casbah","dimanche: 09:00–18:00"
2399,"Bab El Oued","dimanche: 08:30–17:30 | lundi: 08:30–17:30 | mardi: Fermé | mercredi: 08:30–17:30 | jeudi: 08:30–17:30 | vendredi: Fermé | samedi: 08:30–17:30"
24,"Bir El Djir","dimanche: 09:00–16:30"
2400,"Rouïba","dimanche: 08:00–15:00"
2401,"Oran","dimanche: 09:00–17:00 | lundi: 09:00–17:00 | mardi: 09:00–17:00 | mercredi: 09:00–17:00 | jeudi: 09:00–17:00 | vendredi: Fermé | samedi: 09:00–17:00"
2402,"Batna","Non renseigné"
2405,"Oran","dimanche: 09:00–16:00"
2407,"Batna","dimanche: Ouvert 24h/24"
2408,"Hussein Dey","dimanche: Ouvert 24h/24"
2409,"Hassani Abdelkrim","dimanche: Ouvert 24h/24"
2410,"Saoula","dimanche: 08:10–16:30"
2412,"Bir Mourad Raïs","dimanche: 09:00–16:30"
2415,"Hamma Bouziane","dimanche: 08:00–16:00"
2416,"Béjaïa","Non renseigné"
2419,"Bir Mourad Raïs","dimanche: 09:00–15:30"
242,"Batna","dimanche: 08:00–23:30"
2422,"","Non renseigné"
2423,"Batna","dimanche: 08:00–15:00"
2424,"Béjaïa","dimanche: 08:00–16:00 | lundi: 08:00–16:00 | mardi: 08:00–16:00 | mercredi: 08:00–16:00 | jeudi: 08:00–16:00 | vendredi: Fermé | samedi: 08:00–16:00"
2425,"Annaba","dimanche: 09:00–17:00"
2429,"Tazoult","dimanche: 08:00–16:00 | lundi: 08:00–16:00 | mardi: 08:00–16:00 | mercredi: 08:00–16:00 | jeudi: 08:00–16:00 | vendredi: Fermé | samedi: 08:00–16:00"
243,"Batna","dimanche: 08:30–12:3013:30–16:30"
2430,"Béjaïa","dimanche: 08:00–04:00"
2431,"Annaba","dimanche: 08:30–16:00 | lundi: 08:30–16:00 | mardi: 08:30–16:00 | mercredi: 08:30–16:00 | jeudi: 08:30–16:00 | vendredi: Fermé | samedi: 08:30–16:00"
2433,"9VPG+XJQ، الناظور،","dimanche: 00:00–08:0016:00–00:00"
2434,"Batna","Non renseigné"
2435,"Annaba","dimanche: 08:00–18:00"
2436,"Constantine","dimanche: 08:00–16:00"
2437,"Bordj El Bahri","dimanche: 10:00–15:30"
2439,"El Khroub","dimanche: 09:00–15:00"
244,"Batna","dimanche: Ouvert 24h/24"
2440,"El Harrach","dimanche: 09:30–13:30 | lundi: 09:30–13:30 | mardi: 09:30–13:30 | mercredi: 09:30–13:30 | jeudi: Fermé | vendredi: Fermé | samedi: 09:30–13:30"
2441,"Annaba","dimanche: 08:00–17:00"
2445,"Sidi MHamed","dimanche: 09:00–17:00"
2446,"Sidi MHamed","dimanche: 09:30–17:00"
2447,"Annaba","dimanche: 08:00–16:30"
2448,"Sétif","dimanche: 08:00–16:00"
245,"Tlemcen","dimanche: 09:00–19:00 | lundi: 09:00–19:00 | mardi: 09:00–19:00 | mercredi: 09:00–19:00 | jeudi: 09:00–19:00 | vendredi: 10:00–12:00 | samedi: 09:00–19:00"
2452,"El Madher","dimanche: 08:00–16:00 | lundi: 08:00–16:00 | mardi: 08:00–16:00 | mercredi: 08:00–16:00 | jeudi: 08:00–16:00 | vendredi: Fermé | samedi: 08:00–16:00"
2453,"El Bouni","dimanche: 08:00–17:00 | lundi: 08:00–17:00 | mardi: Fermé | mercredi: 08:00–17:00 | jeudi: 08:00–17:00 | vendredi: Fermé | samedi: 08:00–17:00"
2454,"Mohammadia","Non renseigné"
2455,"El Harrach","Non renseigné"
2456,"Oran","Non renseigné"
2457,"Mohammadia","dimanche: 09:30–16:00"
2459,"Annaba","dimanche: 08:30–17:00"
246,"Béjaïa","Non renseigné"
2465,"Sétif","dimanche: 08:00–14:00"
2469,"souk el tenine centre","dimanche: 08:00–18:00"
247,"Béjaïa","dimanche: 08:30–15:30"
2470,"Batna","Non renseigné"
2471,"Batna","Non renseigné"
2472,"Bir El Djir","dimanche: 08:00–17:00"
2473,"Berrahal","dimanche: 08:00–16:30"
2476,"Sétif","dimanche: 09:00–17:00"
2477,"Oran","dimanche: 08:30–16:00"
2478,"Oran","dimanche: 08:30–16:30 | lundi: 08:30–16:30 | mardi: 08:30–16:30 | mercredi: 08:30–16:30 | jeudi: 08:30–16:30 | vendredi: Fermé | samedi: Fermé"
2479,"Massinissa khroub Constantine cité 116 logements bâtiment A6 N 13 El khroub Massinissa","dimanche: 08:30–16:00"
248,"Batna","dimanche: 09:00–16:00"
2480,"Guelma","dimanche: 08:00–12:00"
2481,"Cité grine yard","dimanche: 09:00–13:00 | lundi: 09:00–13:00 | mardi: 09:00–13:00 | mercredi: 09:00–13:00 | jeudi: 09:00–13:00 | vendredi: Fermé | samedi: 09:00–13:00"
2482,"Batna","Non renseigné"
2483,"Skikda","dimanche: 08:00–17:00"
2484,"Constantine","Non renseigné"
2485,"Guemar","dimanche: 08:00–18:00"
249,"Batna","dimanche: 09:00–15:00 | lundi: 09:00–15:00 | mardi: 09:00–15:00 | mercredi: 09:00–15:00 | jeudi: 09:00–15:00 | vendredi: Fermé | samedi: Fermé"
2490,"Annaba","dimanche: 08:00–16:00"
2492,"Oran","dimanche: 08:00–15:00"
2494,"Kouba","dimanche: 09:00–15:00 | lundi: 09:00–15:00 | mardi: Fermé | mercredi: 09:00–15:00 | jeudi: Fermé | vendredi: Fermé | samedi: 09:00–15:00"
2495,"Constantine","dimanche: 07:00–17:00"
2496,"P2JQ+7W5 A côté de la DG de lAADL hai essolh","dimanche: 09:00–17:30"
2497,"Cite Belaid Belkacem (ex cite Juanola) 180 logts N 08 1er étage au-dessus pharmacie Annaba DZ،","dimanche: 08:30–16:00 | lundi: 08:30–16:00 | mardi: 08:30–16:00 | mercredi: 08:30–16:00 | jeudi: 08:30–16:00 | vendredi: Fermé | samedi: 08:30–16:00"
2499,"Batna","dimanche: 08:00–16:00"
25,"Oran","dimanche: 09:00–16:00"
250,"Béjaïa","dimanche: 09:00–22:00"
2500,"Ben Aknoun","dimanche: 08:00–15:30 | lundi: 08:00–15:30 | mardi: Fermé | mercredi: 08:00–15:30 | jeudi: 08:00–15:30 | vendredi: Fermé | samedi: 08:00–12:30"
2501,"Smina","dimanche: 05:00–00:00"
2503,"Chéraga","dimanche: 08:00–18:00"
2504,"Kouba","dimanche: 08:00–18:00"
2507,"Guelma","dimanche: 08:00–17:00"
2508,"Oran","dimanche: 08:30–20:00"
251,"Blida","dimanche: 07:30–17:00"
2513,"Guemar","dimanche: 08:00–18:00"
2514,"Douéra","dimanche: 08:00–17:00"
2515,"","dimanche: 08:30–16:00"
2516,"Bab Ezzouar","dimanche: 09:00–13:00"
2517,"Batna","dimanche: 08:00–16:00"
2519,"Oran","dimanche: 08:30–00:00"
252,"Béjaïa","Non renseigné"
2520,"El Oued","Non renseigné"
2522,"Oran","dimanche: 08:00–17:30"
2523,"Bab Ezzouar","dimanche: 09:00–19:00"
2524,"Es Sénia","dimanche: 09:00–17:00 | lundi: 09:00–17:00 | mardi: 09:00–17:00 | mercredi: 09:00–17:00 | jeudi: 09:00–17:00 | vendredi: Fermé | samedi: 09:00–17:00"
2525,"Batna","dimanche: 08:00–16:00 | lundi: 08:00–16:00 | mardi: 08:00–16:00 | mercredi: 08:00–16:00 | jeudi: 08:00–16:00 | vendredi: Fermé | samedi: 08:00–16:00"
2526,"Batna","Non renseigné"
2527,"Batna","Non renseigné"
2529,"Hussein Dey","dimanche: Ouvert 24h/24"
253,"Sétif","dimanche: 08:00–17:00"
2530,"9V35+QJ4، 9V35+QJ، الوادي،","dimanche: 08:00–20:00"
2531,"Batna","dimanche: 09:00–15:30 | lundi: 09:00–15:30 | mardi: 09:00–15:30 | mercredi: 09:00–15:30 | jeudi: 09:00–15:30 | vendredi: Fermé | samedi: 09:00–15:30"
2532,"rez de chaussé","dimanche: 09:00–16:00 | lundi: 09:00–16:00 | mardi: 09:00–16:00 | mercredi: 09:00–16:00 | jeudi: 09:00–16:00 | vendredi: Fermé | samedi: 09:00–16:00"
2533,"Oran","dimanche: Ouvert 24h/24 | lundi: Ouvert 24h/24 | mardi: Ouvert 24h/24 | mercredi: Ouvert 24h/24 | jeudi: Ouvert 24h/24 | vendredi: Ouvert 24h/24 | samedi: Ouvert 24h/24"
2534,"Mohammadia","Non renseigné"
2537,"Birkhadem","dimanche: Ouvert 24h/24"
2538,"Annaba","Non renseigné"
254,"Oran","Non renseigné"
2540,"Birkhadem","dimanche: 09:30–16:30"
2541,"Sétif","dimanche: 08:30–15:30"
2542,"Annaba","dimanche: 09:00–16:00 | lundi: 09:00–16:00 | mardi: 09:00–16:00 | mercredi: 09:00–16:00 | jeudi: 09:00–16:00 | vendredi: Fermé | samedi: 09:00–16:00"
2544,"Cite 120 logements Naceria batiment 24 apprt 03","dimanche: 08:00–17:00"
2545,"Bir El Djir","dimanche: 08:00–18:00 | lundi: 08:00–18:00 | mardi: 08:00–18:00 | mercredi: 08:00–18:00 | jeudi: 08:00–18:00 | vendredi: Fermé | samedi: 09:00–12:00"
2547,"Draria","dimanche: 08:00–17:00 | lundi: 08:00–17:00 | mardi: 08:00–17:00 | mercredi: 08:00–17:00 | jeudi: 08:00–17:00 | vendredi: Fermé | samedi: 08:00–17:00"
255,"Batna","dimanche: 08:30–17:00"
2550,"Béjaïa","dimanche: Ouvert 24h/24"
2552,"Oran","dimanche: 08:00–17:00 | lundi: 08:00–17:00 | mardi: 08:00–17:00 | mercredi: 08:00–17:00 | jeudi: 08:00–17:00 | vendredi: Fermé | samedi: 08:00–17:00"
2553,"El Magharia","dimanche: 08:30–14:30 | lundi: 08:30–14:30 | mardi: 08:30–14:30 | mercredi: 08:30–14:30 | jeudi: 08:30–14:30 | vendredi: Fermé | samedi: 08:30–14:30"
2554,"Batna","dimanche: 08:30–15:00 | lundi: 08:30–15:00 | mardi: 08:30–15:00 | mercredi: 08:30–15:00 | jeudi: 08:30–12:00 | vendredi: Fermé | samedi: 08:30–15:00"
2556,"El Mouradia","dimanche: 09:00–16:30"
2557,"Souidania","dimanche: 09:00–15:00 | lundi: 09:00–15:00 | mardi: 09:00–15:00 | mercredi: 09:00–15:00 | jeudi: 09:00–15:00 | vendredi: Fermé | samedi: 09:00–17:00"
2558,"Gué de Constantine","dimanche: 09:00–17:30 | lundi: 09:00–17:30 | mardi: 09:00–17:00 | mercredi: 09:00–17:30 | jeudi: 09:00–15:30 | vendredi: Fermé | samedi: 09:00–17:30"
2559,"Bouzareah","dimanche: 09:00–16:00"
256,"El Oued","Non renseigné"
2560,"Hussein Dey","dimanche: 08:00–18:00"
2563,"Batna","Non renseigné"
2564,"Cité 500 logements Bt 29","dimanche: 07:00–15:00 | lundi: 07:00–15:00 | mardi: 07:00–15:00 | mercredi: Ouvert 24h/24 | jeudi: 07:00–15:00 | vendredi: Fermé | samedi: 07:00–15:00"
2565,"Oran","Non renseigné"
2566,"Skikda","dimanche: 08:00–22:00"
2567,"","Non renseigné"
2568,"Oran","dimanche: 08:30–16:30 | lundi: 08:30–16:30 | mardi: 08:30–16:30 | mercredi: 08:30–16:30 | jeudi: 08:30–16:30 | vendredi: Fermé | samedi: 08:30–16:30"
257,"","dimanche: 08:00–16:30"
2571,"Oran","dimanche: 08:00–17:00"
2572,"Oran","dimanche: 08:00–17:00"
2575,"El Mouradia","dimanche: 08:00–16:00"
2576,"Batna","Non renseigné"
2577,"El Oued","Non renseigné"
2578,"El-Othmaniya","dimanche: 08:00–20:00 | lundi: 08:00–20:00 | mardi: 08:00–20:00 | mercredi: 08:00–20:00 | jeudi: 08:00–20:00 | vendredi: 08:00–20:00 | samedi: 08:00–20:00"
2579,"El Oued","Non renseigné"
2580,"Bir El Djir","dimanche: 08:00–15:00"
2582,"Constantine","dimanche: 09:00–16:00"
2583,"Oran","Non renseigné"
2586,"Oran","dimanche: 08:00–16:00"
2588,"Skikda","Non renseigné"
2589,"Annaba","dimanche: 08:00–15:00"
259,"Mostaganem","dimanche: 08:30–17:00 | lundi: 08:30–17:00 | mardi: 08:30–17:00 | mercredi: 08:30–17:00 | jeudi: 08:30–13:00 | vendredi: Fermé | samedi: 08:30–17:00"
2591,"Oran","dimanche: 08:00–17:00 | lundi: 08:00–17:00 | mardi: 08:00–17:00 | mercredi: 08:00–17:00 | jeudi: 08:00–17:00 | vendredi: Fermé | samedi: 08:00–17:00"
260,"Batna","dimanche: 08:00–18:00"
2600,"Béjaïa","dimanche: 09:00–16:00 | lundi: 09:00–16:00 | mardi: 09:00–16:00 | mercredi: 09:00–16:00 | jeudi: 09:00–16:00 | vendredi: Fermé | samedi: Fermé"
2602,"","Non renseigné"
2603,"Oran","dimanche: 08:30–15:30"
2606,"Sétif","dimanche: 08:00–17:00"
2609,"Aïn Oulmene","dimanche: 08:00–16:00"
261,"Jijel","dimanche: 09:00–17:00"
2610,"Bir Mourad Raïs","Non renseigné"
2614,"Sidi MHamed","dimanche: 09:00–15:00"
2617,"1 er étage","dimanche: 09:00–16:00"
2619,"Annaba","Non renseigné"
262,"Bat 27 N 243","Non renseigné"
2621,"Alger","dimanche: 08:30–16:00 | lundi: 08:30–16:00 | mardi: 08:30–12:00 | mercredi: 08:30–16:00 | jeudi: 08:30–16:00 | vendredi: Fermé | samedi: 08:30–13:00"
2622,"Oran","dimanche: 09:00–17:00"
2624,"Ain Arnat","dimanche: 08:00–16:00"
2625,"El Bouni","dimanche: 09:00–17:00"
2626,"Batna","Non renseigné"
2627,"Oran","dimanche: 09:00–12:0014:00–17:00 | lundi: 09:00–12:0014:00–17:00 | mardi: 09:00–12:0014:00–17:00 | mercredi: 09:00–12:0014:00–17:00 | jeudi: 09:00–12:0014:00–17:00 | vendredi: Fermé | samedi: 09:00–12:0014:00–17:00"
2628,"Batna","Non renseigné"
2629,"Annaba","dimanche: 08:00–18:00"
2630,"El Biar","Non renseigné"
2631,"Bir El Djir","Non renseigné"
2632,"Annaba","dimanche: 08:30–16:30 | lundi: 08:30–16:30 | mardi: 08:30–16:30 | mercredi: 08:30–16:30 | jeudi: 08:30–16:30 | vendredi: Fermé | samedi: 08:30–16:30"
2634,"Bir El Djir","dimanche: 08:00–16:00 | lundi: 08:00–16:00 | mardi: 08:00–16:00 | mercredi: 08:00–16:00 | jeudi: 08:00–16:00 | vendredi: Fermé | samedi: 09:00–17:00"
2635,"Annaba","dimanche: 09:00–16:00"
2637,"Annaba","dimanche: Ouvert 24h/24"
2639,"Oued Tlélat","dimanche: 08:30–16:00"
264,"El Khroub","dimanche: 08:00–17:00 | lundi: 08:00–17:00 | mardi: 08:00–17:00 | mercredi: 08:00–17:00 | jeudi: 08:00–17:00 | vendredi: Fermé | samedi: 08:00–17:00"
2640,"Sétif","dimanche: Fermé"
2641,"El Oued","dimanche: 08:00–17:00 | lundi: 08:00–17:00 | mardi: 08:00–17:00 | mercredi: 08:00–17:00 | jeudi: 08:00–17:00 | vendredi: Fermé | samedi: 08:00–17:00"
2645,"Alger Centre","dimanche: 08:00–16:00"
2647,"Draria","dimanche: 08:00–17:00"
2649,"Annaba","Non renseigné"
2651,"Bab Ezzouar","dimanche: 08:00–17:00"
2654,"El Bouni","dimanche: 08:00–15:30"
2656,"Kouba","Non renseigné"
2659,"Oran","dimanche: 08:00–16:00"
266,"Jijel","dimanche: 09:00–17:00"
2660,"Béjaïa","dimanche: 09:00–16:00 | lundi: 09:00–16:00 | mardi: Fermé | mercredi: 09:00–16:00 | jeudi: 09:00–16:00 | vendredi: Fermé | samedi: 09:00–13:00"
2666,"El Khroub","dimanche: 09:00–16:00"
267,"Annaba","Non renseigné"
2671,"Jebenet Lihoud","dimanche: 08:00–15:00"
2674,"Sidi MHamed","dimanche: 09:00–18:00 | lundi: 09:00–18:00 | mardi: 09:00–18:00 | mercredi: 09:00–18:00 | jeudi: 09:00–18:00 | vendredi: Fermé | samedi: Fermé"
268,"Ouargla","dimanche: 08:00–22:00"
2682,"El Eulma","Non renseigné"
2683,"Constantine","dimanche: 08:00–16:00"
2684,"Batna","dimanche: 08:00–16:30 | lundi: 08:00–12:00 | mardi: 08:00–16:30 | mercredi: 08:00–12:00 | jeudi: 08:00–16:30 | vendredi: Fermé | samedi: 08:00–16:30"
2687,"Oran","dimanche: 08:30–16:00"
2688,"Baraki","Non renseigné"
2689,"Mahelma","dimanche: 09:00–16:00"
269,"Jijel","dimanche: 09:00–18:30"
2697,"Tazoult","Non renseigné"
2698,"Bir El Djir","Non renseigné"
2699,"Réghaïa","dimanche: 08:30–16:00"
27,"Béjaïa","Non renseigné"
2700,"Oran","Non renseigné"
2702,"Oran","dimanche: 09:00–17:00"
2705,"El Khroub","dimanche: 08:00–16:00 | lundi: 08:00–16:00 | mardi: 08:00–16:00 | mercredi: 08:00–16:00 | jeudi: 08:00–16:00 | vendredi: Fermé | samedi: 08:00–16:00"
2706,"Belouizdad","dimanche: 10:00–16:30"
2708,"Berrahal","dimanche: 08:30–15:30 | lundi: 08:30–15:30 | mardi: 08:30–15:30 | mercredi: 08:30–15:30 | jeudi: 08:30–12:30 | vendredi: Fermé | samedi: 08:30–12:30"
2709,"Baba Hassen","dimanche: 08:00–16:30 | lundi: 08:00–16:30 | mardi: 08:00–16:30 | mercredi: 08:00–16:30 | jeudi: 08:00–16:00 | vendredi: Fermé | samedi: 08:00–16:00"
271,"Ouargla","dimanche: 09:00–17:00"
2711,"Hydra","dimanche: 08:00–12:0013:00–17:00"
2712,"Oran","dimanche: 07:00–16:00 | lundi: 07:00–16:00 | mardi: 07:00–16:00 | mercredi: 07:00–16:00 | jeudi: 07:00–16:00 | vendredi: Fermé | samedi: 07:00–16:00"
2713,"Oran","dimanche: 08:30–17:00 | lundi: 08:30–17:00 | mardi: 08:30–17:00 | mercredi: 08:30–17:00 | jeudi: 08:30–17:00 | vendredi: Fermé | samedi: 08:30–17:00"
2714,"El Harrach","dimanche: 09:00–15:00"
2716,"Aïn Benian","dimanche: 08:00–18:00"
2717,"Annaba","dimanche: Ouvert 24h/24"
272,"Oran","dimanche: Ouvert 24h/24"
2723,"Alger Centre","dimanche: 10:00–18:00"
2726,"Rouïba","dimanche: 07:30–00:00"
2727,"cité 444 lgts Said Hamdine Bt A1 cité Said Hamdine","dimanche: 08:30–17:00"
2729,"Réghaïa","dimanche: 08:00–17:00"
273,"Oran","dimanche: 09:00–17:00"
2730,"Batna","dimanche: 08:30–16:00"
2732,"Skikda","Non renseigné"
2733,"Bir El Djir","dimanche: 08:00–17:00"
2736,"Birkhadem","dimanche: 09:00–15:00 | lundi: 09:00–15:00 | mardi: 09:00–15:00 | mercredi: 09:00–15:00 | jeudi: 09:00–13:00 | vendredi: Fermé | samedi: 09:00–15:00"
2737,"Cité de l","Non renseigné"
2738,"Oran","dimanche: 09:00–16:00"
274,"Tlemcen","dimanche: Ouvert 24h/24"
2743,"Réghaïa","dimanche: 08:00–16:00"
2744,"Bir El Djir","Non renseigné"
2749,"Annaba","Non renseigné"
275,"Cité CNEP","dimanche: 09:00–16:00 | lundi: 09:00–13:00 | mardi: 09:00–16:00 | mercredi: 09:00–16:00 | jeudi: 09:00–13:00 | vendredi: Fermé | samedi: 09:00–16:00"
2750,"Les annassers","dimanche: 09:00–17:00 | lundi: 09:00–18:00 | mardi: 09:00–18:00 | mercredi: 09:00–18:00 | jeudi: 09:00–18:00 | vendredi: Fermé | samedi: 09:00–18:00"
2751,"Bir Mourad Raïs","dimanche: 09:00–12:00 | lundi: 09:00–12:00 | mardi: 09:00–12:00 | mercredi: 09:00–12:00 | jeudi: 09:00–12:00 | vendredi: Fermé | samedi: 09:00–12:00"
2752,"Oran","dimanche: 08:00–16:30 | lundi: 08:00–16:30 | mardi: 08:00–16:30 | mercredi: 08:00–16:30 | jeudi: 08:00–16:30 | vendredi: Fermé | samedi: 08:00–12:30"
2754,"Annaba","dimanche: 07:30–16:30"
2755,"Kouba","dimanche: 08:39–18:00"
2757,"CITE MAKNOUCHE Coop SAADA Villa n 82/ Ain naadja","dimanche: 09:00–17:00 | lundi: 09:00–17:00 | mardi: 09:00–17:00 | mercredi: 09:00–17:00 | jeudi: 09:00–17:00 | vendredi: Fermé | samedi: 09:00–17:00"
276,"Batna","dimanche: 08:30–16:00"
2760,"Oran","dimanche: 08:30–17:00"
2761,"Oran","Non renseigné"
2763,"Annaba","dimanche: 08:00–16:30"
2765,"El Biar","dimanche: 08:30–17:30 | lundi: 08:30–17:30 | mardi: 08:30–17:30 | mercredi: 08:30–17:30 | jeudi: 08:30–17:30 | vendredi: Fermé | samedi: Fermé"
2766,"Gué de Constantine","dimanche: 09:00–17:00"
2767,"Belouizdad","dimanche: 09:00–17:00 | lundi: 09:00–17:00 | mardi: 09:00–17:00 | mercredi: 09:00–17:00 | jeudi: 09:00–17:00 | vendredi: Fermé | samedi: 09:00–17:00"
277,"Blida","dimanche: 09:00–17:00"
2770,"Chéraga","dimanche: 08:00–16:00 | lundi: 08:00–16:00 | mardi: 08:00–16:00 | mercredi: 08:00–16:00 | jeudi: 08:00–16:00 | vendredi: Fermé | samedi: Fermé"
2771,"Saoula","dimanche: 09:00–19:00"
2772,"Bouzareah","dimanche: 08:30–16:30"
2775,"Oran","dimanche: 08:00–16:00"
278,"Batna","dimanche: Ouvert 24h/24"
2780,"","Non renseigné"
2781,"Chéraga","dimanche: 08:00–16:00 | lundi: 08:00–16:00 | mardi: 08:00–16:00 | mercredi: 08:00–16:00 | jeudi: 08:00–16:00 | vendredi: Fermé | samedi: 08:00–16:00"
2782,"Oran","dimanche: 09:00–15:00"
2783,"Hussein Dey","dimanche: 08:30–18:00"
2785,"Draria","dimanche: 10:00–18:00 | lundi: Fermé | mardi: 10:00–18:00 | mercredi: 10:00–18:00 | jeudi: 10:00–18:00 | vendredi: Fermé | samedi: 10:00–18:00"
2786,"Béjaïa","dimanche: 08:30–14:00"
2787,"Oran","dimanche: 08:00–19:00"
2789,"Annaba","dimanche: 08:30–17:00"
2790,"Oran","dimanche: 09:00–16:00"
2792,"Béjaïa","dimanche: 09:00–15:30 | lundi: 09:00–15:30 | mardi: 09:00–15:30 | mercredi: 09:00–15:30 | jeudi: 09:00–15:30 | vendredi: Fermé | samedi: Fermé"
2793,"Oran","Non renseigné"
2794,"Bouzareah","dimanche: 08:30–16:30 | lundi: 08:30–16:30 | mardi: 08:30–12:00 | mercredi: 08:30–16:30 | jeudi: 08:30–16:30 | vendredi: Fermé | samedi: 08:30–16:30"
2795,"Oran","dimanche: 08:30–16:30"
2796,"Setif","Non renseigné"
2797,"Batna","dimanche: 07:00–17:00"
2798,"Birkhadem","dimanche: 09:00–15:00"
2799,"Oran","dimanche: 08:00–16:00 | lundi: 08:00–16:00 | mardi: 08:00–16:00 | mercredi: 08:00–16:00 | jeudi: 08:00–16:00 | vendredi: Fermé | samedi: 08:00–14:00"
28,"Béjaïa","dimanche: 09:00–22:00"
2801,"Bordj El Kiffan","dimanche: 08:00–18:00"
2802,"Constantine","dimanche: 08:00–15:00"
2803,"Oran","dimanche: 08:00–17:00"
2804,"Bab Ezzouar","dimanche: 08:00–17:30"
2805,"Bab Ezzouar","dimanche: 08:30–16:00"
2806,"Belouizdad","dimanche: 09:00–16:00"
2807,"Bir El Djir","dimanche: 08:30–16:30"
281,"Setif","dimanche: 08:00–00:00"
2810,"Chéraga","dimanche: 09:00–16:00"
2811,"CITE 214 LOGTS BATIMENT 21NUMERO 2 ET 3 CHERAGA","dimanche: 09:30–15:30"
2812,"Batna","dimanche: 08:00–16:30 | lundi: 08:00–16:30 | mardi: 08:00–16:30 | mercredi: 08:00–16:30 | jeudi: 08:00–16:30 | vendredi: Fermé | samedi: 08:00–16:30"
2817,"Bordj El Bahri","Non renseigné"
2818,"Bordj El Kiffan","dimanche: 08:30–16:00"
2819,"Annaba","dimanche: 08:30–16:00 | lundi: 08:30–16:00 | mardi: 08:30–16:00 | mercredi: 08:30–16:00 | jeudi: 08:30–14:00 | vendredi: Fermé | samedi: 08:30–16:00"
282,"Batna","dimanche: 09:00–17:00"
2821,"Mohammadia","dimanche: 08:00–16:00"
2823,"El Achour","Non renseigné"
2825,"El Mouradia","dimanche: 09:00–16:00 | lundi: 09:00–16:00 | mardi: 09:00–16:00 | mercredi: 09:00–16:00 | jeudi: 09:00–16:00 | vendredi: Fermé | samedi: 09:00–16:00"
2826,"Oran","dimanche: 09:30–16:00"
2827,"Oran","dimanche: 08:00–16:00"
2828,"Bourouba","dimanche: 08:00–17:00 | lundi: 08:00–17:00 | mardi: 08:00–17:00 | mercredi: 08:00–17:00 | jeudi: Fermé | vendredi: Fermé | samedi: 08:00–17:00"
2829,"Baraki","dimanche: 08:00–17:00"
2830,"Oran","dimanche: 08:30–12:00"
2831,"Béjaïa","Non renseigné"
2832,"Alger Centre","dimanche: 08:00–16:00"
2833,"Benaknoun","dimanche: 09:00–16:00"
2835,"Béjaïa","dimanche: 08:00–16:00 | lundi: 08:00–16:00 | mardi: 08:00–16:00 | mercredi: 08:00–16:00 | jeudi: 08:00–16:00 | vendredi: Fermé | samedi: 08:00–13:00"
2838,"El Biar","dimanche: 09:00–16:00"
2839,"101 NOUVELLE VILLE UV5 Ali Mendjeli","dimanche: 08:00–16:30"
2841,"Birkhadem","dimanche: 09:00–17:00 | lundi: 09:00–17:00 | mardi: 09:00–17:00 | mercredi: 09:00–17:00 | jeudi: 09:00–17:00 | vendredi: Fermé | samedi: Fermé"
2842,"Constantine","dimanche: 08:00–12:00"
2847,"Sétif","Non renseigné"
2848,"Oran","Non renseigné"
285,"Batna","dimanche: 09:00–19:00 | lundi: 09:00–19:00 | mardi: 09:00–19:00 | mercredi: 09:00–19:00 | jeudi: 09:00–19:00 | vendredi: Fermé | samedi: 09:00–19:00"
2851,"Bir El Djir","dimanche: 08:00–17:00"
2852,"Béjaïa","dimanche: 08:00–16:00"
2854,"Kouba","dimanche: 08:00–16:30 | lundi: 08:00–16:30 | mardi: 08:00–16:30 | mercredi: 08:00–16:30 | jeudi: 08:00–16:30 | vendredi: 08:00–16:30 | samedi: 08:00–16:30"
2857,"Bir El Djir","dimanche: 09:00–16:00 | lundi: 09:00–16:00 | mardi: 09:00–16:00 | mercredi: 09:00–16:00 | jeudi: 09:00–16:00 | vendredi: Fermé | samedi: 09:00–16:00"
2858,"Oran","Non renseigné"
2859,"Hydra","dimanche: 08:30–13:00 | lundi: 08:30–13:00 | mardi: 08:30–11:00 | mercredi: 08:30–13:00 | jeudi: Fermé | vendredi: Fermé | samedi: 08:30–13:00"
286,"Batna","dimanche: 08:00–18:00"
2860,"","Non renseigné"
2861,"Kouba","dimanche: 09:00–17:00"
2862,"Les Eucalyptus","dimanche: 08:30–15:30"
2863,"Annaba","dimanche: 08:00–17:30"
2864,"Bab Ezzouar","dimanche: 08:30–14:00"
2865,"Hydra","dimanche: Ouvert 24h/24 | lundi: Ouvert 24h/24 | mardi: Ouvert 24h/24 | mercredi: Ouvert 24h/24 | jeudi: Ouvert 24h/24 | vendredi: Ouvert 24h/24 | samedi: Ouvert 24h/24"
2867,"Kouba","dimanche: 09:00–16:00"
2868,"Kouba","dimanche: 09:00–16:00"
2869,"Annaba","dimanche: 08:30–16:00"
287,"El-Kseur","dimanche: 08:00–17:00"
2871,"Tenazat Ex.Plateaux","dimanche: 08:00–16:30"
2872,"Guidjel","dimanche: 08:00–16:00 | lundi: 08:00–16:00 | mardi: 08:00–16:00 | mercredi: 08:00–16:00 | jeudi: 08:00–16:00 | vendredi: Fermé | samedi: 08:00–16:00"
2874,"Draria","dimanche: 08:00–16:00"
2879,"El Bouni","Non renseigné"
288,"Jijel","dimanche: 08:00–19:00"
2882,"Alger plage (à côté du primaire taleb Abderrahmane) n 715-716 2eme etage bordj el bahri BORDJ ELBAHRI","dimanche: 08:00–17:00"
2885,"Gué de Constantine","dimanche: 09:00–15:30"
2886,"Oran","dimanche: 09:00–16:00 | lundi: 09:00–16:00 | mardi: 09:00–16:00 | mercredi: 09:00–16:00 | jeudi: 09:00–16:00 | vendredi: Fermé | samedi: 09:00–16:00"
2889,"El Khroub","dimanche: 08:30–16:00"
289,"Blida","dimanche: 09:30–17:00"
2891,"Bir El Djir","dimanche: 08:00–20:00 | lundi: 08:00–20:00 | mardi: 08:00–20:00 | mercredi: 08:00–20:00 | jeudi: 08:00–20:00 | vendredi: Fermé | samedi: 08:00–20:00"
2892,"Rouiba","dimanche: 08:00–15:00"
2895,"Oran","dimanche: 08:30–17:00"
2897,"Annaba","dimanche: 08:00–17:00 | lundi: 08:00–17:00 | mardi: 08:00–17:00 | mercredi: 08:00–17:00 | jeudi: 08:00–17:00 | vendredi: 08:00–17:00 | samedi: 08:00–17:00"
2898,"Oran","dimanche: 08:00–16:00"
29,"Bir El Djir","dimanche: 09:00–17:00"
290,"Batna","dimanche: 08:00–14:00"
2900,"Birtouta","dimanche: Fermé"
2901,"Oran","Non renseigné"
2904,"Annaba","dimanche: 09:00–16:00"
2906,"Alger Centre","dimanche: 13:00–17:00 | lundi: Fermé | mardi: 10:00–17:00 | mercredi: 13:00–17:00 | jeudi: 10:00–17:00 | vendredi: Fermé | samedi: 10:00–17:00"
2907,"Aïn Benian","dimanche: 08:00–17:00"
291,"Oran","dimanche: Ouvert 24h/24"
2911,"Bir El Djir","dimanche: 09:00–15:00"
2912,"Constantine","dimanche: 08:00–15:00"
2913,"Oran","dimanche: 09:00–19:00 | lundi: 09:00–19:00 | mardi: 09:00–19:00 | mercredi: 09:00–19:00 | jeudi: 09:00–19:00 | vendredi: 14:00–19:00 | samedi: 09:00–19:00"
2914,"Gué de Constantine","dimanche: 08:30–16:00 | lundi: 08:30–16:00 | mardi: Fermé | mercredi: 08:30–16:00 | jeudi: 08:30–16:00 | vendredi: Fermé | samedi: 08:30–16:00"
2917,"Oran","dimanche: Ouvert 24h/24 | lundi: Ouvert 24h/24 | mardi: Ouvert 24h/24 | mercredi: Ouvert 24h/24 | jeudi: Ouvert 24h/24 | vendredi: Fermé | samedi: Ouvert 24h/24"
2919,"Belouizdad","dimanche: 08:00–16:00 | lundi: 08:00–16:00 | mardi: 08:00–16:00 | mercredi: 08:00–16:00 | jeudi: 08:00–16:00 | vendredi: Fermé | samedi: Fermé"
292,"Skikda","dimanche: 08:00–17:00"
2920,"eltarbia","dimanche: 08:00–18:00 | lundi: 08:00–18:00 | mardi: 08:00–18:00 | mercredi: 08:00–18:00 | jeudi: 08:00–18:00 | vendredi: Fermé | samedi: 08:00–18:00"
2921,"Oran","dimanche: 08:30–16:00"
2922,"Bir El Djir","Non renseigné"
2925,"Annaba","dimanche: 08:00–16:30"
2926,"Douera","dimanche: 08:00–16:00"
2928,"Batna","Non renseigné"
2929,"Setif","dimanche: 08:30–16:00"
293,"Skikda","Non renseigné"
2930,"Draria","Non renseigné"
2932,"Hydra","dimanche: 09:00–17:00"
2933,"Dar El Beïda","dimanche: 08:30–16:00"
2935,"Oran","dimanche: 08:00–17:00"
2939,"Bordj El Kiffan","Non renseigné"
294,"Oran","dimanche: 08:30–17:30"
2940,"El Khroub","dimanche: 08:00–15:30 | lundi: 08:00–15:30 | mardi: 08:00–15:30 | mercredi: 08:00–15:30 | jeudi: 08:00–11:00 | vendredi: Fermé | samedi: 08:00–13:30"
2941,"Bir El Djir","dimanche: 09:00–17:00 | lundi: 09:00–17:00 | mardi: 09:00–17:00 | mercredi: 09:00–17:00 | jeudi: 09:00–17:00 | vendredi: Fermé | samedi: 09:00–17:00"
2945,"Bir El Djir","dimanche: 08:30–15:00 | lundi: 08:30–15:00 | mardi: 08:30–15:00 | mercredi: 08:30–15:00 | jeudi: 08:30–15:00 | vendredi: Fermé | samedi: 08:30–15:00"
2946,"Oran","dimanche: 09:00–17:00 | lundi: 09:00–17:00 | mardi: 09:00–17:00 | mercredi: 09:00–17:00 | jeudi: 09:00–17:00 | vendredi: Fermé | samedi: Fermé"
2947,"","Non renseigné"
2948,"Oran","dimanche: 08:30–16:30 | lundi: 08:30–16:30 | mardi: 08:30–16:30 | mercredi: 08:30–16:30 | jeudi: 08:30–16:30 | vendredi: Fermé | samedi: 08:30–16:30"
2949,"El Khroub","Non renseigné"
295,"Tlemcen","dimanche: 09:00–15:00"
2951,"Bir El Djir","dimanche: 08:00–16:30"
2953,"Béjaïa","Non renseigné"
2957,"38 Rue frére khenouche KOUBA ALGER ALGER","dimanche: 09:00–13:30"
2958,"Oran","Non renseigné"
296,"El Bouni","dimanche: 08:30–21:00 | lundi: 08:30–21:00 | mardi: 08:30–21:00 | mercredi: 08:30–21:00 | jeudi: 08:30–21:00 | vendredi: Fermé | samedi: 08:30–21:00"
2965,"El Biar","dimanche: 10:00–16:00 | lundi: 10:30–16:00 | mardi: 10:30–16:00 | mercredi: 10:30–16:00 | jeudi: 10:30–16:00 | vendredi: Fermé | samedi: 10:30–14:00"
2966,"Batna","dimanche: 08:00–14:00 | lundi: 08:00–14:00 | mardi: 08:00–14:00 | mercredi: 08:00–14:00 | jeudi: 08:00–14:00 | vendredi: Fermé | samedi: 08:00–14:00"
2967,"Oran","dimanche: 09:00–14:00 | lundi: Fermé | mardi: 09:00–14:00 | mercredi: 09:00–14:00 | jeudi: 09:00–14:00 | vendredi: Fermé | samedi: 09:00–14:00"
2968,"Béjaïa","dimanche: 08:15–16:00"
297,"El Oued","dimanche: 08:30–20:30"
2970,"Cabinet Médical Dr ZERGUI Residence El Mehdi derrière mosquée MachaAllah 73 logements LPA ilot3 batiment B1،","dimanche: 08:30–17:00"
2972,"Souk Et Tnine","Non renseigné"
2973,"Saoula","dimanche: 09:00–17:00"
2974,"Oran","dimanche: 08:30–16:30 | lundi: 08:30–16:30 | mardi: 08:30–16:30 | mercredi: 08:30–16:30 | jeudi: 08:30–12:30 | vendredi: Fermé | samedi: 08:30–16:30"
2976,"Sétif","dimanche: 08:30–16:30"
2977,"Oran","dimanche: 08:30–16:00"
2978,"Cité AADL ain el malha  logement bâtiment C6 numéro 02 djasr kacentina En Face de la mosquée EL HOUDA Alger","dimanche: 09:00–00:00"
2979,"Bordj El Bahri","dimanche: 08:00–16:00"
298,"Ouargla","dimanche: 08:00–18:00"
2980,"05000Batna","dimanche: 07:30–17:30"
2981,"Bordj El Bahri","dimanche: 08:30–17:00"
2983,"Béni Messous","dimanche: 09:00–15:30"
2984,"Bir El Djir","dimanche: 08:30–14:00"
2988,"Hussein Dey","dimanche: 08:30–17:00 | lundi: 08:30–17:00 | mardi: 08:30–16:00 | mercredi: 09:00–17:00 | jeudi: 09:00–17:00 | vendredi: Fermé | samedi: 09:00–15:30"
299,"Ain Arnat","dimanche: 08:00–16:00"
2991,"Ben Aknoun","dimanche: 09:00–16:00 | lundi: 09:00–16:00 | mardi: 09:00–13:00 | mercredi: 09:00–16:00 | jeudi: 09:00–16:00 | vendredi: Fermé | samedi: 09:00–13:00"
2992,"El Achour","dimanche: Ouvert 24h/24 | lundi: Ouvert 24h/24 | mardi: Ouvert 24h/24 | mercredi: Ouvert 24h/24 | jeudi: Ouvert 24h/24 | vendredi: Fermé | samedi: Ouvert 24h/24"
2993,"Hraoua","dimanche: 09:00–16:00"
2994,"Annaba","Non renseigné"
2996,"Oran","Non renseigné"
2999,"Kouba","dimanche: Ouvert 24h/24"
3,"Oran","dimanche: 08:00–18:00"
30,"Oran","dimanche: 09:00–17:00"
3001,"Gué de Constantine","dimanche: 09:00–18:00"
3002,"ain naajda","dimanche: 10:00–15:00"
3007,"Sétif","dimanche: 08:30–14:00"
3009,"Oran","Non renseigné"
301,"Rue colonel Amirouche n°03Elhadjar","dimanche: 08:00–17:00"
3010,"Constantine","Non renseigné"
3014,"Bir Mourad Raïs","dimanche: 09:00–16:00"
3015,"Oran","Non renseigné"
3016,"Oran","dimanche: 08:00–17:00 | lundi: 08:00–17:00 | mardi: 08:00–17:00 | mercredi: 08:00–17:00 | jeudi: 08:00–17:00 | vendredi: Fermé | samedi: 08:00–17:00"
3017,"Es Senia","dimanche: 08:00–17:00 | lundi: 08:00–17:00 | mardi: 08:00–17:00 | mercredi: 08:00–17:00 | jeudi: 08:00–17:00 | vendredi: Fermé | samedi: Fermé"
3018,"Hussein Dey","Non renseigné"
3019,"Bousfer","Non renseigné"
302,"Batna","dimanche: 07:30–17:00"
3020,"Oran","dimanche: 09:00–16:00"
3021,"Draria","dimanche: 09:00–15:00"
3023,"Sidi MHamed","dimanche: Fermé"
3025,"25 Boulevard Ouaked Ahmed، Chéraga","dimanche: 09:00–16:30"
3029,"Algérie","dimanche: 08:00–16:00"
303,"Ouargla","dimanche: 08:30–15:00"
3030,"La Cave، Souidania","dimanche: 08:30–12:0013:00–16:00"
3031,"Bir El Djir","dimanche: Ouvert 24h/24"
3032,"Bir El Djir","dimanche: 09:00–15:00 | lundi: 09:00–15:00 | mardi: 09:00–15:00 | mercredi: 09:00–15:00 | jeudi: 09:00–15:00 | vendredi: Fermé | samedi: Fermé"
3033,"Seraïdi","dimanche: 08:00–17:00"
3034,"El Achour","dimanche: 08:00–16:30 | lundi: 08:00–16:30 | mardi: 08:00–16:30 | mercredi: 08:00–16:30 | jeudi: 08:00–16:30 | vendredi: Fermé | samedi: 09:00–15:00"
3035,"Chéraga","dimanche: 09:00–17:00"
3036,"Es Sénia","dimanche: 09:00–17:00"
3037,"El Biar","dimanche: 09:00–17:00 | lundi: 09:00–17:00 | mardi: 09:00–17:00 | mercredi: 09:00–17:00 | jeudi: 09:00–17:00 | vendredi: Fermé | samedi: 09:00–17:00"
3038,"Setif","Non renseigné"
304,"Béjaïa","dimanche: 08:00–15:00"
3042,"Bouzareah","dimanche: 09:00–16:00"
3044,"Oran","dimanche: 08:30–12:3014:00–17:00"
3049,"Draria","dimanche: 09:00–16:00 | lundi: 09:00–16:00 | mardi: 09:00–16:00 | mercredi: 09:00–16:00 | jeudi: 09:00–12:00 | vendredi: Fermé | samedi: 09:00–16:00"
305,"Sidi Khouiled","dimanche: Ouvert 24h/24"
3050,"Bir El Djir","dimanche: 08:30–21:00"
3051,"El Mouradia","dimanche: 09:00–15:30 | lundi: 09:00–15:30 | mardi: 09:00–15:30 | mercredi: 09:00–15:30 | jeudi: 09:00–15:30 | vendredi: Fermé | samedi: Fermé"
3052,"Bachdjerrah","dimanche: 08:00–16:00"
3057,"Kouba","dimanche: 09:00–17:00"
3058,"El Bouni 01","dimanche: 08:00–17:00"
3059,"El Khroub","dimanche: 08:00–17:00"
306,"Bir El Djir","dimanche: 08:30–17:30"
3062,"Kouba","dimanche: 09:00–16:00"
3063,"El Khroub","Non renseigné"
3064,"Oran","Non renseigné"
3065,"Oran","dimanche: 08:30–16:30"
3067,"Bachdjerah","dimanche: 10:00–17:00"
307,"Batna","dimanche: 08:00–16:30 | lundi: 08:00–16:30 | mardi: 08:00–16:30 | mercredi: 08:00–16:30 | jeudi: 08:00–13:00 | vendredi: Fermé | samedi: 08:00–16:30"
3070,"Oran","dimanche: 08:30–16:30"
3073,"","Non renseigné"
3077,"Oran","dimanche: 08:30–16:00"
3078,"Belouizdad","dimanche: 08:30–12:3013:00–15:30"
3079,"Batna","dimanche: 08:00–17:00 | lundi: 08:00–17:00 | mardi: 08:00–17:00 | mercredi: 08:00–17:00 | jeudi: 08:00–17:00 | vendredi: Fermé | samedi: 08:00–17:00"
3080,"Béjaïa","dimanche: 08:00–16:00 | lundi: 08:00–16:00 | mardi: 08:00–16:00 | mercredi: 08:00–16:00 | jeudi: 08:00–16:00 | vendredi: Fermé | samedi: Fermé"
3083,"El Achour","dimanche: 09:00–15:30 | lundi: 09:00–15:30 | mardi: Fermé | mercredi: 09:00–15:30 | jeudi: 09:00–15:30 | vendredi: Fermé | samedi: 10:00–13:00"
3084,"Oran","Non renseigné"
3085,"Bir El Djir","dimanche: 08:00–17:00"
3086,"Oran","dimanche: 09:00–17:00"
3087,"Constantine","Non renseigné"
3089,"Batna","Non renseigné"
3090,"El Madania","dimanche: 08:30–16:00"
3091,"Bourouba","dimanche: 08:30–15:30 | lundi: 08:30–15:30 | mardi: 08:30–15:30 | mercredi: 08:30–15:30 | jeudi: 08:30–15:30 | vendredi: Fermé | samedi: 08:30–15:30"
3092,"Oran","dimanche: 08:30–16:00 | lundi: 08:30–16:00 | mardi: 08:30–16:00 | mercredi: 08:30–16:00 | jeudi: 08:30–16:00 | vendredi: Fermé | samedi: 08:30–16:00"
3094,"","Non renseigné"
3095,"Oran","dimanche: Ouvert 24h/24"
3096,"Hai chouhada hai sabah BT A5 1 er étage،","dimanche: 08:00–18:00"
3097,"Hydra","dimanche: 09:00–15:00"
3099,"Aïn Smara","dimanche: 08:00–16:30"
310,"Bouzareah","dimanche: 08:30–17:00"
3100,"Oran","dimanche: 08:30–17:00 | lundi: 08:30–17:00 | mardi: 08:30–17:00 | mercredi: 08:30–17:00 | jeudi: 08:30–13:00 | vendredi: Fermé | samedi: 08:30–17:00"
3102,"Dely Ibrahim","dimanche: Fermé"
3103,"Dely Ibrahim","Non renseigné"
3104,"El Harrach","dimanche: 09:00–15:00"
3106,"Constantine","Non renseigné"
3107,"Bab El Oued","dimanche: 09:00–16:30 | lundi: 09:00–16:30 | mardi: 09:00–16:30 | mercredi: 09:00–16:30 | jeudi: 09:00–14:00 | vendredi: Fermé | samedi: 09:00–14:00"
3108,"El Bouni","dimanche: 08:00–16:00 | lundi: 08:00–16:00 | mardi: 08:00–16:00 | mercredi: 08:00–16:00 | jeudi: 08:00–16:00 | vendredi: Fermé | samedi: 08:00–16:00"
3109,"Oran","dimanche: 08:00–00:00"
311,"Batna","dimanche: 08:00–17:00"
3110,"Annaba","dimanche: 08:00–13:00"
3112,"Setif","dimanche: 07:30–17:00"
3113,"Bouzareah","Non renseigné"
3114,"Draria","dimanche: 10:00–15:30"
3115,"Annaba","dimanche: 08:00–16:00"
3118,"Bouzareah","dimanche: 14:00–20:00"
3119,"Bir El Djir","dimanche: 08:30–17:30"
312,"Guelma","Non renseigné"
3120,"Bir El Djir","dimanche: 09:00–19:00"
3121,"Rouïba","dimanche: 08:00–16:00"
3122,"Oran","dimanche: 08:00–17:00"
3123,"Birkhadem","dimanche: 11:00–16:00"
3124,"Bordj El Bahri","dimanche: 08:30–12:0014:00–16:00"
3125,"Oran","dimanche: 09:00–17:00"
3126,"Bir El Djir","Non renseigné"
3127,"Oran","dimanche: 09:00–17:00"
3128,"Sétif","dimanche: 08:00–14:00"
313,"Bir El Djir","dimanche: Ouvert 24h/24"
3130,"Annaba","dimanche: 08:30–15:30"
3131,"Oran","dimanche: 08:00–17:00"
3133,"Ben Aknoun","Non renseigné"
3134,"Birkhadem","Non renseigné"
3135,"Kouba","dimanche: 08:30–16:00"
3136,"Oran","Non renseigné"
3137,"Sétif","dimanche: 09:00–14:30"
3139,"Bouzareah","dimanche: 09:00–22:00"
314,"Bouzareah","dimanche: 08:30–16:00"
3142,"Oran","Non renseigné"
3143,"El Ouricia","dimanche: 09:00–16:00"
3144,"Aïn Taya","dimanche: 07:30–17:00 | lundi: 07:30–17:00 | mardi: 07:30–17:00 | mercredi: 07:30–17:00 | jeudi: 07:30–14:00 | vendredi: Fermé | samedi: 07:30–17:00"
3146,"Aïn Smara","dimanche: 10:00–17:00"
3147,"Oran","dimanche: 09:00–16:30"
3149,"Draria Alger","dimanche: 09:00–17:00"
315,"Batna","dimanche: 08:00–17:00"
3150,"Réghaïa","dimanche: 09:00–16:00"
3151,"El Mouradia","dimanche: 09:00–12:0014:00–16:00"
3154,"El Khroub","dimanche: 09:00–13:30"
3155,"Bouzareah","dimanche: 08:00–17:00"
3156,"23 coopérative El Mouahiddine Hai Es Sabbah Oran","dimanche: 09:00–17:00 | lundi: 09:00–17:00 | mardi: 10:30–17:00 | mercredi: 09:00–13:00 | jeudi: 09:00–17:00 | vendredi: Fermé | samedi: Fermé"
3159,"Annaba","dimanche: 08:00–16:00 | lundi: 08:00–16:00 | mardi: 08:00–16:00 | mercredi: 08:00–16:00 | jeudi: 08:00–14:00 | vendredi: Fermé | samedi: 08:00–16:00"
316,"Oran","dimanche: Ouvert 24h/24"
3161,"Annaba","dimanche: 08:00–17:00 | lundi: Fermé | mardi: 08:00–17:00 | mercredi: 08:00–17:00 | jeudi: 08:00–17:00 | vendredi: Fermé | samedi: 08:00–17:00"
3162,"Gué de Constantine","dimanche: 08:00–17:00"
3163,"67 Avenue du 1er Novembre، ،","dimanche: 08:30–15:00"
3166,"El Achour،","dimanche: 09:00–17:00 | lundi: 09:00–17:00 | mardi: Fermé | mercredi: 09:00–17:00 | jeudi: 09:00–17:00 | vendredi: Fermé | samedi: 08:00–12:00"
317,"Batna","dimanche: 08:30–16:30"
3170,"Batna","dimanche: 08:00–04:00"
3171,"Draria","dimanche: 08:00–16:00"
3173,"Hussein Dey","dimanche: 09:00–16:00"
3174,"Birkhadem","Non renseigné"
3175,"Baba Hassen","dimanche: 09:00–16:00"
3176,"El Khroub","dimanche: 07:30–16:00"
3177,"Alger Centre","dimanche: 08:00–20:00"
3178,"El Achour","dimanche: 08:30–16:00 | lundi: 08:30–16:00 | mardi: 08:30–16:00 | mercredi: 08:30–16:00 | jeudi: 08:30–16:00 | vendredi: Fermé | samedi: 08:30–15:00"
318,"ex Mirauchaux","dimanche: 09:00–18:00"
3180,"Bachdjerrah","Non renseigné"
3183,"Oran","dimanche: 08:30–16:30"
3184,"Oran","dimanche: 08:00–22:00"
3185,"Bir Mourad Raïs","dimanche: 09:00–17:00"
3186,"Kouba","dimanche: 08:30–15:30 | lundi: 08:30–15:30 | mardi: Fermé | mercredi: 08:30–15:30 | jeudi: 08:30–15:30 | vendredi: Fermé | samedi: 14:00–16:00"
3188,"Oran","dimanche: 08:00–17:00"
3189,"Birkhadem","dimanche: 09:00–15:30"
319,"Béjaïa","dimanche: 01:00–01:3008:30–18:00"
3193,"Annaba","dimanche: 08:00–17:00"
3195,"Batna","Non renseigné"
3196,"Oran","dimanche: 09:00–13:00"
3197,"Draria","dimanche: 09:00–18:00"
3198,"Bir El Djir","dimanche: 09:00–17:00"
3199,"Batna","dimanche: 08:00–16:00"
32,"kiffane","dimanche: 09:00–16:30"
320,"7 Cité du 20 Août  - حي 20 أوت ، Skikda","dimanche: 08:00–17:00"
3200,"Bouzareah","Non renseigné"
3201,"Annaba","dimanche: 08:30–16:30 | lundi: 08:30–16:30 | mardi: 08:30–16:30 | mercredi: 08:30–16:30 | jeudi: Fermé | vendredi: Fermé | samedi: 08:30–16:30"
3202,"El-Kseur","dimanche: 08:00–17:00 | lundi: 08:00–17:00 | mardi: 08:00–17:00 | mercredi: 08:00–17:00 | jeudi: 08:00–17:00 | vendredi: Fermé | samedi: 08:00–17:00"
3203,"Oran","dimanche: 08:30–16:00"
3206,"Annaba","Non renseigné"
3207,"Birtouta","dimanche: 09:00–16:00"
3209,"117/2 cité 340 logements; seddikia BAT 38","dimanche: 08:00–16:30"
321,"Annaba","dimanche: 08:00–00:00 | lundi: 08:00–00:00 | mardi: 08:00–00:00 | mercredi: 08:00–00:00 | jeudi: 08:00–00:00 | vendredi: 14:00–00:00 | samedi: 08:00–00:00"
3211,"El Bouni","dimanche: 09:00–16:00 | lundi: 09:00–16:00 | mardi: 09:00–16:00 | mercredi: 09:00–16:00 | jeudi: 09:00–16:00 | vendredi: Fermé | samedi: 09:00–16:00"
3217,"Alger Centre","dimanche: 07:30–17:30"
3219,"Oran","dimanche: 08:00–20:00"
322,"Batna","dimanche: 08:30–14:30"
3221,"Annaba","dimanche: 09:00–17:00"
3223,"Béjaïa","dimanche: Ouvert 24h/24"
3224,"Bir El Djir","dimanche: 08:00–17:00"
323,"Annaba","dimanche: Ouvert 24h/24"
3231,"Bir El Djir","dimanche: 09:00–15:00"
3233,"Mohammadia","dimanche: 09:00–20:00"
3234,"Chéraga","dimanche: 08:30–15:30"
3235,"Hussein Dey","dimanche: 09:00–16:00"
3236,"Rue El Hidab Cité 30 Logement Promotion Keskas","dimanche: 08:00–23:00"
3237,"Dely Ibrahim","dimanche: 07:30–18:00"
3238,"Birkhadem","dimanche: 09:00–18:00"
3240,"Birkhadem","dimanche: 09:00–22:00"
3243,"Ouled Fayet","Non renseigné"
3244,"Birkhadem","dimanche: 08:30–17:00"
3245,"Rouïba","dimanche: 09:00–15:00"
3246,"Oran","dimanche: 08:30–17:00 | lundi: 08:30–17:00 | mardi: 08:30–17:00 | mercredi: 08:30–17:00 | jeudi: 08:30–17:00 | vendredi: Fermé | samedi: 08:30–17:00"
3247,"Sidi MHamed","dimanche: 08:00–17:00"
3248,"Sétif","dimanche: 08:00–16:00"
3249,"Oran","dimanche: 08:30–16:30"
3251,"El Achour","dimanche: 09:30–15:30"
3254,"Bir El Djir","dimanche: 09:00–16:30"
3255,"Oran","dimanche: 08:30–16:00 | lundi: 08:30–15:00 | mardi: 08:30–16:00 | mercredi: 08:30–15:00 | jeudi: 09:00–12:30 | vendredi: Fermé | samedi: 08:30–15:00"
3257,"sfiha setif","dimanche: Ouvert 24h/24"
3258,"Kouba","Non renseigné"
3259,"Sétif","dimanche: 08:00–22:00"
326,"El Oued","dimanche: 08:00–22:00"
3260,"Bordj El Kiffan","dimanche: 09:00–16:30"
3261,"Bab Ezzouar","dimanche: 09:00–15:00 | lundi: 09:00–15:00 | mardi: 09:00–15:00 | mercredi: 09:00–15:00 | jeudi: 09:00–12:00 | vendredi: Fermé | samedi: 09:00–15:00"
3262,"Mohammadia","dimanche: 09:00–17:00"
3264,"Bab El Oued","dimanche: 07:30–05:00"
3265,"Birkhadem","dimanche: 08:00–18:00"
3266,"Oran","dimanche: Ouvert 24h/24 | lundi: Ouvert 24h/24 | mardi: Ouvert 24h/24 | mercredi: Ouvert 24h/24 | jeudi: Ouvert 24h/24 | vendredi: Ouvert 24h/24 | samedi: Ouvert 24h/24"
3267,"Bir Mourad Raïs","dimanche: 09:00–17:00 | lundi: 09:00–17:00 | mardi: 09:00–17:00 | mercredi: 09:00–17:00 | jeudi: 09:00–17:00 | vendredi: Fermé | samedi: 09:00–13:00"
3268,"Bir El Djir","dimanche: 09:00–18:00"
3269,"Oran","dimanche: 08:00–17:00 | lundi: 08:00–17:00 | mardi: 08:00–17:00 | mercredi: 08:00–17:00 | jeudi: 08:00–17:00 | vendredi: Fermé | samedi: 08:00–17:00"
327,"Bayadha","Non renseigné"
3270,"Boulvard n°03","dimanche: 08:00–16:30 | lundi: 08:00–16:30 | mardi: 08:00–16:30 | mercredi: 08:00–16:30 | jeudi: 08:00–16:30 | vendredi: 08:00–16:30 | samedi: 08:00–16:30"
3273,"Birkhadem","Non renseigné"
3274,"Rouïba","dimanche: 07:00–17:00"
3275,"Birtouta","dimanche: 08:30–16:00"
3277,"Constantine","Non renseigné"
3278,"Kouba","dimanche: 08:30–16:30 | lundi: 08:30–16:30 | mardi: 08:30–16:30 | mercredi: 08:30–16:30 | jeudi: 08:30–16:30 | vendredi: Fermé | samedi: 08:30–16:30"
328,"Oran","dimanche: Ouvert 24h/24"
3280,"Bir Mourad Raïs","dimanche: Ouvert 24h/24"
3281,"Oran","dimanche: 08:00–17:30"
3282,"Annaba","Non renseigné"
3285,"Bouguirat","dimanche: 08:30–17:00 | lundi: 08:30–17:00 | mardi: 08:30–17:00 | mercredi: 08:30–17:00 | jeudi: 08:30–17:00 | vendredi: Fermé | samedi: 09:00–14:00"
3286,"El Biar","dimanche: Ouvert 24h/24"
3288,"Aïn El Turk","dimanche: 08:30–15:30 | lundi: 08:30–15:30 | mardi: 08:30–15:30 | mercredi: 08:30–15:30 | jeudi: 08:30–13:30 | vendredi: Fermé | samedi: 08:30–15:00"
3289,"Sidi MHamed","dimanche: 09:00–16:00"
329,"Sidi Khouiled","Non renseigné"
3290,"Cité  Logements Bât 59 B1،","dimanche: 08:00–16:00"
3292,"Bir El Djir","dimanche: 09:00–18:00"
3296,"Es Sénia","dimanche: 08:30–19:30"
3297,"Hydra","dimanche: 08:00–14:30"
33,"Oran","dimanche: 09:00–20:00 | lundi: 09:00–20:00 | mardi: 09:00–20:00 | mercredi: 09:00–20:00 | jeudi: 09:00–20:00 | vendredi: 09:00–20:00 | samedi: 09:00–20:00"
3302,"Chéraga","dimanche: 07:30–00:00"
3303,"Annaba","Non renseigné"
3305,"Oran","dimanche: Ouvert 24h/24"
3306,"Bouzareah","dimanche: 09:00–00:00"
3307,"Sétif","dimanche: 08:00–23:00"
3309,"Oran","dimanche: 08:30–16:30"
331,"179","dimanche: 08:30–16:30"
3312,"El Madania","dimanche: 09:00–16:00"
3315,"Oran","dimanche: 08:30–16:00 | lundi: 08:30–16:00 | mardi: 08:30–16:00 | mercredi: 08:30–16:00 | jeudi: 08:30–13:00 | vendredi: Fermé | samedi: 08:30–16:00"
3317,"","Non renseigné"
3319,"Oran","dimanche: 08:30–18:00 | lundi: 08:30–18:00 | mardi: 08:30–18:00 | mercredi: 08:30–18:00 | jeudi: 08:30–18:00 | vendredi: Fermé | samedi: 08:30–18:00"
332,"Ouargla","dimanche: 07:30–17:30"
3321,"Ben Aknoun","dimanche: 08:00–16:30"
3322,"Sidi MHamed","dimanche: 10:00–16:00"
3323,"Hydra","dimanche: 09:00–17:30 | lundi: 09:00–17:30 | mardi: 09:00–17:30 | mercredi: 09:00–17:30 | jeudi: 09:00–17:30 | vendredi: Fermé | samedi: 09:00–17:30"
3324,"Dely Ibrahim","dimanche: Ouvert 24h/24"
3325,"Oran","dimanche: 09:30–17:30"
3328,"Bir El Djir","Non renseigné"
3329,"Cité mehdid saleh","dimanche: 08:00–16:30"
3331,"Bir Mourad Raïs","dimanche: 08:30–18:00"
3332,"Oran","dimanche: 09:00–17:00 | lundi: 09:00–17:00 | mardi: 09:00–17:00 | mercredi: 09:00–17:00 | jeudi: 09:00–17:00 | vendredi: 09:00–17:00 | samedi: 09:00–17:00"
3333,"Bourouba","dimanche: 08:00–17:00"
3334,"Skikda","dimanche: 08:30–16:00"
3335,"Setif","dimanche: 08:00–16:00"
3338,"Oran","dimanche: 08:30–17:00"
3339,"Oran","dimanche: 09:00–17:00"
334,"Tlemcen","Non renseigné"
3340,"Annaba","dimanche: 08:00–16:00"
3342,"Bab El Oued","dimanche: 08:00–16:00"
3343,"Oran","dimanche: 09:00–16:00"
3344,"Bouzareah","dimanche: 08:00–18:00"
3345,"Tour AADL EL Hattab Annaba DZ،","dimanche: 08:30–16:00"
3346,"Birkhadem","dimanche: Ouvert 24h/24"
3347,"Les Eucalyptus","dimanche: 08:30–16:00"
3348,"Annaba","dimanche: 09:00–17:00"
3349,"Sidi MHamed","Non renseigné"
335,"Blida","dimanche: 08:30–17:00"
3350,"Mohamed Belouizdad","dimanche: 09:30–17:00"
3351,"Bab El Oued","dimanche: 09:00–16:00"
3352,"Ouled Fayet","dimanche: 08:30–16:30 | lundi: 08:30–16:30 | mardi: 08:30–16:30 | mercredi: 08:30–16:30 | jeudi: 08:30–16:30 | vendredi: Fermé | samedi: 08:30–16:30"
3356,"Raïs Hamidou","dimanche: 08:00–17:00 | lundi: 08:00–17:00 | mardi: 08:00–17:00 | mercredi: 08:00–17:00 | jeudi: 08:00–17:00 | vendredi: Fermé | samedi: 08:00–17:00"
3360,"Oran","dimanche: 08:30–16:30 | lundi: 08:30–16:30 | mardi: 08:30–16:30 | mercredi: 08:30–16:30 | jeudi: 08:30–16:30 | vendredi: Fermé | samedi: 08:30–16:30"
3362,"Bir Mourad Raïs","dimanche: 09:00–17:00"
3363,"Birkhadem","dimanche: 08:30–14:00 | lundi: 08:30–14:00 | mardi: 08:30–14:00 | mercredi: 08:30–14:00 | jeudi: 08:30–18:00 | vendredi: Fermé | samedi: Fermé"
3364,"Oran","Non renseigné"
3365,"Bir El Djir","dimanche: 08:30–16:00"
3367,"Oran","dimanche: 09:00–12:0014:00–16:00"
3369,"Alger Centre","dimanche: 08:00–12:0014:00–16:00"
337,"Mostaganem","dimanche: 08:00–17:00"
3370,"Bourouba","dimanche: 09:00–16:30 | lundi: 09:00–16:30 | mardi: 09:00–16:30 | mercredi: 09:00–16:30 | jeudi: 09:00–16:00 | vendredi: Fermé | samedi: 09:00–16:30"
3371,"Kouba","dimanche: 09:00–17:00"
3374,"Oran","dimanche: 08:00–17:00 | lundi: 08:00–17:00 | mardi: 08:00–17:00 | mercredi: 08:00–17:00 | jeudi: 08:00–17:00 | vendredi: Fermé | samedi: 08:00–17:00"
3377,"Chéraga","dimanche: 08:30–16:00"
3378,"Batna","dimanche: 08:00–16:00 | lundi: 08:00–16:00 | mardi: 08:00–16:00 | mercredi: 08:00–16:00 | jeudi: 08:00–13:00 | vendredi: Fermé | samedi: 08:00–16:00"
3379,"Oran","dimanche: 08:00–15:30"
3386,"Kouba","Non renseigné"
3387,"Salah Bey، El Khroub","dimanche: 08:00–16:00"
339,"El Oued","dimanche: 08:00–14:00"
3392,"Dely Ibrahim","dimanche: 08:30–17:00 | lundi: 08:30–17:00 | mardi: 08:30–11:0013:00–16:00 | mercredi: 08:30–17:00 | jeudi: Fermé | vendredi: Fermé | samedi: 09:30–15:00"
3393,"Bir El Djir","dimanche: 09:00–16:00"
3395,"Batna","dimanche: 08:00–15:45"
3396,"574lots","dimanche: 08:00–17:00"
3397,"Bir El Djir","dimanche: 08:00–15:30 | lundi: 08:00–15:30 | mardi: 08:00–15:30 | mercredi: 08:00–15:30 | jeudi: 08:00–15:00 | vendredi: Fermé | samedi: 08:00–15:30"
3398,"Oran","dimanche: 08:00–17:00"
3399,"Batna","dimanche: 08:00–17:00"
34,"Bir El Djir","dimanche: 00:00–06:0008:00–00:00"
340,"Bir El Djir","dimanche: 09:00–17:00 | lundi: 09:00–17:00 | mardi: 09:00–17:00 | mercredi: 09:00–17:00 | jeudi: 09:00–17:00 | vendredi: Fermé | samedi: 09:00–17:00"
3400,"Kouba","dimanche: 08:30–16:00"
3401,"Oran","dimanche: 08:30–16:30"
3402,"Bir El Djir","dimanche: 09:00–16:00 | lundi: 09:00–16:00 | mardi: 09:00–16:00 | mercredi: 09:00–16:00 | jeudi: 09:00–16:00 | vendredi: Fermé | samedi: 09:00–16:00"
3403,"El Biar","dimanche: 08:30–17:00 | lundi: 08:30–17:00 | mardi: 08:30–17:00 | mercredi: 08:30–17:00 | jeudi: 08:30–17:00 | vendredi: Fermé | samedi: 13:00–17:00"
3405,"Es Sénia","dimanche: 08:30–15:00"
3410,"Dely Ibrahim","dimanche: 09:30–15:30"
3412,"Bir El Djir","dimanche: 08:30–17:00"
3413,"Chéraga","dimanche: 08:30–16:30"
3414,"Baba Hassen","dimanche: 09:00–16:00"
3415,"Gué de Constantine","dimanche: 08:30–16:00"
3416,"Cité du 20 août 55 bât C1 Bloc 1 2 éme étage","dimanche: 08:00–16:00"
3417,"Bouzareah","Non renseigné"
3418,"Bir El Djir","dimanche: 09:00–16:00"
342,"Tlemcen","Non renseigné"
3421,"Draria","dimanche: 09:00–16:00"
3422,"Bir El Djir","Non renseigné"
3423,"Bab Ezzouar","dimanche: 09:00–16:00"
3425,"El Khroub","Non renseigné"
3429,"Béjaïa","dimanche: 09:00–17:00"
3431,"Bir El Djir","Non renseigné"
3437,"II","dimanche: 08:30–16:00"
3438,"Annaba","dimanche: 09:00–16:30 | lundi: 09:00–16:30 | mardi: 09:00–16:00 | mercredi: 09:00–16:30 | jeudi: 09:00–16:00 | vendredi: Fermé | samedi: 09:00–16:00"
3439,"Alger Centre","dimanche: 09:00–17:00"
3441,"Batna","dimanche: 08:00–16:30 | lundi: 08:00–16:30 | mardi: 08:00–16:30 | mercredi: 08:00–16:30 | jeudi: 08:00–12:00 | vendredi: Fermé | samedi: 08:00–16:30"
3442,"Belouizdad","dimanche: 08:00–18:00"
3443,"Sétif","dimanche: 08:00–16:00"
3444,"Aïn Bénian","dimanche: 09:00–16:00"
3446,"Annaba","dimanche: 09:00–17:00"
3447,"Skikda","dimanche: 08:00–12:30"
3448,"715","dimanche: 08:00–15:30 | lundi: 08:00–15:30 | mardi: 08:00–15:30 | mercredi: 08:00–15:30 | jeudi: 08:00–12:00 | vendredi: Fermé | samedi: 08:00–15:30"
3449,"Oran","Non renseigné"
345,"Ouargla","Non renseigné"
3450,"Béjaïa","dimanche: 08:30–16:30 | lundi: 08:30–16:30 | mardi: Fermé | mercredi: 08:30–16:30 | jeudi: 08:30–16:30 | vendredi: Fermé | samedi: Fermé"
3452,"Oran","dimanche: 08:00–17:00"
3455,"Batna","dimanche: 08:00–16:30 | lundi: 08:00–16:30 | mardi: 08:00–16:30 | mercredi: 08:00–16:30 | jeudi: 08:00–16:30 | vendredi: Fermé | samedi: 08:00–16:30"
3456,"Draria","dimanche: 08:30–17:00"
3457,"Sidi MHamed","dimanche: Ouvert 24h/24"
3459,"Gué de Constantine","dimanche: 08:00–16:00 | lundi: 08:00–16:00 | mardi: 08:00–16:00 | mercredi: Fermé | jeudi: 08:00–16:00 | vendredi: Fermé | samedi: 08:00–16:00"
346,"Birkhadem","dimanche: 09:00–20:00"
3460,"Dar El Beïda","dimanche: 09:00–17:00"
3461,"Sétif","dimanche: 08:00–16:00"
3462,"Oued Ghir","Non renseigné"
3464,"Oran","dimanche: 08:30–16:30"
3466,"Bir El Djir","dimanche: 09:00–16:00"
3467,"Sétif","dimanche: 09:00–16:00 | lundi: 09:00–16:00 | mardi: 09:00–16:00 | mercredi: 09:00–16:00 | jeudi: 09:00–13:00 | vendredi: Fermé | samedi: 09:00–16:00"
3469,"Aokas","dimanche: 08:00–16:00 | lundi: 08:00–16:00 | mardi: 08:00–16:00 | mercredi: 08:00–16:00 | jeudi: 08:00–16:00 | vendredi: 08:00–16:00 | samedi: 08:00–16:00"
347,"Batna","dimanche: 08:00–17:00"
3474,"1 Rue Sahraoui، Oran","dimanche: 08:30–16:30"
3475,"Batna","dimanche: 05:00–20:00 | lundi: 05:00–20:00 | mardi: 05:00–20:00 | mercredi: 05:00–20:00 | jeudi: 05:00–20:00 | vendredi: 05:00–20:00 | samedi: 05:00–20:00"
3476,"Bir El Djir","dimanche: 08:00–17:00"
3477,"El Mouradia","Non renseigné"
3478,"Birkhadem","Non renseigné"
3479,"Bir El Djir","dimanche: 07:00–22:00"
348,"Dély Ibrahim","Non renseigné"
3480,"El Mouradia","Non renseigné"
3482,"Oran","Non renseigné"
3483,"El Khroub","Non renseigné"
3486,"Bab El Oued","Non renseigné"
3488,"Birkhadem","dimanche: 10:00–16:00 | lundi: 10:00–16:00 | mardi: 10:00–16:00 | mercredi: 10:00–16:00 | jeudi: 10:00–14:00 | vendredi: Fermé | samedi: Fermé"
3489,"Annaba","dimanche: 09:00–17:00"
349,"Birkhadem","Non renseigné"
3490,"Oran","Non renseigné"
3493,"Sétif","dimanche: 09:00–15:00"
3495,"Bir El Djir","dimanche: 08:00–17:00 | lundi: 08:00–17:00 | mardi: 08:00–17:00 | mercredi: 08:00–17:00 | jeudi: 08:00–17:00 | vendredi: Fermé | samedi: 08:00–17:00"
3498,"Bordj El Bahri","dimanche: 08:30–16:00 | lundi: 08:30–16:00 | mardi: 08:30–12:00 | mercredi: 08:30–16:00 | jeudi: 08:30–16:00 | vendredi: Fermé | samedi: 08:30–16:00"
35,"El Khroub","dimanche: 08:00–16:00"
350,"El Oued","Non renseigné"
3500,"Oran","dimanche: 08:00–19:00 | lundi: 08:00–19:00 | mardi: 08:00–19:00 | mercredi: 08:00–19:00 | jeudi: 08:00–19:00 | vendredi: Fermé | samedi: 08:00–19:00"
3501,"Skikda","dimanche: 08:00–16:00"
3502,"Hussein Dey","dimanche: 09:30–15:30 | lundi: 09:00–16:00 | mardi: 09:00–16:00 | mercredi: 09:00–16:00 | jeudi: 09:00–16:00 | vendredi: Fermé | samedi: 10:00–12:30"
3504,"Bir Mourad Raïs","dimanche: 09:00–16:00"
3505,"Oran","dimanche: 08:30–16:30"
3506,"Bachdjerah","dimanche: 08:00–16:30 | lundi: 08:00–16:30 | mardi: Fermé | mercredi: 08:00–16:30 | jeudi: 08:00–16:30 | vendredi: Fermé | samedi: 08:00–15:30"
3508,"Constantine","dimanche: 07:00–17:00"
3509,"El Mouradia","dimanche: 09:00–16:00"
351,"1969841","dimanche: 08:00–16:00"
3510,"El Mouradia","dimanche: 10:00–17:00"
3511,"Kouba","dimanche: 08:30–17:00"
3512,"Skikda","Non renseigné"
3513,"Hussein Dey","dimanche: 08:00–14:00 | lundi: 08:00–14:00 | mardi: 08:00–14:00 | mercredi: 08:00–14:00 | jeudi: 08:00–12:00 | vendredi: Fermé | samedi: 08:00–12:00"
3514,"Sétif","dimanche: 09:00–16:00"
3515,"Sétif","dimanche: 08:30–16:00"
3516,"Sétif","dimanche: 08:00–15:30"
3517,"Sétif","Non renseigné"
3518,"Aïn Benian","dimanche: 09:00–18:00"
3519,"Gué de Constantine","dimanche: 09:00–19:30"
352,"Constantine","dimanche: 08:30–16:00"
3521,"Cafe auber","dimanche: Fermé"
3522,"Sidi MHamed","dimanche: 08:00–17:30"
3523,"Sidi MHamed","dimanche: 08:00–16:00"
3525,"Constantine","dimanche: 07:00–20:00"
3527,"Constantine","dimanche: 08:30–12:00"
3529,"Constantine","dimanche: 08:00–16:00 | lundi: 08:00–16:00 | mardi: 08:00–16:00 | mercredi: 08:00–16:00 | jeudi: 08:00–13:00 | vendredi: Fermé | samedi: 09:00–16:00"
353,"Oran","dimanche: 09:00–17:30"
3530,"Hussein Dey","dimanche: 08:30–15:00"
3531,"Hussein Dey","dimanche: 09:00–14:00 | lundi: 09:00–14:00 | mardi: 09:00–14:00 | mercredi: 09:00–14:00 | jeudi: 09:00–14:00 | vendredi: 09:00–17:00 | samedi: 09:00–13:00"
3532,"Hussein Dey","dimanche: 09:00–17:00"
3533,"Sidi MHamed","dimanche: 08:00–17:00"
3536,"Alger Centre","dimanche: 08:00–17:00"
3538,"Annaba","dimanche: 09:00–17:00"
3539,"Sidi MHamed","dimanche: 08:30–17:00 | lundi: 08:30–17:00 | mardi: 08:30–17:00 | mercredi: 08:30–17:00 | jeudi: 09:00–17:00 | vendredi: Fermé | samedi: Fermé"
354,"Skikda","dimanche: 08:00–17:00"
3540,"Sidi Chami","dimanche: 08:00–20:00"
3542,"Oran","dimanche: 08:34–17:00 | lundi: 08:34–17:00 | mardi: 08:34–17:00 | mercredi: 08:34–17:00 | jeudi: 08:34–17:00 | vendredi: Fermé | samedi: Fermé"
3543,"Oran","dimanche: 08:00–16:30"
3544,"Oran","dimanche: Ouvert 24h/24"
3545,"Oran","dimanche: 08:30–12:3013:30–16:00 | lundi: 08:30–12:3013:30–16:00 | mardi: 08:30–12:3013:30–16:00 | mercredi: 08:30–12:3013:30–16:00 | jeudi: 08:30–12:30 | vendredi: Fermé | samedi: 08:30–12:30"
3547,"Skikda","Non renseigné"
3548,"carteaux","dimanche: 08:00–16:00"
3549,"Oran","Non renseigné"
3553,"Oran","dimanche: 08:00–18:00"
3554,"Oran","dimanche: 08:00–16:00 | lundi: 08:00–16:00 | mardi: 08:00–16:00 | mercredi: 08:00–16:00 | jeudi: 08:00–13:00 | vendredi: 08:00–16:00 | samedi: 08:00–16:00"
3555,"Bir El Djir","Non renseigné"
3556,"Bir El Djir","dimanche: 06:30–14:30"
3557,"Bir El Djir","dimanche: 08:00–17:00 | lundi: 08:00–17:00 | mardi: 08:00–17:00 | mercredi: 08:00–17:00 | jeudi: 08:00–17:00 | vendredi: Fermé | samedi: 08:00–17:00"
3559,"Bir El Djir","dimanche: 08:30–14:30"
356,"Ouargla","Non renseigné"
3560,"Bir El Djir","Non renseigné"
3561,"Es Sénia","dimanche: 08:30–16:00 | lundi: 08:30–16:00 | mardi: 08:30–16:00 | mercredi: 08:30–16:00 | jeudi: 08:30–13:00 | vendredi: Fermé | samedi: 08:30–13:00"
3562,"Es Sénia","dimanche: 08:00–16:30"
3563,"Oran","Non renseigné"
3564,"Oran","dimanche: 09:30–00:00"
3565,"Oran","Non renseigné"
357,"Batna","dimanche: 08:00–18:00"
3571,"Oran","dimanche: 09:00–01:30 | lundi: 09:00–01:30 | mardi: Fermé | mercredi: 09:00–01:30 | jeudi: 09:00–01:30 | vendredi: Fermé | samedi: 09:00–01:30"
3572,"Oran","dimanche: 08:15–16:00 | lundi: 08:15–16:00 | mardi: 08:15–16:00 | mercredi: 08:15–16:00 | jeudi: 08:15–16:00 | vendredi: Fermé | samedi: 08:15–14:00"
3573,"Oran","Non renseigné"
3575,"Oran","dimanche: 08:30–17:30"
3580,"Oran","Non renseigné"
3583,"Oran","Non renseigné"
3584,"Oran","Non renseigné"
3585,"Oran","Non renseigné"
3587,"Hai Essalem:","dimanche: Fermé"
3588,"Oran","Non renseigné"
3589,"Oran","dimanche: Ouvert 24h/24"
359,"Kouba","Non renseigné"
3590,"Annaba","Non renseigné"
3591,"Oran","dimanche: 08:00–05:00"
3592,"Oran","dimanche: 08:00–00:30"
3596,"03 Rue Amour Ahmed، Oran","dimanche: 08:00–17:00"
3598,"Oran","dimanche: Ouvert 24h/24"
36,"Béjaïa","Non renseigné"
360,"Oran","dimanche: 09:00–17:00"
3604,"Annaba","Non renseigné"
3605,"Annaba","Non renseigné"
3606,"Annaba","dimanche: 08:00–18:00 | lundi: 08:00–18:00 | mardi: 08:00–18:00 | mercredi: 08:00–18:00 | jeudi: 08:00–18:00 | vendredi: Fermé | samedi: 08:00–18:00"
3607,"Annaba","Non renseigné"
3608,"Annaba","Non renseigné"
3609,"Annaba","Non renseigné"
361,"Aïn El Bia","dimanche: 08:00–16:00"
3610,"Skikda","Non renseigné"
3611,"Skikda","Non renseigné"
3617,"El Bouni","Non renseigné"
362,"Batna","dimanche: 08:00–17:00 | lundi: 08:00–17:00 | mardi: 08:00–17:00 | mercredi: 08:00–17:00 | jeudi: 08:00–17:00 | vendredi: 08:00–17:00 | samedi: 08:00–17:00"
3625,"Annaba","Non renseigné"
3629,"Annaba","dimanche: 08:00–12:0014:00–17:00"
3632,"Annaba","Non renseigné"
3634,"Annaba","dimanche: 08:00–16:00 | lundi: 08:00–16:00 | mardi: 08:00–16:00 | mercredi: 08:00–16:00 | jeudi: 08:00–16:00 | vendredi: Fermé | samedi: Fermé"
3636,"Annaba","dimanche: 08:00–14:00"
3639,"Route Belaïd Belkacem n°:14 plaine ouest 2 en face de lIFP et la clinique aboumarwan،","dimanche: 08:30–16:00"
3644,"Annaba","dimanche: Ouvert 24h/24"
365,"Mostaganem","dimanche: 08:00–17:00"
3655,"Annaba","Non renseigné"
3657,"Annaba","Non renseigné"
3664,"Annaba","Non renseigné"
3665,"Annaba","dimanche: 08:00–16:30"
3666,"Annaba","dimanche: 08:00–15:00 | lundi: 08:00–15:00 | mardi: 08:00–15:00 | mercredi: 08:00–15:00 | jeudi: Fermé | vendredi: Fermé | samedi: 08:00–15:00"
3667,"Annaba","dimanche: 08:00–16:30"
367,"Birkhadem","dimanche: 08:30–16:30"
368,"Jijel","dimanche: 08:30–16:30"
3683,"Calama","dimanche: Ouvert 24h/24"
3685,"Annaba","dimanche: 08:00–16:00 | lundi: 08:00–16:00 | mardi: 08:00–16:00 | mercredi: 08:00–16:00 | jeudi: 08:00–16:00 | vendredi: Fermé | samedi: 08:00–16:00"
3689,"El Tarf","dimanche: 08:00–15:30"
369,"Blida","dimanche: 09:00–16:00"
3692,"Setif","dimanche: 08:00–12:0013:30–17:00"
3694,"Sétif","dimanche: 08:00–16:00"
3698,"Sétif","dimanche: 08:00–16:00"
3699,"Setif","Non renseigné"
37,"Constantine","Non renseigné"
370,"Bir El Djir","dimanche: 09:00–13:0014:00–18:00"
3700,"Sétif","Non renseigné"
3701,"Setif","dimanche: 08:00–16:00"
3705,"Sétif","dimanche: 09:00–22:00"
3706,"Sétif","dimanche: 07:30–17:00"
3707,"Setif","Non renseigné"
3708,"Sétif","Non renseigné"
3709,"Sétif","dimanche: 08:00–17:00 | lundi: 08:00–17:00 | mardi: 08:00–17:00 | mercredi: 08:00–17:00 | jeudi: 08:00–17:00 | vendredi: 08:00–17:00 | samedi: 08:00–17:00"
371,"El Hadjar","Non renseigné"
3710,"Sétif","Non renseigné"
3712,"Sétif","dimanche: 08:00–17:00"
3713,"Setif","Non renseigné"
3714,"Sétif","Non renseigné"
3715,"Sétif","dimanche: 07:30–13:00"
3718,"5CW2+XQH","dimanche: 08:00–13:00"
3719,"Sétif","Non renseigné"
372,"Béjaïa","dimanche: Ouvert 24h/24"
3720,"Setif","dimanche: 08:00–17:00"
3723,"Sétif","dimanche: 08:00–16:00"
3725,"Sétif","dimanche: 02:30–05:00"
3726,"Sétif","dimanche: 08:00–16:00"
3728,"Setif","dimanche: Ouvert 24h/24 | lundi: Ouvert 24h/24 | mardi: Ouvert 24h/24 | mercredi: Ouvert 24h/24 | jeudi: Ouvert 24h/24 | vendredi: Ouvert 24h/24 | samedi: Ouvert 24h/24"
373,"Oran","dimanche: Ouvert 24h/24"
3731,"Setif","dimanche: 08:00–05:25"
3735,"Sétif","dimanche: 07:00–17:00"
3736,"Sétif","dimanche: 08:00–15:00"
3737,"Setif","dimanche: 08:00–16:30"
3738,"Sétif","dimanche: Ouvert 24h/24"
3739,"Setif","Non renseigné"
3740,"Setif","dimanche: 07:00–20:00"
3741,"Bougaa","dimanche: 08:00–14:00"
3742,"El-Kseur","dimanche: 08:30–16:30 | lundi: 08:30–16:30 | mardi: 08:30–16:30 | mercredi: 08:30–16:30 | jeudi: Fermé | vendredi: Fermé | samedi: 08:30–16:30"
3743,"Kouba","dimanche: Ouvert 24h/24"
3744,"Béjaïa","dimanche: Ouvert 24h/24"
3745,"Béjaïa","dimanche: 08:30–16:30"
3746,"Béjaïa","Non renseigné"
3747,"Béjaïa","Non renseigné"
3748,"Béjaïa","dimanche: 08:00–16:00"
3749,"Béjaïa","dimanche: 00:00–23:30"
375,"El Bouni","dimanche: 10:00–16:00"
3750,"Béjaïa","dimanche: 08:00–16:00"
3751,"Béjaïa","Non renseigné"
3752,"Batna","dimanche: Ouvert 24h/24"
3753,"Batna","Non renseigné"
3754,"Batna","Non renseigné"
3755,"Batna","dimanche: 08:00–17:00"
3756,"Batna","Non renseigné"
3758,"Batna","dimanche: 07:00–16:30"
3759,"Batna","dimanche: 07:30–22:00"
376,"Béjaïa","dimanche: 09:00–22:00"
3760,"Batna","dimanche: 08:30–15:30 | lundi: 08:30–15:30 | mardi: 08:30–15:30 | mercredi: 08:30–15:30 | jeudi: 08:30–15:30 | vendredi: 08:30–15:30 | samedi: 08:30–15:30"
3761,"Batna","dimanche: 07:00–12:00 | lundi: 07:00–12:00 | mardi: 07:00–12:00 | mercredi: 07:00–12:00 | jeudi: 07:00–12:00 | vendredi: Fermé | samedi: 07:00–12:00"
3762,"Batna","Non renseigné"
3763,"Batna","Non renseigné"
3764,"Batna","dimanche: 07:00–12:00 | lundi: 07:00–12:00 | mardi: 07:00–12:00 | mercredi: 07:00–12:00 | jeudi: 07:00–12:00 | vendredi: Fermé | samedi: 07:00–12:00"
3765,"Batna","dimanche: 09:00–17:00 | lundi: 09:00–17:00 | mardi: 09:00–17:00 | mercredi: 09:00–17:00 | jeudi: 09:00–17:00 | vendredi: Fermé | samedi: 09:00–17:00"
3766,"Cité 38 logements la gare","dimanche: 08:00–16:00 | lundi: 08:00–16:00 | mardi: 08:00–16:00 | mercredi: 08:00–16:00 | jeudi: 08:00–16:00 | vendredi: Fermé | samedi: 08:00–16:00"
3767,"Batna","Non renseigné"
3768,"Batna","Non renseigné"
377,"Bir El Djir","dimanche: 09:00–17:00"
3770,"Batna","dimanche: Fermé"
3771,"Tazoult","Non renseigné"
3773,"Batna","dimanche: 07:30–13:30 | lundi: 07:30–13:30 | mardi: 07:30–13:30 | mercredi: 07:30–13:30 | jeudi: 07:30–13:30 | vendredi: Fermé | samedi: Fermé"
3774,"Batna","dimanche: 08:00–17:00"
3775,"Batna","dimanche: 07:30–17:00"
3776,"Batna","dimanche: 07:00–16:00"
3777,"Batna","dimanche: Ouvert 24h/24"
3778,"Batna","dimanche: 07:00–17:00"
378,"Bouarfa","dimanche: 08:00–17:00"
3780,"Batna","dimanche: Ouvert 24h/24"
3782,"Batna","Non renseigné"
3784,"El Oued","Non renseigné"
3785,"El Oued","Non renseigné"
3786,"Constantine","dimanche: 08:00–12:3013:30–17:00"
379,"Jijel","Non renseigné"
3790,"Constantine","dimanche: 08:00–16:30"
3791,"Didouche Mourad","Non renseigné"
3797,"El Khroub","dimanche: 08:00–16:00 | lundi: 08:00–16:00 | mardi: 08:00–16:00 | mercredi: 08:00–16:00 | jeudi: 08:00–16:00 | vendredi: Fermé | samedi: 08:00–16:00"
3799,"Constantine","dimanche: 08:00–16:30"
38,"Annaba","dimanche: 08:00–16:00"
380,"Jijel","dimanche: 08:00–16:00"
3800,"Constantine","dimanche: 08:00–13:00"
3801,"Constantine","dimanche: 08:00–16:00"
3802,"Constantine","dimanche: 08:00–16:00"
3804,"Béjaïa","dimanche: 08:00–16:00"
3807,"Sétif","Non renseigné"
381,"Blida","Non renseigné"
3811,"Sétif","dimanche: 08:00–12:0013:30–16:00"
3812,"Sétif","dimanche: 08:00–17:00"
3814,"Sétif","dimanche: 08:00–00:00 | lundi: 08:00–10:00 | mardi: 08:00–00:00 | mercredi: 08:00–00:00 | jeudi: 08:00–00:00 | vendredi: 08:00–00:00 | samedi: 08:00–00:00"
3816,"El Magharia","dimanche: 08:30–16:00"
382,"Béjaïa","Non renseigné"
3820,"Constantine","Non renseigné"
3821,"Centre daffaires El MADINA","dimanche: 08:30–12:3014:30–17:30"
3822,"constantine","dimanche: 08:30–17:00"
3823,"El Khroub","dimanche: 08:00–16:00"
3825,"Béjaïa","dimanche: 08:00–16:30"
3826,"Batna","dimanche: 08:00–17:00"
3827,"Batna","dimanche: 09:00–17:00 | lundi: 09:00–17:00 | mardi: 09:00–17:00 | mercredi: 09:00–17:00 | jeudi: 09:00–17:00 | vendredi: Fermé | samedi: 09:00–12:30"
3828,"Cité 410 Logement ecotec Batna bloc 33 Nr:321","dimanche: 08:00–17:00"
3829,"Annaba","dimanche: 09:00–22:00"
383,"Ouled Yaïch","dimanche: 08:30–16:30"
3830,"Annaba","Non renseigné"
3832,"El Harrach","dimanche: 08:00–16:00"
3833,"El Harrach","dimanche: 08:00–15:00 | lundi: 08:00–15:00 | mardi: 08:00–15:00 | mercredi: 08:00–15:00 | jeudi: 08:00–15:00 | vendredi: Fermé | samedi: 08:00–16:00"
3835,"Bachdjerah","dimanche: 08:00–16:30"
3836,"Bourouba","dimanche: 09:00–16:00"
3838,"Kouba","dimanche: 08:00–17:00"
3839,"17/31 N5","dimanche: 09:00–17:00"
384,"Batna","dimanche: 08:00–17:0019:00–00:00"
3840,"Hydra","dimanche: 11:00–17:00 | lundi: Fermé | mardi: 11:00–17:00 | mercredi: Fermé | jeudi: 11:00–17:00 | vendredi: Fermé | samedi: Fermé"
3841,"Hydra","dimanche: 09:00–17:00 | lundi: 09:00–17:00 | mardi: 09:00–17:00 | mercredi: 09:00–17:00 | jeudi: 09:00–17:00 | vendredi: Fermé | samedi: Fermé"
3842,"Bir Mourad Raïs","dimanche: 13:00–20:00 | lundi: 13:00–20:00 | mardi: 13:00–20:00 | mercredi: 13:00–20:00 | jeudi: 13:00–20:00 | vendredi: Fermé | samedi: 09:30–14:00"
3843,"Ben Aknoun","dimanche: 08:15–16:00"
3845,"El Madania","dimanche: 08:00–16:00"
3846,"Koléa","dimanche: 08:00–16:00"
3847,"Les Eucalyptus","dimanche: 08:00–23:00"
3848,"Gué de Constantine","dimanche: 09:00–13:00"
3849,"El Magharia","dimanche: 08:00–18:00 | lundi: 08:00–18:00 | mardi: 08:00–18:00 | mercredi: 08:00–18:00 | jeudi: 08:00–18:00 | vendredi: Fermé | samedi: 08:00–18:00"
385,"Batna","dimanche: Ouvert 24h/24"
3852,"Réghaïa","dimanche: 08:30–16:30"
3853,"Mohammadia","dimanche: 10:00–18:00 | lundi: 10:00–18:00 | mardi: 10:00–18:00 | mercredi: 10:00–18:00 | jeudi: 10:00–18:00 | vendredi: Fermé | samedi: 10:00–13:00"
3854,"Bordj El Kiffan","dimanche: 08:30–16:00"
3855,"El Magharia","dimanche: 09:00–17:00"
3856,"Hussein Dey","dimanche: 08:00–17:00"
3857,"Hussein Dey","dimanche: Fermé"
3858,"Bachdjerah","dimanche: 08:30–16:30"
3859,"Bachdjerah","dimanche: 07:30–11:3013:00–14:30"
386,"El Oued","dimanche: Ouvert 24h/24"
3860,"Mohammadia","dimanche: 09:30–17:00"
3862,"El Harrach","dimanche: 09:00–15:00 | lundi: 09:00–15:00 | mardi: 09:00–15:00 | mercredi: 09:00–15:00 | jeudi: 09:00–15:00 | vendredi: Fermé | samedi: 09:00–15:00"
3863,"Kouba","dimanche: 08:00–16:30"
3864,"Kouba","Non renseigné"
3865,"Rouiba","Non renseigné"
3866,"","dimanche: 09:00–17:00"
3867,"Kouba","Non renseigné"
387,"Batna","dimanche: 08:00–21:00"
3870,"El Harrach","dimanche: 08:00–17:00"
3872,"Bachdjerah","dimanche: 08:30–16:30"
3874,"Kouba","dimanche: 13:30–05:00"
3879,"Bir Mourad Raïs","dimanche: 09:00–18:00"
3880,"Bir Mourad Raïs","dimanche: 09:00–13:00"
3881,"Bir Mourad Raïs","dimanche: Ouvert 24h/24"
3886,"Bir Mourad Raïs","dimanche: 07:00–00:00"
3887,"Belouizdad","dimanche: 09:00–14:00"
3888,"Alger Centre","dimanche: 09:30–15:30 | lundi: 09:30–15:30 | mardi: 09:30–15:30 | mercredi: 09:30–15:30 | jeudi: 09:30–15:30 | vendredi: 09:30–15:30 | samedi: 09:30–15:30"
3889,"Belouizdad","dimanche: 09:30–12:3013:00–16:30"
389,"Jijel","Non renseigné"
3890,"Alger Centre","dimanche: 09:00–15:30 | lundi: 09:00–15:30 | mardi: 09:00–15:30 | mercredi: 09:00–15:30 | jeudi: 09:00–15:30 | vendredi: Fermé | samedi: 09:00–13:00"
3891,"Hydra","dimanche: 08:30–17:00"
3892,"Sidi MHamed","Non renseigné"
3894,"Birkhadem","Non renseigné"
3895,"logts t8","dimanche: 07:30–17:00"
3896,"Gué de Constantine","Non renseigné"
3897,"Alger Centre","dimanche: 07:30–18:00"
3898,"Bir Mourad Raïs","dimanche: 07:30–22:30"
39,"El Khroub","dimanche: 08:00–17:00 | lundi: 08:00–17:00 | mardi: 08:00–17:00 | mercredi: 08:00–17:00 | jeudi: 08:00–17:00 | vendredi: Fermé | samedi: 08:00–17:00"
390,"ben haya","dimanche: 08:00–04:00"
3901,"Ben Aknoun","dimanche: 07:30–17:00"
3902,"El Biar","dimanche: 08:30–19:30"
3905,"El Achour","dimanche: 09:00–15:00"
3906,"Dely Ibrahim","dimanche: Ouvert 24h/24"
3907,"Chéraga","dimanche: 09:00–13:00"
391,"Batna","Non renseigné"
3913,"Bologhine","dimanche: 09:00–17:00"
3915,"Bab El Oued","dimanche: 08:00–13:30"
3918,"Bab El Oued","dimanche: 08:30–17:00 | lundi: 08:30–17:00 | mardi: 08:30–17:00 | mercredi: 08:30–17:00 | jeudi: 08:30–17:00 | vendredi: Fermé | samedi: Fermé"
3919,"Saoula","dimanche: 08:00–19:00 | lundi: 08:00–19:00 | mardi: 08:00–19:00 | mercredi: 08:00–19:00 | jeudi: 08:00–18:00 | vendredi: 09:00–12:00 | samedi: 08:00–19:00"
392,"Guelma","Non renseigné"
3920,"Béni Messous","dimanche: 07:00–17:00"
3921,"El Biar","dimanche: 10:00–18:00 | lundi: 10:00–18:00 | mardi: 10:00–18:00 | mercredi: 10:00–18:00 | jeudi: 10:00–18:00 | vendredi: Fermé | samedi: Fermé"
3922,"El Biar","dimanche: 09:00–17:00"
3923,"Bouzareah","dimanche: 09:00–14:00 | lundi: 09:00–14:00 | mardi: 09:00–14:00 | mercredi: 09:00–14:00 | jeudi: 09:00–12:30 | vendredi: Fermé | samedi: 09:00–14:00"
3925,"El Biar","dimanche: 09:00–14:00"
3926,"El Hammamet","dimanche: 09:00–13:00"
3927,"El Achour","dimanche: 07:00–16:00"
3928,"El Biar","dimanche: 07:30–00:00"
393,"Cite Belkhired Hacene ( 750 logts ) Bt A14 n°143","dimanche: 08:00–16:30"
3933,"Gué de Constantine","Non renseigné"
3934,"Alger Centre","Non renseigné"
3935,"Hydra","Non renseigné"
3937,"Algérie. Cité ben Boulaid BT A 1 N 2","dimanche: 07:30–16:00"
3939,"Birkhadem","dimanche: 08:00–20:00"
3940,"Dely Ibrahim","Non renseigné"
3941,"Béni Messous","Non renseigné"
3942,"Saoula","dimanche: 08:30–17:00"
3944,"El Achour","dimanche: 08:00–18:00"
3946,"El Madania","dimanche: Ouvert 24h/24"
3947,"Sidi MHamed","dimanche: 07:00–15:00"
3948,"Sidi MHamed","Non renseigné"
395,"Jijel","dimanche: 08:00–16:30"
3953,"El Harrach","dimanche: 08:00–15:30 | lundi: 08:00–15:30 | mardi: 08:00–15:30 | mercredi: 08:00–15:30 | jeudi: 08:00–15:30 | vendredi: Fermé | samedi: Fermé"
3955,"Chéraga","dimanche: 08:00–17:00"
3956,"Dély Ibrahim","dimanche: 09:00–16:00"
3957,"Chéraga","dimanche: 08:00–16:30"
3959,"Draria","dimanche: 08:00–16:00"
396,"Batna","Non renseigné"
3961,"Hydra","Non renseigné"
3963,"Bab El Oued","dimanche: 08:00–17:00"
3964,"Bab El Oued","dimanche: 09:00–14:30"
3966,"El Biar","dimanche: 10:30–18:00 | lundi: 10:30–18:00 | mardi: 10:30–18:00 | mercredi: 10:30–18:00 | jeudi: 10:30–18:00 | vendredi: Fermé | samedi: Fermé"
3967,"Alger","dimanche: 08:00–15:00 | lundi: 08:00–15:00 | mardi: 08:00–15:00 | mercredi: 08:00–15:00 | jeudi: 08:00–15:00 | vendredi: Fermé | samedi: 08:00–15:00"
3968,"Baba Hassen","dimanche: 08:30–16:00"
3969,"Mohammadia","dimanche: 09:00–15:00"
397,"El Oued","dimanche: 08:00–18:00"
3970,"Kouba","dimanche: 08:30–17:00"
3972,"Rouïba","dimanche: 09:00–17:00"
3973,"Hussein Dey","Non renseigné"
3975,"Hussein Dey","dimanche: 08:30–18:00"
3976,"Mohammadia","dimanche: 08:00–16:00"
3977,"Bordj El Bahri","dimanche: 08:30–17:00"
3978,"Bâtiment 74، Cité 5juillet Bab Ezzouar، D","dimanche: 08:30–15:00"
3979,"Bachdjerah 1","dimanche: 09:00–15:00"
398,"Ouled Yaïch","dimanche: 08:30–20:30 | lundi: 08:30–20:30 | mardi: 08:30–20:30 | mercredi: 08:30–20:30 | jeudi: 08:30–20:00 | vendredi: Fermé | samedi: 08:30–20:30"
3981,"Hydra","dimanche: 09:00–00:00"
3982,"Gué de Constantine","dimanche: 09:00–16:00 | lundi: 09:00–16:00 | mardi: 09:00–14:00 | mercredi: 09:00–16:00 | jeudi: 09:00–16:00 | vendredi: Fermé | samedi: 09:00–14:00"
3983,"Gué de Constantine","Non renseigné"
3984,"Gué de Constantine","dimanche: 09:00–17:30 | lundi: 09:00–17:30 | mardi: 09:00–17:30 | mercredi: 09:00–17:30 | jeudi: 09:00–17:30 | vendredi: Fermé | samedi: Fermé"
3985,"Ben Aknoun","dimanche: 09:30–14:30"
3986,"Bir Mourad Raïs","dimanche: 08:30–16:30 | lundi: 08:30–16:30 | mardi: 08:30–16:30 | mercredi: 08:30–16:30 | jeudi: 08:30–16:30 | vendredi: Fermé | samedi: 08:30–16:30"
3988,"Birkhadem","dimanche: Fermé"
3989,"Sidi MHamed","dimanche: 06:30–20:00"
399,"Batna","dimanche: 08:00–17:00"
3990,"Alger Centre","dimanche: 09:00–19:00 | lundi: 09:00–19:00 | mardi: 09:00–19:00 | mercredi: 09:00–19:00 | jeudi: 09:00–19:00 | vendredi: Fermé | samedi: 09:00–19:30"
3993,"Bir Mourad Raïs","dimanche: 09:00–13:00"
3994,"Bir Mourad Raïs","Non renseigné"
3998,"Bir Mourad Raïs","dimanche: 07:00–00:00"
4,"Béjaïa","dimanche: 08:30–16:30"
40,"Blida","dimanche: 09:00–18:00"
400,"Skikda","dimanche: 08:00–16:00"
4000,"Alger Centre","dimanche: 09:00–15:00 | lundi: Fermé | mardi: 09:00–15:00 | mercredi: Fermé | jeudi: 09:00–15:00 | vendredi: Fermé | samedi: Fermé"
4002,"Birkhadem","dimanche: 08:30–16:30 | lundi: 08:30–16:30 | mardi: Fermé | mercredi: 08:30–16:30 | jeudi: 08:30–16:30 | vendredi: Fermé | samedi: 08:30–17:00"
402,"Sétif","Non renseigné"
403,"Constantine","dimanche: 08:00–16:00"
404,"Annaba","dimanche: 08:00–12:3013:30–17:00"
405,"Batna","dimanche: 08:30–18:00"
406,"Annaba","dimanche: 09:00–16:30 | lundi: 09:00–16:30 | mardi: 09:00–16:30 | mercredi: 09:00–16:30 | jeudi: 09:00–16:30 | vendredi: Fermé | samedi: 09:00–16:30"
407,"Blida","Non renseigné"
408,"Draria","dimanche: 09:00–16:30"
409,"Ouled Yaïch","dimanche: Ouvert 24h/24"
41,"Béjaïa","Non renseigné"
410,"Batna","dimanche: 08:00–17:00"
4116,"Bab El Oued","dimanche: 08:00–16:00"
4117,"Kouba","dimanche: 08:30–14:00"
4118,"Annaba","dimanche: 08:00–16:00"
4119,"Baraki","dimanche: 07:30–16:00"
412,"Ouargla","dimanche: 08:00–12:0015:00–18:00"
4120,"Annaba","dimanche: 08:00–15:30"
4121,"cité Boudmagh Cheraga","Non renseigné"
4122,"Kouba","dimanche: 08:30–12:00 | lundi: 08:30–12:00 | mardi: Fermé | mercredi: 08:30–12:00 | jeudi: Fermé | vendredi: Fermé | samedi: 08:30–12:00"
4123,"Oran","dimanche: 08:00–17:00"
4124,"Batna","dimanche: 08:00–15:00 | lundi: 08:00–15:00 | mardi: 08:00–15:00 | mercredi: 08:00–15:00 | jeudi: Fermé | vendredi: Fermé | samedi: 08:00–15:00"
4125,"Bt HLM N° 30","dimanche: 08:00–16:00"
4126,"Oran","dimanche: 09:00–16:00"
4127,"Rouïba","dimanche: 09:30–15:00"
4128,"Birkhadem","dimanche: 09:30–16:00 | lundi: 09:30–16:00 | mardi: 09:30–16:00 | mercredi: 09:30–16:00 | jeudi: 09:30–16:00 | vendredi: Fermé | samedi: 10:00–16:30"
4129,"bloc 16 uv 15 promotion Dembri 450/800 lgts","dimanche: 08:30–15:30"
413,"Annaba","Non renseigné"
4130,"Constantine","dimanche: Ouvert 24h/24"
4131,"Annaba","dimanche: 08:30–14:00"
4132,"Annaba","dimanche: 08:30–15:30 | lundi: 08:30–15:30 | mardi: 08:30–15:30 | mercredi: 08:30–15:30 | jeudi: 08:30–15:30 | vendredi: Fermé | samedi: Fermé"
4133,"Annaba","dimanche: 08:30–15:00 | lundi: 08:30–15:00 | mardi: 08:30–15:00 | mercredi: 08:30–15:00 | jeudi: 08:30–12:00 | vendredi: Fermé | samedi: 09:00–15:00"
4134,"Bab Ezzouar","dimanche: 08:30–16:00"
4135,"Aïn Benian","dimanche: 08:00–18:00 | lundi: 08:00–18:00 | mardi: 08:00–18:00 | mercredi: 08:00–18:00 | jeudi: 08:00–18:00 | vendredi: Fermé | samedi: 08:00–18:00"
4136,"Kouba","dimanche: 09:00–15:00"
4137,"El Mouradia","Non renseigné"
4138,"Chéraga","dimanche: 08:30–16:00"
4139,"France","dimanche: 08:00–16:00"
4140,"Annaba","dimanche: 08:30–17:00"
4141,"Bir Mourad Raïs","dimanche: 08:30–16:00"
4142,"Birtouta","dimanche: Ouvert 24h/24"
4143,"Batna","Non renseigné"
4144,"El Khroub","dimanche: 08:00–16:00"
4145,"Draria","dimanche: 08:00–17:00 | lundi: Fermé | mardi: 08:00–17:00 | mercredi: 08:00–17:00 | jeudi: 08:00–17:00 | vendredi: 09:00–17:00 | samedi: 08:00–17:00"
4146,"Béni Mhaffer","dimanche: 10:00–17:00 | lundi: 10:00–17:00 | mardi: 10:00–17:00 | mercredi: 10:00–17:00 | jeudi: 10:00–17:00 | vendredi: Fermé | samedi: 10:00–17:00"
4147,"Oran","Non renseigné"
4148,"Hassi Bounif","Non renseigné"
4149,"Sétif","dimanche: 08:30–16:00"
4150,"Birkhadem","dimanche: 08:00–18:00"
4151,"Oran","dimanche: 09:00–16:00 | lundi: 09:00–17:00 | mardi: 09:00–17:00 | mercredi: 09:00–17:00 | jeudi: 09:00–17:00 | vendredi: Fermé | samedi: 09:00–13:00"
4152,"Batna","dimanche: 08:30–15:00"
4153,"Kouba","dimanche: 09:00–15:00"
4154,"Batna","dimanche: 08:00–16:00"
4155,"Annaba","dimanche: 09:00–16:00 | lundi: 09:00–16:00 | mardi: 09:00–16:00 | mercredi: 09:00–16:00 | jeudi: 09:00–12:00 | vendredi: Fermé | samedi: 09:00–16:00"
4156,"Cité 45 Logements Bizar Setif، Bizar","dimanche: 08:00–16:00"
4157,"Annaba","dimanche: 08:00–15:00 | lundi: 08:00–15:00 | mardi: 08:00–15:00 | mercredi: 08:00–15:00 | jeudi: 08:00–15:00 | vendredi: Fermé | samedi: Fermé"
4159,"Annaba","dimanche: 08:30–13:0014:00–17:00 | lundi: 08:30–13:0014:00–17:00 | mardi: 08:30–13:0014:00–17:00 | mercredi: 08:30–13:0014:00–17:00 | jeudi: Fermé | vendredi: Fermé | samedi: 08:30–13:0014:00–17:00"
416,"Oran","dimanche: Ouvert 24h/24"
4160,"Chéraga","dimanche: 08:00–16:00"
4161,"Constantine","dimanche: 09:00–17:00 | lundi: 09:00–17:00 | mardi: 09:00–17:00 | mercredi: 09:00–17:30 | jeudi: 09:00–17:00 | vendredi: Fermé | samedi: 09:00–17:00"
4162,"Ketchaoua","dimanche: 07:30–20:30 | lundi: 07:30–20:00 | mardi: 07:30–20:00 | mercredi: 07:30–19:00 | jeudi: 08:00–20:00 | vendredi: Fermé | samedi: 08:00–20:30"
4163,"Kouba","dimanche: 10:00–16:00"
4164,"Kouba","dimanche: 08:30–13:00"
4165,"","Non renseigné"
4166,"Mostaganem","dimanche: 08:00–15:30"
4167,"Tizi Ouzou","dimanche: 08:00–16:00 | lundi: 08:00–16:00 | mardi: 08:00–16:00 | mercredi: 08:00–16:00 | jeudi: Fermé | vendredi: Fermé | samedi: 08:00–16:00"
4168,"Bir El Djir","Non renseigné"
4169,"Ouled Fayet","dimanche: 08:00–15:30"
417,"Jijel","dimanche: 08:00–18:00"
4170,"Tizi Ouzou","dimanche: 08:00–17:00"
4171,"Oran","dimanche: 09:00–17:00"
4172,"Gué de Constantine","dimanche: 08:00–16:00 | lundi: 08:00–16:00 | mardi: 08:00–16:00 | mercredi: 08:00–16:00 | jeudi: Fermé | vendredi: Fermé | samedi: 08:00–16:00"
4173,"Constantine","dimanche: 08:00–16:00"
4174,"16 Boulevard Millénium، Bir El Djir","dimanche: 09:00–16:00"
4175,"Ain Allah","dimanche: 08:30–15:30"
4176,"Bab El Oued","dimanche: 09:00–17:00"
4177,"Constantine","dimanche: 08:00–16:00"
4178,"Tizi Ouzou","dimanche: Ouvert 24h/24"
4179,"Constantine","Non renseigné"
418,"Jijel","dimanche: 08:00–18:30"
4180,"Bouzareah","Non renseigné"
4181,"Cité 410 logements ecotec bâtiment B6 N° 51","dimanche: 09:00–17:00"
4182,"Mostaganem","dimanche: 08:00–13:00"
4183,"Constantine","Non renseigné"
4184,"Oran","dimanche: 08:00–14:00"
4185,"Bordj El Bahri","dimanche: 08:30–16:30"
4186,"Tennis","dimanche: 09:00–15:00 | lundi: 09:00–15:00 | mardi: 09:00–15:00 | mercredi: 09:00–15:00 | jeudi: 09:00–15:00 | vendredi: Fermé | samedi: 09:00–13:00"
4187,"Mostaganem","Non renseigné"
4188,"Baba Hassen","dimanche: 09:00–15:00"
4189,"Aïn Oulmene","dimanche: 08:00–16:00"
419,"El Oued","dimanche: Ouvert 24h/24"
4190,"Dely Ibrahim","dimanche: 09:00–13:00"
4191,"Annaba","dimanche: 08:30–15:45"
4193,"Bir El Djir","Non renseigné"
4194,"","dimanche: 09:00–13:00 | lundi: 09:00–13:00 | mardi: 09:00–13:00 | mercredi: 09:00–13:00 | jeudi: 09:00–13:00 | vendredi: Fermé | samedi: 09:00–13:00"
4195,"Bouzareah","dimanche: 08:00–16:30"
4196,"Constantine","Non renseigné"
4197,"Sétif","dimanche: 09:30–16:30 | lundi: 09:30–16:30 | mardi: 09:30–16:30 | mercredi: 09:30–16:30 | jeudi: 09:30–16:30 | vendredi: Fermé | samedi: Fermé"
4198,"Alger Centre","dimanche: 06:30–14:30"
4199,"Annaba","dimanche: Fermé | lundi: 09:00–17:00 | mardi: 09:00–17:00 | mercredi: 09:00–17:00 | jeudi: 09:00–14:45 | vendredi: Fermé | samedi: Fermé"
42,"Blida","dimanche: 09:00–16:00"
420,"Béjaïa","dimanche: 09:00–18:00 | lundi: 09:00–18:00 | mardi: 09:00–18:00 | mercredi: 09:00–18:00 | jeudi: 09:00–18:00 | vendredi: Fermé | samedi: 09:00–18:00"
4200,"Bir Mourad Raïs","dimanche: 10:00–16:00"
4201,"Bouzareah","dimanche: 09:00–15:45"
4202,"El Achour","Non renseigné"
4203,"Bordj El Bahri","dimanche: 08:00–15:00 | lundi: Fermé | mardi: 08:00–15:00 | mercredi: 08:00–15:00 | jeudi: 08:00–15:00 | vendredi: Fermé | samedi: 08:00–15:00"
4204,"Oran","dimanche: 09:00–16:00"
4205,"Bir Mourad Raïs","dimanche: 09:00–17:00 | lundi: 09:00–17:00 | mardi: 09:00–17:00 | mercredi: 09:00–17:00 | jeudi: Fermé | vendredi: Fermé | samedi: 09:00–14:00"
4206,"El Khroub","Non renseigné"
4207,"Mahelma","dimanche: 09:00–16:00"
4208,"Réghaïa","dimanche: 08:30–16:00 | lundi: 08:30–13:00 | mardi: 08:30–16:00 | mercredi: 08:30–16:00 | jeudi: 08:30–16:00 | vendredi: Fermé | samedi: 08:30–16:00"
4209,"El Biar","Non renseigné"
421,"Blida","dimanche: 09:00–18:00"
4210,"Oran","dimanche: 09:00–17:30"
4211,"Gué de Constantine","dimanche: 12:00–14:30 | lundi: Fermé | mardi: 12:00–14:30 | mercredi: 12:00–14:30 | jeudi: Fermé | vendredi: Fermé | samedi: 12:00–14:30"
4212,"Sidi MHamed","dimanche: 08:30–16:00 | lundi: 08:30–16:00 | mardi: 08:30–16:00 | mercredi: 08:30–16:00 | jeudi: 08:30–16:00 | vendredi: Fermé | samedi: 08:30–13:00"
4213,"Annaba","dimanche: 08:00–15:00 | lundi: 08:00–15:00 | mardi: 08:00–15:00 | mercredi: 08:00–15:00 | jeudi: Fermé | vendredi: Fermé | samedi: 08:00–15:00"
4214,"Bachdjerah","dimanche: 09:00–16:30"
4215,"Sétif","dimanche: 08:00–17:00 | lundi: 08:00–17:00 | mardi: 08:00–17:00 | mercredi: 08:00–17:00 | jeudi: 08:00–12:00 | vendredi: Fermé | samedi: Fermé"
4216,"Constantine","Non renseigné"
4217,"720 logements bt E25 rdc","dimanche: 08:30–16:00 | lundi: 08:30–16:00 | mardi: 08:30–16:00 | mercredi: 08:30–16:00 | jeudi: 08:30–16:00 | vendredi: Fermé | samedi: 08:30–13:30"
4218,"Bab El Oued","dimanche: 09:00–17:00"
4219,"Gué de Constantine","dimanche: 08:00–16:00"
422,"Jijel","Non renseigné"
4220,"Sidi MHamed","dimanche: Fermé | lundi: 09:00–17:00 | mardi: 09:00–17:00 | mercredi: 09:00–17:30 | jeudi: Fermé | vendredi: Fermé | samedi: 10:00–15:00"
4222,"Biskra","Non renseigné"
4223,"El Biar","Non renseigné"
4224,"Bir El Djir","dimanche: 08:30–14:00"
4225,"Constantine","dimanche: 08:30–16:00"
4226,"Birkhadem","dimanche: 07:00–17:00"
4227,"Es Senia","dimanche: 08:00–16:00"
4228,"Constantine","dimanche: Ouvert 24h/24 | lundi: Ouvert 24h/24 | mardi: Ouvert 24h/24 | mercredi: Ouvert 24h/24 | jeudi: Ouvert 24h/24 | vendredi: Fermé | samedi: Ouvert 24h/24"
4229,"Chéraga","dimanche: 08:00–17:00"
423,"N4 cooperative el miah rue bensedjrari benyebka","dimanche: 08:30–17:30"
4230,"Cité 110 logements bâtiment 18 numéro 07","dimanche: 08:00–16:00"
4231,"Oran","dimanche: 08:30–14:00"
4232,"Ouled Fayet","Non renseigné"
4233,"Bir El Djir","dimanche: 10:00–17:00 | lundi: 09:00–17:00 | mardi: 09:00–17:00 | mercredi: 09:00–17:00 | jeudi: 09:00–17:00 | vendredi: Fermé | samedi: 09:00–17:00"
4235,"Dely Ibrahim","dimanche: 09:00–17:00"
4236,"El Khroub","dimanche: 08:00–16:00"
4237,"Sétif","dimanche: 08:00–15:00"
4238,"Draria","dimanche: 09:00–15:00"
4239,"Dar El Beïda","dimanche: 08:30–12:3013:30–16:00"
424,"Mostaganem","dimanche: 08:30–16:00"
4240,"Kouba","dimanche: 08:30–16:00"
4241,"Annaba","Non renseigné"
4242,"Constantine","dimanche: 08:30–16:30"
4243,"Sétif","dimanche: 08:00–16:00"
4244,"Ouled Fayet","dimanche: 08:00–16:00 | lundi: 08:30–16:00 | mardi: 08:00–16:30 | mercredi: 08:30–16:30 | jeudi: Fermé | vendredi: Fermé | samedi: 08:30–16:00"
4245,"Bir El Djir","dimanche: 09:00–17:00"
4246,"Tizi Ouzou","dimanche: 08:30–16:00 | lundi: 08:30–16:00 | mardi: 08:30–16:00 | mercredi: 08:30–16:00 | jeudi: 08:30–16:00 | vendredi: Fermé | samedi: 08:30–12:00"
4247,"Oran","dimanche: 09:00–16:00 | lundi: 09:00–16:00 | mardi: 09:00–16:00 | mercredi: 09:00–16:00 | jeudi: 09:00–12:30 | vendredi: Fermé | samedi: 09:00–16:00"
4248,"Bir El Djir","dimanche: 08:00–16:00"
4249,"Setif","dimanche: 08:00–16:00"
425,"Mostaganem","dimanche: 07:00–14:30"
4250,"El Harrach","dimanche: 09:00–15:00"
4251,"Kouba","dimanche: 08:30–18:00 | lundi: 08:30–18:00 | mardi: 08:30–18:00 | mercredi: 08:30–18:00 | jeudi: 08:30–18:00 | vendredi: Fermé | samedi: 08:30–18:00"
4252,"Bordj El Bahri","dimanche: 09:00–16:30"
4254,"El Khroub","dimanche: 08:30–15:00"
4255,"Chapuis","dimanche: 11:00–17:00"
4256,"Mohammadia","dimanche: 08:00–17:30"
4257,"El Magharia","dimanche: 09:00–17:00"
4258,"Kouba","dimanche: 09:00–16:00"
4259,"Oran","dimanche: 09:00–15:00"
426,"Batna","dimanche: 07:30–19:30"
4260,"Bordj El Kiffan","dimanche: 09:00–16:30"
4261,"Mohammadia","dimanche: 08:00–16:00 | lundi: 08:00–16:00 | mardi: 08:00–16:00 | mercredi: 08:00–16:00 | jeudi: 08:00–16:00 | vendredi: Fermé | samedi: 08:00–16:00"
4262,"Tizi Ouzou","dimanche: 08:30–17:00"
4263,"Constantine","dimanche: Ouvert 24h/24"
4264,"8 mai  sorecal، Bab Ezzouar","dimanche: 07:30–15:00"
4265,"Draria","dimanche: 07:00–18:00"
4266,"Oran","dimanche: 08:30–17:00"
4267,"Constantine","dimanche: 10:00–16:00"
4268,"Tizi Ouzou","Non renseigné"
4269,"Batna","Non renseigné"
427,"Sétif","dimanche: 08:00–17:00"
4270,"Batna","dimanche: 08:30–15:30 | lundi: 08:30–15:30 | mardi: 08:30–15:30 | mercredi: 08:30–15:30 | jeudi: 08:30–12:00 | vendredi: Fermé | samedi: 08:30–15:30"
4271,"Batna","Non renseigné"
4272,"Tizi Ouzou","dimanche: 08:00–17:00"
4273,"Draria","dimanche: 09:00–16:00 | lundi: 09:00–16:00 | mardi: 09:00–17:00 | mercredi: 09:00–17:00 | jeudi: 09:00–13:30 | vendredi: Fermé | samedi: 09:00–16:30"
4274,"RDC","dimanche: 08:00–18:00"
4275,"Hussein Dey","Non renseigné"
4276,"Annaba","Non renseigné"
4277,"Constantine","Non renseigné"
4278,"Bab Ezzouar","Non renseigné"
4279,"Cité 100 logement But 5 N 4","dimanche: 08:00–12:0013:00–17:00"
428,"Oran","dimanche: 08:30–21:00"
4280,"Bab El Oued","dimanche: 08:00–14:00"
4281,"Baba Hassen","dimanche: 08:30–17:30"
4282,"Chéraga","Non renseigné"
4283,"El Khroub","dimanche: 09:00–17:00"
4284,"El Biar","dimanche: Fermé"
4285,"Béjaïa","dimanche: 08:00–17:00"
4286,"Bab Ezzouar","dimanche: 08:30–14:30"
4287,"Gué de Constantine","dimanche: 09:00–16:00"
4288,"Chéraga","Non renseigné"
4289,"Staoueli","dimanche: 08:30–16:00 | lundi: 08:30–16:00 | mardi: 08:30–16:00 | mercredi: 08:30–16:00 | jeudi: Fermé | vendredi: Fermé | samedi: 08:30–16:00"
429,"Hydra","dimanche: 08:00–16:00"
4290,"Bachdjerah","dimanche: 09:00–17:00"
4291,"5 Rue Ahmed Chaouch، Birtouta","dimanche: 06:00–16:30"
4292,"Bir Mourad Raïs","dimanche: 06:00–19:00"
4293,"Annaba","Non renseigné"
4294,"Draria","dimanche: 08:00–16:00"
4295,"Tizi Ouzou","dimanche: 08:30–16:00 | lundi: 08:30–16:00 | mardi: 08:30–16:00 | mercredi: 08:30–16:00 | jeudi: 09:00–12:00 | vendredi: Fermé | samedi: 09:00–17:00"
4296,"esc5 (3ème étage chevalley،","dimanche: 09:00–16:00"
4297,"Setif","dimanche: 08:00–17:00"
4298,"Oran","dimanche: 08:00–16:00 | lundi: 08:00–16:00 | mardi: 08:00–16:00 | mercredi: 08:00–16:00 | jeudi: 08:00–16:00 | vendredi: Fermé | samedi: 08:00–16:00"
4299,"Oran","dimanche: Ouvert 24h/24 | lundi: Ouvert 24h/24 | mardi: Ouvert 24h/24 | mercredi: Ouvert 24h/24 | jeudi: Ouvert 24h/24 | vendredi: Ouvert 24h/24 | samedi: Ouvert 24h/24"
43,"Oran","dimanche: 09:00–17:00"
430,"Béjaïa","dimanche: 09:00–16:30"
4300,"Saoula","dimanche: 08:30–16:30"
4301,"Constantine","Non renseigné"
4302,"Rouïba","dimanche: 08:00–16:00"
4303,"Sétif","Non renseigné"
4304,"El Khroub","dimanche: 08:00–17:00"
4305,"Sétif","Non renseigné"
4306,"Oran","dimanche: 08:00–13:00"
4307,"Bab Ezzouar","dimanche: 08:30–16:30"
4308,"Oran","dimanche: 09:00–16:00"
4309,"Sétif","dimanche: 08:00–16:00 | lundi: 08:00–16:00 | mardi: 08:00–16:00 | mercredi: 08:00–16:00 | jeudi: 08:00–16:00 | vendredi: Fermé | samedi: 08:00–16:00"
431,"Béjaïa","Non renseigné"
4310,"El Khroub","dimanche: 09:00–17:00"
4311,"Tizi Ouzou","Non renseigné"
4312,"Chéraga","dimanche: 08:00–17:00 | lundi: 08:00–17:00 | mardi: 08:00–17:00 | mercredi: 08:00–17:00 | jeudi: 08:00–17:00 | vendredi: Fermé | samedi: 08:00–17:00"
4313,"Constantine","dimanche: 09:00–15:30"
4314,"Bouzareah","dimanche: 09:30–14:30"
4315,"elyza","dimanche: 09:00–16:00 | lundi: 09:00–16:00 | mardi: 09:00–16:00 | mercredi: 09:00–16:00 | jeudi: 09:00–14:00 | vendredi: Fermé | samedi: 09:00–16:00"
4317,"Bab Ezzouar","dimanche: Fermé"
4318,"Oran","dimanche: 08:30–15:30"
4319,"El Khroub","dimanche: 09:00–15:00"
432,"ancienne","dimanche: 09:00–17:00"
4320,"Hydra","dimanche: 08:00–16:00"
4321,"El Khroub","dimanche: 08:30–15:30"
4322,"El Khroub","dimanche: 08:30–16:30"
4323,"Hussein Dey","Non renseigné"
4324,"Constantine","Non renseigné"
4325,"Oran","dimanche: 08:30–15:30"
4326,"Tizi Ouzou","Non renseigné"
4327,"BT12","dimanche: 09:00–16:00"
4328,"Dely Ibrahim","dimanche: 09:30–15:00"
4329,"Ouled Fayet","dimanche: 08:30–15:30 | lundi: 08:30–15:30 | mardi: 08:30–15:30 | mercredi: 08:30–15:30 | jeudi: 08:30–15:30 | vendredi: Fermé | samedi: 08:30–15:30"
433,"Chetouane","dimanche: Ouvert 24h/24"
4330,"Chéraga","dimanche: 08:30–18:30 | lundi: 08:30–19:00 | mardi: 08:30–18:30 | mercredi: 08:30–18:30 | jeudi: 09:00–18:30 | vendredi: Fermé | samedi: 08:00–19:30"
4331,"Batna","dimanche: 08:00–15:30"
4332,"El Khroub","Non renseigné"
4333,"Birkhadem","dimanche: 08:00–16:30"
4334,"Oran","dimanche: Ouvert 24h/24 | lundi: Ouvert 24h/24 | mardi: Ouvert 24h/24 | mercredi: Ouvert 24h/24 | jeudi: Ouvert 24h/24 | vendredi: Ouvert 24h/24 | samedi: Ouvert 24h/24"
4335,"Chéraga","dimanche: 08:00–16:30"
4336,"Birkhadem","dimanche: 09:00–15:30"
4337,"Alger Centre","Non renseigné"
4338,"Oran","dimanche: 08:30–17:00"
4339,"Oran","dimanche: 08:30–16:00 | lundi: 08:30–16:00 | mardi: 08:30–16:00 | mercredi: 08:30–16:00 | jeudi: 08:30–12:00 | vendredi: Fermé | samedi: 08:30–13:00"
434,"Tlemcen","dimanche: 08:30–15:30"
4341,"Setif","dimanche: 08:00–16:00 | lundi: 08:00–16:00 | mardi: 08:00–16:00 | mercredi: 08:00–16:00 | jeudi: 08:00–12:00 | vendredi: Fermé | samedi: 08:00–16:00"
4342,"Dely Ibrahim","dimanche: 08:30–13:00"
4343,"Birkhadem","dimanche: 08:00–16:00"
4344,"Skikda","dimanche: 08:30–17:30"
4345,"Aïn Smara","dimanche: 07:00–15:30"
4346,"Annaba","dimanche: 09:00–18:00"
4347,"600 logts Bt F04 N°442","dimanche: 08:00–12:0014:00–16:00 | lundi: 08:00–12:0014:00–16:00 | mardi: 08:00–12:0014:00–16:00 | mercredi: 08:00–12:0014:00–16:00 | jeudi: 08:00–12:0014:00–16:00 | vendredi: Fermé | samedi: Fermé"
4348,"Bordj El Kiffan","dimanche: 08:30–16:00 | lundi: 08:30–16:00 | mardi: 08:30–16:00 | mercredi: 08:30–16:00 | jeudi: Fermé | vendredi: Fermé | samedi: 09:00–17:00"
4349,"Kouba","dimanche: 08:30–12:30"
435,"Blida","dimanche: 09:00–18:00"
4350,"Oran","dimanche: 08:15–19:00"
4351,"Oran","dimanche: 08:00–13:00"
4352,"Baraki","Non renseigné"
4353,"Birkhadem","dimanche: 08:00–16:00"
4354,"Hussein Dey","dimanche: 09:00–16:00"
4355,"Draria","dimanche: 09:00–16:00"
4356,"Annaba","dimanche: 09:00–16:00"
4357,"Bab Ezzouar","dimanche: 09:00–16:00"
4358,"Es Senia","dimanche: 08:30–14:00"
4359,"El Khroub","Non renseigné"
436,"Hussein Dey","dimanche: 08:30–16:00 | lundi: 08:30–16:00 | mardi: 08:30–16:00 | mercredi: 08:30–16:00 | jeudi: 08:30–16:00 | vendredi: Fermé | samedi: Fermé"
4360,"Bab Ezzouar","dimanche: 09:00–17:00"
4361,"Hydra","dimanche: 09:00–17:00 | lundi: 09:00–17:00 | mardi: 09:00–17:00 | mercredi: 09:00–17:00 | jeudi: 09:00–17:00 | vendredi: Fermé | samedi: 09:00–17:00"
4362,"Chéraga","dimanche: 09:00–15:00 | lundi: 09:00–15:00 | mardi: 09:00–15:00 | mercredi: 09:00–15:00 | jeudi: 09:00–15:00 | vendredi: Fermé | samedi: 09:00–15:00"
4363,"Batna","dimanche: 09:00–16:30 | lundi: 09:00–16:30 | mardi: 09:00–16:30 | mercredi: 09:00–16:30 | jeudi: 09:00–16:30 | vendredi: 09:00–16:30 | samedi: 09:00–16:30"
4364,"Mohammadia","dimanche: 12:30–16:00"
4365,"Dely Ibrahim","Non renseigné"
4366,"Aïn Benian","dimanche: 08:00–16:00 | lundi: 08:00–16:00 | mardi: 08:00–16:00 | mercredi: 08:00–16:00 | jeudi: Fermé | vendredi: Fermé | samedi: 08:00–16:00"
4367,"Bir El Djir","Non renseigné"
4368,"Darmatologue","Non renseigné"
4369,"Annaba","dimanche: 08:00–17:00"
437,"El Bouni","dimanche: 08:00–17:00"
4370,"Oran","dimanche: 08:00–18:00"
4371,"Bir El Djir","Non renseigné"
4372,"BENABDEREZZAK","dimanche: 08:30–17:00"
4373,"Birkhadem","dimanche: 08:30–04:30"
4374,"Bir Mourad Raïs","dimanche: 09:00–15:30"
4375,"Oran","dimanche: 09:00–16:00"
4376,"Tizi Ouzou","dimanche: 08:00–16:30"
4377,"Mostaganem","dimanche: 08:30–13:00"
4378,"El Harrach","dimanche: 08:00–16:00 | lundi: 08:00–16:00 | mardi: 08:00–16:00 | mercredi: 08:00–16:00 | jeudi: 08:00–16:00 | vendredi: Fermé | samedi: Fermé"
4379,"Annaba","dimanche: 08:30–16:00"
438,"Blida","dimanche: 09:00–16:00"
4381,"Belouizdad","dimanche: 09:00–15:30"
4382,"Aïn Smara","dimanche: 09:00–16:00"
4383,"Draria","dimanche: 08:30–15:30 | lundi: 08:30–15:30 | mardi: 08:30–15:30 | mercredi: 08:30–15:30 | jeudi: 08:30–15:30 | vendredi: Fermé | samedi: Fermé"
4384,"Annaba","dimanche: 09:00–16:00 | lundi: 09:00–16:00 | mardi: 09:00–16:00 | mercredi: 09:00–16:00 | jeudi: 09:00–14:00 | vendredi: Fermé | samedi: 09:00–16:00"
4385,"Draria","dimanche: 08:30–15:30"
4386,"Oran","Non renseigné"
4387,"Bir Mourad Raïs","dimanche: 09:00–15:30 | lundi: 09:00–15:30 | mardi: Fermé | mercredi: 09:00–15:30 | jeudi: 09:00–15:00 | vendredi: Fermé | samedi: 09:00–15:00"
4388,"El Biar","dimanche: 09:00–15:00"
4389,"Bir El Djir","dimanche: 08:00–16:00 | lundi: 08:00–16:00 | mardi: 08:00–16:00 | mercredi: 08:00–16:00 | jeudi: 08:00–12:00 | vendredi: Fermé | samedi: 08:30–16:00"
439,"Sétif","dimanche: 08:00–18:30"
4390,"Kouba","dimanche: 09:00–16:00 | lundi: 09:00–16:00 | mardi: 09:00–16:00 | mercredi: 09:00–16:00 | jeudi: 09:00–16:00 | vendredi: 09:00–16:00 | samedi: 09:00–16:00"
4391,"Oran","Non renseigné"
4392,"Batna","Non renseigné"
4393,"El Khroub","dimanche: 08:30–17:00 | lundi: 08:30–17:00 | mardi: 08:30–17:00 | mercredi: 08:30–17:00 | jeudi: 08:30–17:00 | vendredi: Fermé | samedi: 08:30–17:00"
4394,"Hussein Dey","dimanche: 09:00–17:00"
4395,"El Madania","dimanche: 09:00–14:00"
4396,"Chéraga","dimanche: 06:30–15:30"
4397,"Mohammadia","dimanche: 08:00–16:00 | lundi: 08:00–16:00 | mardi: 08:00–16:00 | mercredi: 08:00–16:00 | jeudi: 08:00–16:00 | vendredi: Fermé | samedi: 08:00–16:00"
4398,"Batna","Non renseigné"
4399,"Bouzareah","dimanche: 08:00–16:00"
44,"Ouled Yaïch","dimanche: 09:00–17:00 | lundi: Fermé | mardi: 09:00–17:00 | mercredi: 09:00–17:00 | jeudi: 09:00–17:00 | vendredi: Fermé | samedi: 09:00–17:00"
440,"Barbacha","dimanche: 07:30–20:00"
4400,"Sidi MHamed","dimanche: 09:00–17:00"
4401,"Sidi MHamed","dimanche: 09:00–12:0013:30–16:00"
4402,"Sidi Chami","dimanche: 10:00–18:00 | lundi: 10:00–18:00 | mardi: 10:00–18:00 | mercredi: 10:00–18:00 | jeudi: 10:00–18:00 | vendredi: Fermé | samedi: Fermé"
4403,"Constantine","dimanche: 08:00–16:00"
4404,"Tizi Ouzou","dimanche: 08:00–17:00 | lundi: 08:00–17:00 | mardi: 08:00–17:00 | mercredi: 08:00–17:00 | jeudi: 08:00–17:00 | vendredi: Fermé | samedi: 08:00–17:00"
4405,"Annaba","Non renseigné"
4406,"Les Eucalyptus","dimanche: Fermé | lundi: 07:30–16:30 | mardi: 07:30–16:30 | mercredi: 07:30–16:30 | jeudi: 07:30–16:30 | vendredi: Fermé | samedi: 07:30–16:30"
4407,"Dely Ibrahim","dimanche: 08:00–15:00 | lundi: 08:00–15:00 | mardi: 08:00–15:00 | mercredi: 08:00–15:00 | jeudi: 08:00–15:00 | vendredi: Fermé | samedi: Fermé"
4408,"Oran","dimanche: 09:15–04:30 | lundi: 09:15–04:30 | mardi: 09:15–04:30 | mercredi: 09:15–04:30 | jeudi: 09:15–04:30 | vendredi: Fermé | samedi: Fermé"
4409,"Tizi Ouzou","dimanche: 08:00–12:30"
441,"Batna","dimanche: 07:45–20:00"
4410,"Oran","Non renseigné"
4412,"Oran","Non renseigné"
4413,"Oran","dimanche: 09:30–12:30"
4414,"Oran","dimanche: 09:00–12:00"
4415,"Gué de Constantine","Non renseigné"
4416,"Constantine","Non renseigné"
4417,"Annaba","dimanche: 07:00–15:00"
4418,"Annaba","Non renseigné"
4419,"Constantine","dimanche: 07:30–16:00 | lundi: Fermé | mardi: 07:30–16:00 | mercredi: 07:30–16:00 | jeudi: Fermé | vendredi: Fermé | samedi: 07:30–16:00"
442,"Batna","dimanche: 08:00–12:0014:00–17:00"
4421,"Bab Ezzouar","dimanche: 09:00–16:00 | lundi: 09:00–16:00 | mardi: 09:00–16:00 | mercredi: 09:00–16:00 | jeudi: 09:00–13:00 | vendredi: Fermé | samedi: 09:00–16:00"
4422,"Hussein Dey","dimanche: 09:00–12:0013:00–17:00"
4423,"Es Sénia","dimanche: 08:00–16:00 | lundi: 08:00–16:00 | mardi: 08:00–16:00 | mercredi: 08:00–16:00 | jeudi: 08:00–13:00 | vendredi: Fermé | samedi: 08:00–13:00"
4424,"Constantine","Non renseigné"
4425,"El Biar","dimanche: 08:30–17:00 | lundi: 08:30–17:00 | mardi: 08:30–17:00 | mercredi: 08:30–17:00 | jeudi: 08:30–17:00 | vendredi: Fermé | samedi: 08:30–17:00"
4426,"Bab El Oued","dimanche: 09:00–16:00 | lundi: 09:00–16:00 | mardi: 09:00–16:00 | mercredi: 09:00–16:00 | jeudi: Fermé | vendredi: Fermé | samedi: 09:00–16:00"
4427,"Annaba","dimanche: 08:30–16:00 | lundi: 08:30–16:00 | mardi: 08:30–16:00 | mercredi: 08:30–16:00 | jeudi: Fermé | vendredi: Fermé | samedi: 08:30–16:00"
4428,"El Khroub","dimanche: 08:00–16:30"
4429,"Oran","dimanche: 08:30–17:00"
443,"Blida","dimanche: 09:00–19:30"
4430,"El Bouni","dimanche: 09:00–15:00"
4431,"Gué de Constantine","dimanche: 08:30–15:30"
4432,"Constantine","Non renseigné"
4433,"Constantine","dimanche: 08:30–15:00 | lundi: 08:30–15:00 | mardi: 08:30–15:00 | mercredi: 08:30–15:00 | jeudi: 08:30–12:00 | vendredi: Fermé | samedi: 08:30–15:00"
4434,"Birkhadem","dimanche: 08:00–16:00"
4435,"Biskra","dimanche: 07:00–14:00"
4436,"Batna","dimanche: 08:00–16:30 | lundi: 08:00–16:30 | mardi: 08:00–16:30 | mercredi: 08:00–16:30 | jeudi: 08:00–16:30 | vendredi: Fermé | samedi: 08:00–16:30"
4437,"Bab Ezzouar","dimanche: 09:00–16:00 | lundi: 09:00–16:00 | mardi: 09:00–16:00 | mercredi: 09:00–16:00 | jeudi: 09:00–16:00 | vendredi: Fermé | samedi: 09:00–16:00"
4438,"Gué de Constantine","dimanche: 09:00–14:30"
4439,"El Harrach","dimanche: 08:00–16:00"
444,"Béjaïa","dimanche: 08:00–16:00 | lundi: 08:00–16:00 | mardi: 08:00–16:00 | mercredi: 08:00–16:00 | jeudi: Fermé | vendredi: Fermé | samedi: 08:00–16:30"
4440,"Biskra","Non renseigné"
4441,"Kouba","dimanche: 09:00–18:00 | lundi: 09:00–18:00 | mardi: 09:00–18:00 | mercredi: 09:00–18:00 | jeudi: 09:00–18:00 | vendredi: Fermé | samedi: 09:00–18:00"
4442,"dergale","dimanche: 08:00–16:00"
4443,"Rouïba","dimanche: 09:00–16:00"
4444,"Alger Centre","dimanche: 09:00–16:00 | lundi: 09:00–16:00 | mardi: 09:00–16:00 | mercredi: 09:00–16:00 | jeudi: 09:00–12:00 | vendredi: Fermé | samedi: 09:00–12:00"
4445,"Batna","Non renseigné"
4446,"Sidi MHamed","dimanche: Fermé"
4447,"El Khroub","dimanche: 08:30–15:30 | lundi: 08:30–15:30 | mardi: 08:30–15:30 | mercredi: 08:30–15:30 | jeudi: 08:30–15:30 | vendredi: Fermé | samedi: 08:30–15:30"
4448,"Alger Centre","dimanche: 09:00–16:00 | lundi: 09:00–16:00 | mardi: 09:00–16:00 | mercredi: 09:00–16:00 | jeudi: Fermé | vendredi: Fermé | samedi: 09:00–16:00"
4449,"Oran","dimanche: 09:30–16:30"
445,"Constantine","Non renseigné"
4450,"Annaba","Non renseigné"
4451,"Oran","dimanche: 08:00–16:00"
4452,"Batna","Non renseigné"
4453,"Chéraga","dimanche: 09:00–17:00"
4454,"Bordj El Bahri","dimanche: 09:00–16:00"
4455,"Bir Mourad Raïs، alger","dimanche: 08:00–16:30"
4456,"Constantine","dimanche: 09:00–16:00"
4457,"Oran","Non renseigné"
4458,"Es Sénia","Non renseigné"
4459,"Carto","dimanche: 08:30–16:00 | lundi: 08:30–16:00 | mardi: 08:30–16:00 | mercredi: 08:30–16:00 | jeudi: Fermé | vendredi: Fermé | samedi: 08:30–14:00"
446,"Tlemcen","dimanche: 09:00–20:00"
4460,"Gué de Constantine","dimanche: 09:00–16:00"
4461,"Sétif","dimanche: 08:00–15:00"
4462,"Oran","dimanche: 08:00–16:00"
4463,"Oran","dimanche: 09:00–14:30"
4464,"Hydra","dimanche: 09:00–14:30 | lundi: 09:00–14:30 | mardi: Fermé | mercredi: 09:00–14:30 | jeudi: 09:00–14:30 | vendredi: Fermé | samedi: Fermé"
4465,"Draria","dimanche: 09:00–15:00 | lundi: 09:00–15:00 | mardi: 09:00–12:00 | mercredi: 09:00–15:00 | jeudi: 10:00–14:30 | vendredi: Fermé | samedi: Fermé"
4466,"Kouba","dimanche: 09:00–17:00 | lundi: 09:00–17:00 | mardi: 09:00–17:00 | mercredi: 09:00–17:00 | jeudi: 09:00–17:00 | vendredi: Fermé | samedi: 09:00–17:00"
4467,"Annaba","dimanche: 10:00–17:00"
4468,"Bir Mourad Raïs","Non renseigné"
4469,"Cité، Bab Ezzouar","dimanche: 09:00–16:00"
4470,"Birtouta","dimanche: 09:00–16:00 | lundi: 09:00–16:00 | mardi: 09:00–16:00 | mercredi: 09:00–16:00 | jeudi: 09:00–16:00 | vendredi: Fermé | samedi: 09:00–16:00"
4471,"Bab El Oued","dimanche: 07:00–16:00"
4472,"Bir El Djir","dimanche: 09:00–14:00"
4473,"Sidi MHamed","dimanche: 10:00–17:00"
4474,"Baba Hassen","dimanche: 07:00–15:00"
4475,"Draria","dimanche: 09:00–14:30"
4476,"Oran","dimanche: 08:00–16:00 | lundi: 08:00–16:00 | mardi: 08:00–16:00 | mercredi: 08:00–16:00 | jeudi: 08:00–16:00 | vendredi: Fermé | samedi: Fermé"
4479,"Bir El Djir","dimanche: 09:00–15:00"
448,"Constantine","dimanche: Ouvert 24h/24"
4480,"Oran","dimanche: Fermé"
4481,"Es Sénia","dimanche: 01:30–04:0008:30–12:00"
4482,"BT C1 n 05","dimanche: 09:00–17:00 | lundi: 09:00–16:00 | mardi: 09:00–16:00 | mercredi: 09:00–16:00 | jeudi: Fermé | vendredi: Fermé | samedi: 09:00–16:00"
4483,"Bordj El Bahri","dimanche: 08:00–16:00"
4484,"Constantine","dimanche: 08:30–15:00"
4485,"Setif","Non renseigné"
4486,"Oran","dimanche: 09:00–19:00"
4487,"Mascara","dimanche: 08:00–17:00"
4488,"Saoula","dimanche: 10:00–16:00"
4489,"Aïn Smara","Non renseigné"
449,"Tlemcen","dimanche: 08:30–17:00"
4490,"Oran","dimanche: 09:00–16:00 | lundi: 09:00–16:00 | mardi: 09:00–12:00 | mercredi: 09:00–16:00 | jeudi: 09:00–16:00 | vendredi: Fermé | samedi: Fermé"
4491,"El Khroub","dimanche: 08:30–16:00"
4492,"Douéra","dimanche: 08:00–13:30"
4493,"Sidi Chami","dimanche: 08:00–16:00"
4494,"Bir Mourad Raïs","Non renseigné"
4495,"Constantine","dimanche: 08:00–16:00 | lundi: 08:00–16:00 | mardi: 08:00–16:00 | mercredi: 08:00–16:00 | jeudi: Fermé | vendredi: Fermé | samedi: 08:00–16:00"
4496,"Chéraga","dimanche: 08:30–14:00"
4497,"Les Eucalyptus","dimanche: 09:00–16:00"
4498,"Bir El Djir","dimanche: 08:30–16:00"
4499,"Oran","dimanche: 09:00–12:0014:00–17:00"
45,"N97 bloc B cité elmoustakbal","Non renseigné"
450,"Oran","dimanche: Fermé"
4500,"Oran","dimanche: 09:00–15:30"
4501,"Aïn Arnat","dimanche: 08:00–16:00"
4502,"El Biar","dimanche: 08:00–17:30"
4503,"Tizi Ouzou","dimanche: 08:00–17:00"
4504,"Dely Ibrahim","dimanche: 09:00–16:00 | lundi: 09:00–16:00 | mardi: 09:00–16:00 | mercredi: 09:00–16:00 | jeudi: Fermé | vendredi: Fermé | samedi: 09:00–14:00"
4505,"Oran","dimanche: 08:30–16:30 | lundi: 08:30–16:30 | mardi: 08:30–16:30 | mercredi: 08:30–16:30 | jeudi: 08:30–16:30 | vendredi: Fermé | samedi: Fermé"
4506,"3 rue Kerras Aoued En face consulat dEspagne de la rue de la Bastille Oran","dimanche: 09:30–13:30"
4507,"Sétif","Non renseigné"
4508,"El Harrach","dimanche: 08:30–16:00"
4509,"Kouba","dimanche: 08:00–16:00 | lundi: 08:00–16:00 | mardi: 08:00–16:00 | mercredi: 08:00–16:00 | jeudi: 08:00–16:00 | vendredi: Fermé | samedi: Fermé"
451,"Béjaïa","dimanche: 08:00–23:00"
4510,"600 مسكن رقم 183 عمارة C 4،","dimanche: 08:00–17:00"
4511,"Hussein Dey","dimanche: 08:30–14:00"
4512,"Oran","dimanche: 11:00–15:30"
4513,"Cité، Bab Ezzouar","dimanche: 09:00–16:30"
4514,"Bir El Djir","Non renseigné"
4515,"Oran","dimanche: 10:00–18:00 | lundi: 10:00–18:00 | mardi: 10:00–18:00 | mercredi: 10:00–17:00 | jeudi: Fermé | vendredi: Fermé | samedi: 10:00–18:00"
4516,"Baba Hassan","Non renseigné"
4517,"Gué de Constantine","dimanche: 08:00–16:00 | lundi: 08:00–16:00 | mardi: 08:00–16:00 | mercredi: 08:00–16:00 | jeudi: 08:00–16:00 | vendredi: Fermé | samedi: 08:00–16:00"
4518,"Bordj El Bahri","dimanche: 08:30–16:00"
4519,"cabinet de medecine specialisate en medecine interne","dimanche: 08:30–17:00"
452,"El Forkane","dimanche: 09:00–15:00"
4520,"Aïn El Bey","dimanche: 08:00–16:00"
4521,"El Achour","dimanche: 08:00–16:00"
4522,"Oran","dimanche: 08:30–16:00"
4523,"Oran","dimanche: 08:30–17:00 | lundi: 08:30–17:00 | mardi: 08:30–17:00 | mercredi: 08:30–17:00 | jeudi: 08:30–14:00 | vendredi: Fermé | samedi: 08:30–17:00"
4524,"mostaganem","dimanche: 08:30–15:30"
4525,"Annaba","Non renseigné"
4526,"Oran","Non renseigné"
4527,"Bir Mourad Raïs","dimanche: 09:00–16:00"
4528,"Ben Aknoun","Non renseigné"
4529,"Annaba","dimanche: 08:30–17:00"
453,"Setif","dimanche: 08:00–16:00"
4530,"Bir Mourad Raïs","dimanche: 08:30–14:00"
4531,"Alger Centre","Non renseigné"
4532,"Annaba","dimanche: 07:00–00:00"
4533,"Constantine","dimanche: 09:00–17:00 | lundi: 09:00–17:00 | mardi: 09:00–17:00 | mercredi: 09:00–17:00 | jeudi: 09:00–17:00 | vendredi: Fermé | samedi: 09:00–17:00"
4534,"Rue","dimanche: 06:00–16:00 | lundi: 06:00–20:00 | mardi: 06:00–16:00 | mercredi: 06:00–20:00 | jeudi: 06:00–16:00 | vendredi: Fermé | samedi: 06:00–20:00"
4535,"Sidi MHamed","dimanche: 08:00–16:00"
4536,"Bordj El Bahri","dimanche: 08:30–16:00 | lundi: 08:30–16:00 | mardi: 08:30–16:00 | mercredi: 08:30–16:00 | jeudi: 08:30–16:00 | vendredi: Fermé | samedi: 08:30–16:00"
4537,"Douera","dimanche: 08:00–16:30 | lundi: 08:00–16:30 | mardi: 08:00–16:30 | mercredi: 08:30–16:30 | jeudi: 08:00–16:00 | vendredi: Fermé | samedi: 08:30–16:30"
4538,"Dar El Beïda","dimanche: 09:00–16:00 | lundi: 09:00–16:00 | mardi: 09:00–16:00 | mercredi: 09:00–16:00 | jeudi: Fermé | vendredi: Fermé | samedi: 09:00–16:00"
4539,"Sétif","dimanche: 08:00–17:00 | lundi: 08:00–17:00 | mardi: 08:00–17:00 | mercredi: 08:00–17:00 | jeudi: 08:00–17:00 | vendredi: Fermé | samedi: 08:00–17:00"
454,"حي النقل البري- SNTR،","dimanche: 08:30–15:00 | lundi: 08:30–15:00 | mardi: 08:30–15:00 | mercredi: 08:30–15:00 | jeudi: 09:00–15:00 | vendredi: Fermé | samedi: 08:30–15:00"
4540,"Oran","dimanche: 08:00–14:00"
4541,"Chéraga","dimanche: 08:30–17:00"
4542,"Draria","dimanche: 09:00–16:00"
4543,"Hussein Dey","dimanche: 08:30–17:00"
4544,"Tizi Ouzou","dimanche: Ouvert 24h/24"
4545,"Draria","dimanche: 09:00–17:00 | lundi: 09:00–17:00 | mardi: 09:00–17:00 | mercredi: 09:00–17:00 | jeudi: 09:00–17:00 | vendredi: Fermé | samedi: 09:00–17:00"
4546,"Draria","dimanche: 07:00–17:00 | lundi: 07:00–17:00 | mardi: 07:00–17:00 | mercredi: 07:00–17:00 | jeudi: 07:00–17:00 | vendredi: Fermé | samedi: 07:00–17:00"
4547,"Cité 500 logements Bt 03 Num 21 El khroub  Constantine Khroub","dimanche: 08:00–16:00"
4548,"Bordj El Bahri","dimanche: 09:00–16:00 | lundi: 09:00–16:00 | mardi: 09:00–15:30 | mercredi: 09:00–16:00 | jeudi: Fermé | vendredi: Fermé | samedi: 09:00–16:00"
4549,"Alger","dimanche: 08:30–15:00"
455,"Blida","dimanche: 08:30–16:30"
4550,"Batna","dimanche: 08:00–17:00 | lundi: 08:00–17:00 | mardi: 08:00–17:00 | mercredi: 08:00–17:00 | jeudi: 08:00–12:00 | vendredi: Fermé | samedi: 08:00–12:00"
4551,"Fougeroux Chevalley BT 13y n: 2","dimanche: 09:00–12:0012:30–15:00"
4552,"Baraki","dimanche: 08:30–16:30"
4553,"Oran","dimanche: 08:00–16:00"
4554,"Ben Aknoun","dimanche: 09:00–15:00"
4555,"Bab Ezzouar","dimanche: 09:00–16:00"
4556,"Batna","dimanche: 08:00–15:00 | lundi: 08:00–15:00 | mardi: 08:00–15:00 | mercredi: 08:00–15:00 | jeudi: Fermé | vendredi: Fermé | samedi: 08:00–15:00"
4557,"Tizi Ouzou","Non renseigné"
4558,"Bab El Oued","dimanche: 09:00–18:00"
4559,"Hamma Bouziane","dimanche: 08:30–16:00"
456,"Tlemcen","dimanche: 09:00–18:00"
4560,"Bachdjerah","dimanche: 09:00–13:30 | lundi: 09:00–13:30 | mardi: 09:00–13:30 | mercredi: 09:00–13:30 | jeudi: 09:00–13:30 | vendredi: Fermé | samedi: 09:00–13:30"
4561,"Saoula","dimanche: 09:00–15:30"
4562,"Dely Ibrahim","dimanche: 08:00–17:00 | lundi: 08:00–17:00 | mardi: 08:00–17:00 | mercredi: 08:00–17:00 | jeudi: 08:00–17:00 | vendredi: Fermé | samedi: Fermé"
4563,"Bab Ezzouar","Non renseigné"
4564,"Résidence Ghizlane، Ouled Fayet","dimanche: 09:00–16:00"
4566,"Mohammadia","dimanche: 09:00–16:00"
4567,"Oran","dimanche: 08:00–13:00"
4568,"Constantine","Non renseigné"
4569,"Setif","dimanche: 08:00–16:30"
457,"Constantine","dimanche: 08:00–17:00"
4570,"Tizi Ouzou","dimanche: 08:30–16:30"
4571,"Tizi Ouzou","dimanche: 08:00–16:00"
4572,"Constantine","Non renseigné"
4573,"Hydra","dimanche: 09:00–15:00 | lundi: 09:00–15:00 | mardi: 09:00–15:00 | mercredi: 09:00–15:00 | jeudi: Fermé | vendredi: Fermé | samedi: 09:00–15:00"
4574,"Chéraga","dimanche: 09:00–17:00"
4575,"Constantine","dimanche: 08:30–14:00"
4576,"Annaba","Non renseigné"
4577,"Cité safsaf  logts bloc 93 N° 760","Non renseigné"
4578,"Mostaganem","dimanche: 08:00–16:30 | lundi: 08:00–16:30 | mardi: 08:00–16:30 | mercredi: 08:00–16:30 | jeudi: 08:00–16:30 | vendredi: Fermé | samedi: 08:00–16:30"
4579,"Constantine","dimanche: 09:00–15:00 | lundi: 09:00–15:00 | mardi: 09:00–15:00 | mercredi: 09:00–15:00 | jeudi: Fermé | vendredi: Fermé | samedi: 09:00–15:00"
458,"Oran","dimanche: 09:00–17:00"
4580,"Baraki","dimanche: 08:00–16:00"
4581,"Aïn Benian","dimanche: 09:00–16:00 | lundi: 09:00–16:00 | mardi: Fermé | mercredi: 09:00–16:00 | jeudi: 09:00–13:00 | vendredi: Fermé | samedi: 09:00–14:00"
4582,"Gué de Constantine","dimanche: 09:00–16:00"
4583,"Oran","dimanche: 09:30–15:00 | lundi: 09:30–15:00 | mardi: 09:30–15:00 | mercredi: 09:30–15:00 | jeudi: Fermé | vendredi: Fermé | samedi: 09:30–15:00"
4584,"Didouche Mourad","Non renseigné"
4586,"Gué de Constantine","dimanche: 08:30–14:00"
4587,"Chéraga","Non renseigné"
4589,"El Khroub","dimanche: 08:00–15:00"
459,"Blida","dimanche: 08:30–23:00"
4590,"Annaba","dimanche: 09:00–15:30 | lundi: 09:00–15:30 | mardi: 09:00–15:30 | mercredi: 09:00–15:30 | jeudi: 09:00–13:00 | vendredi: Fermé | samedi: Fermé"
4592,"Alger Centre","dimanche: 11:00–15:00"
4593,"Dar El Beïda","dimanche: 08:30–16:00"
4594,"Birkhadem","dimanche: 09:00–17:00 | lundi: 09:00–17:00 | mardi: 09:00–17:00 | mercredi: 09:00–17:00 | jeudi: 09:00–17:00 | vendredi: Fermé | samedi: 09:00–17:00"
4595,"Oran","dimanche: 08:30–15:00"
4596,"Draria","dimanche: 08:00–16:30 | lundi: 08:00–16:30 | mardi: Fermé | mercredi: 08:00–16:30 | jeudi: 08:00–16:30 | vendredi: Fermé | samedi: 08:00–16:30"
4597,"Oran","dimanche: 09:30–17:00"
4598,"Batna","Non renseigné"
4599,"Hussein Dey","dimanche: 08:30–16:00 | lundi: 08:30–16:00 | mardi: 08:30–16:00 | mercredi: 08:30–16:00 | jeudi: 08:30–16:00 | vendredi: Fermé | samedi: 08:30–13:00"
46,"kiffen","dimanche: 10:00–12:3014:30–17:00"
460,"Oran","dimanche: 08:30–20:00"
4600,"Hydra","dimanche: 09:00–20:00 | lundi: 09:00–20:00 | mardi: 09:00–20:00 | mercredi: 09:00–20:00 | jeudi: 09:00–20:00 | vendredi: Fermé | samedi: 09:00–20:00"
4601,"Oran","Non renseigné"
4602,"Chéraga","dimanche: 09:00–12:00"
4603,"Mansourah","dimanche: 08:00–23:00"
4604,"Cite belhadj lotissement ain bey 2eme tranche el fedj n⁰233 Constantine","dimanche: 08:30–19:00"
4605,"El Khroub","Non renseigné"
4606,"Gué de Constantine","dimanche: 09:00–16:30"
4607,"Setif","dimanche: 08:00–16:30"
4609,"Sétif","dimanche: 08:00–14:00"
461,"Oran","dimanche: 08:00–16:00"
4610,"Oran","Non renseigné"
4611,"Constantine","dimanche: 08:00–16:00"
4612,"Sétif","Non renseigné"
4613,"Oran","dimanche: 08:30–16:00"
4614,"Sétif","dimanche: 08:00–16:00 | lundi: 08:00–16:00 | mardi: 08:00–16:00 | mercredi: 08:00–16:00 | jeudi: 08:00–16:00 | vendredi: Fermé | samedi: 08:00–16:00"
4615,"Algiers","Non renseigné"
4616,"Béjaïa","Non renseigné"
4617,"Aïn Smara","dimanche: 08:00–15:00"
4618,"Oran","dimanche: 08:00–16:00 | lundi: 08:00–16:00 | mardi: 08:00–16:00 | mercredi: 08:00–16:00 | jeudi: 08:00–16:00 | vendredi: Fermé | samedi: 08:00–16:00"
4619,"Sétif","dimanche: 08:00–15:00"
462,"Ouled Yaïch","Non renseigné"
4620,"Constantine","dimanche: 08:00–16:00"
4621,"Rouïba","dimanche: 09:00–16:00"
4622,"Bordj El Bahri","dimanche: 08:30–15:00"
4623,"Sétif","dimanche: 08:00–17:00"
4624,"El Khroub","dimanche: 08:00–04:00"
4625,"Aïn Bénian","dimanche: 08:30–16:00"
4626,"Chéraga","dimanche: 09:00–16:00 | lundi: 09:00–16:00 | mardi: 09:00–16:00 | mercredi: 09:00–16:00 | jeudi: 09:00–16:00 | vendredi: Fermé | samedi: 09:00–16:00"
4627,"","Non renseigné"
4628,"Dely Ibrahim","dimanche: 08:00–17:00"
4629,"Oran","dimanche: 08:30–15:30"
463,"Bir El Djir","dimanche: Fermé | lundi: Fermé | mardi: Fermé | mercredi: Fermé | jeudi: Fermé | vendredi: Fermé | samedi: Ouvert 24h/24"
4630,"Constantine","Non renseigné"
4631,"Oran","dimanche: 09:00–14:00"
4632,"Bordj El Bahri","dimanche: 08:30–16:00"
4633,"Skikda","dimanche: 08:00–16:00"
4634,"Sétif","dimanche: 09:00–16:00"
4635,"Hussein Dey","dimanche: 11:30–15:30"
4637,"El Khroub","dimanche: 08:00–17:00 | lundi: 08:00–17:00 | mardi: 08:00–17:00 | mercredi: 08:00–17:00 | jeudi: 08:00–17:00 | vendredi: Fermé | samedi: 08:00–17:00"
4638,"Constantine","Non renseigné"
4639,"Constantine","dimanche: Ouvert 24h/24"
464,"Oran","Non renseigné"
4640,"Tizi Ouzou","dimanche: 08:30–16:30"
4641,"Setif","dimanche: 07:30–12:00 | lundi: 07:30–12:00 | mardi: 07:30–12:00 | mercredi: 07:30–12:00 | jeudi: Fermé | vendredi: Fermé | samedi: 07:30–12:00"
4642,"Cite 122 logements aadl","Non renseigné"
4643,"Bab Ezzouar","dimanche: 09:00–15:30 | lundi: 09:00–15:30 | mardi: 09:00–15:30 | mercredi: 09:00–15:30 | jeudi: 09:00–12:00 | vendredi: Fermé | samedi: 09:00–15:30"
4644,"Annaba","Non renseigné"
4645,"Bachdjerah","dimanche: 08:30–12:30"
4646,"Boulevard Millénium - bâtiment B4 pas loin de la nouvelle","dimanche: 08:30–15:30"
4647,"bloc 3 n","Non renseigné"
4648,"Annaba","Non renseigné"
4649,"Alger Centre","dimanche: Fermé"
465,"Bir El Djir","Non renseigné"
4650,"Noël","dimanche: 08:00–17:00"
4651,"Bir Mourad Raïs","dimanche: 09:00–15:30"
4652,"Annaba","dimanche: 08:30–16:00"
4653,"Alger Centre","Non renseigné"
4654,"","dimanche: 08:00–16:00"
4655,"Bachdjerrah","dimanche: 09:00–14:00"
4656,"El Biar","dimanche: 09:30–16:00 | lundi: 09:30–16:00 | mardi: 09:30–16:00 | mercredi: 09:30–16:00 | jeudi: 09:30–16:00 | vendredi: Fermé | samedi: 09:30–16:00"
4657,"Tizi Ouzou","dimanche: 08:00–16:00 | lundi: 08:00–16:00 | mardi: 08:00–16:00 | mercredi: 08:00–16:00 | jeudi: 08:00–16:00 | vendredi: Fermé | samedi: 08:00–16:00"
4658,"Tizi Ouzou","dimanche: 08:00–16:00"
4659,"Alger Centre","Non renseigné"
466,"Constantine","dimanche: 08:00–16:00"
4660,"Sidi MHamed","dimanche: 09:00–17:00"
4661,"El Biar","dimanche: 08:00–19:00 | lundi: 08:00–19:00 | mardi: 08:00–19:00 | mercredi: 08:00–19:00 | jeudi: 08:00–19:00 | vendredi: 08:00–19:00 | samedi: 08:00–19:00"
4662,"Oran","dimanche: 08:00–16:30 | lundi: 08:00–16:30 | mardi: 08:00–16:30 | mercredi: 08:00–16:30 | jeudi: 08:00–12:30 | vendredi: Fermé | samedi: 08:00–16:30"
4663,"Constantine","dimanche: 08:00–12:00 | lundi: 08:00–12:00 | mardi: 08:00–12:00 | mercredi: 08:00–12:00 | jeudi: 08:00–12:00 | vendredi: Fermé | samedi: 08:00–12:00"
4664,"Batna","dimanche: 08:00–17:00"
4665,"El Achour","Non renseigné"
4666,"Tizi Ouzou","Non renseigné"
4667,"Batna","dimanche: 08:00–15:30 | lundi: 08:00–15:30 | mardi: 08:00–15:30 | mercredi: 08:00–15:30 | jeudi: 08:00–15:30 | vendredi: Fermé | samedi: 08:00–15:30"
4668,"Batna","dimanche: 09:00–15:00 | lundi: 09:00–15:00 | mardi: 09:00–15:00 | mercredi: 09:00–15:00 | jeudi: 09:00–12:00 | vendredi: Fermé | samedi: 09:00–15:00"
4669,"Bir El Djir","dimanche: 08:30–15:30"
467,"Oran","dimanche: 09:00–17:00 | lundi: 09:00–17:00 | mardi: 09:00–17:00 | mercredi: 09:00–17:00 | jeudi: 09:00–12:30 | vendredi: Fermé | samedi: 09:00–17:00"
4670,"Kouba","dimanche: 11:00–17:00 | lundi: 11:00–17:00 | mardi: 11:00–17:00 | mercredi: 11:00–17:00 | jeudi: 11:00–17:00 | vendredi: Fermé | samedi: 11:00–17:00"
4671,"El Achour","dimanche: 08:00–16:00"
4672,"Sidi Chami","dimanche: 08:30–16:30"
4673,"Kouba","dimanche: 09:00–13:00"
4674,"Oran","dimanche: 08:00–16:00 | lundi: 08:00–16:00 | mardi: 08:00–16:00 | mercredi: 08:00–16:00 | jeudi: 08:00–15:00 | vendredi: Fermé | samedi: Fermé"
4675,"Annaba","dimanche: 08:00–15:00"
4677,"Biskra","Non renseigné"
4678,"Es Sénia","dimanche: Fermé"
4679,"coopérative Abbes Laghrour Kouba -Alger En face LHôpital de Kouba،","dimanche: 08:00–17:00"
468,"Tlemcen","dimanche: 09:00–16:00"
4680,"Constantine","dimanche: 09:00–16:00"
4681,"Ain naadja","dimanche: 09:00–15:00"
4682,"Hussein Dey","dimanche: 09:00–17:00"
4683,"Bachdjerrah","dimanche: 07:00–12:30 | lundi: 07:00–12:30 | mardi: 07:00–12:30 | mercredi: 07:00–12:30 | jeudi: 07:00–12:30 | vendredi: Fermé | samedi: 07:00–12:30"
4685,"Annaba","dimanche: 09:00–17:00 | lundi: 09:00–17:00 | mardi: 09:00–17:00 | mercredi: 09:00–17:00 | jeudi: 09:00–17:00 | vendredi: Fermé | samedi: 09:00–17:00"
4686,"Mohammadia","dimanche: 08:00–16:30 | lundi: 08:00–16:30 | mardi: 08:00–16:30 | mercredi: 08:00–16:30 | jeudi: 08:00–16:30 | vendredi: Fermé | samedi: 08:00–16:30"
4687,"Tizi Ouzou","dimanche: 08:30–16:00"
4688,"Mohamed Belouizdad","Non renseigné"
4689,"Sidi Chami","dimanche: 08:30–16:00"
469,"Batna","dimanche: 08:00–18:00"
4690,"Annaba","dimanche: 09:00–17:00 | lundi: 09:00–17:00 | mardi: 09:00–17:00 | mercredi: 09:00–17:00 | jeudi: 09:00–16:00 | vendredi: Fermé | samedi: 09:00–15:00"
4691,"Boumerdès","dimanche: 08:00–16:00 | lundi: 08:00–16:00 | mardi: 08:00–16:00 | mercredi: 08:00–16:00 | jeudi: 08:00–16:00 | vendredi: Fermé | samedi: 08:00–16:00"
4692,"Sétif","dimanche: 05:30–16:00"
4693,"Annaba","dimanche: 09:00–17:00"
4694,"Kouba","Non renseigné"
4695,"Kouba","dimanche: 08:00–13:00"
4696,"Sétif","dimanche: 08:00–15:00"
4697,"Oran","Non renseigné"
4698,"Dar El Beïda","dimanche: 08:30–16:00"
4699,"El Khroub","dimanche: 09:00–15:00"
470,"Guelma","dimanche: 08:00–17:00"
4700,"Boghni","dimanche: 08:00–15:00"
4701,"Didouche Mourad","dimanche: 08:00–16:00"
4702,"9JJM+PMC، cité، N 83","Non renseigné"
4703,"Sidi MHamed","dimanche: 09:00–17:00 | lundi: 09:00–17:00 | mardi: 09:00–17:00 | mercredi: 09:00–17:00 | jeudi: 09:00–17:00 | vendredi: Fermé | samedi: 09:00–13:30"
4704,"Annaba","dimanche: 08:30–15:00 | lundi: 08:30–15:00 | mardi: 08:30–15:00 | mercredi: 08:30–15:00 | jeudi: 08:30–12:00 | vendredi: Fermé | samedi: 08:30–12:00"
4705,"El Khroub","dimanche: 08:30–17:00"
4706,"Oran","dimanche: Ouvert 24h/24"
4707,"Annaba","dimanche: 09:00–14:30"
4708,"Bouzareah","dimanche: 08:00–16:00"
4709,"Dely Ibrahim","dimanche: 09:00–16:00"
471,"Batna","dimanche: 08:30–14:00"
4710,"Annaba","Non renseigné"
4711,"Annaba","dimanche: 06:30–21:00"
4712,"El Khroub","dimanche: 08:00–16:00 | lundi: 08:00–16:00 | mardi: 08:00–16:00 | mercredi: 08:00–16:00 | jeudi: 08:00–12:00 | vendredi: Fermé | samedi: 08:00–16:00"
4713,"Constantine","dimanche: 09:00–16:00 | lundi: Fermé | mardi: 09:00–16:00 | mercredi: 09:00–16:00 | jeudi: Fermé | vendredi: Fermé | samedi: 09:00–16:00"
4714,"Kouba","dimanche: 05:00–17:00 | lundi: 05:00–17:00 | mardi: 05:00–17:00 | mercredi: 05:00–17:00 | jeudi: 05:00–17:00 | vendredi: Fermé | samedi: 05:00–17:00"
4715,"Sétif","dimanche: 09:00–16:00"
4716,"Belouizdad","dimanche: 08:00–12:00"
4717,"Alger Centre","dimanche: 09:00–12:00 | lundi: 09:00–12:00 | mardi: 09:00–12:00 | mercredi: 09:00–12:00 | jeudi: 09:00–12:00 | vendredi: Fermé | samedi: Fermé"
4718,"El Khroub","dimanche: 00:00–08:0015:00–00:00"
4719,"Ave Mahmoud Boudjatit","dimanche: 10:00–18:00"
472,"Mostaganem","dimanche: 07:30–17:00"
4720,"Oran","dimanche: 08:30–16:30"
4721,"Mayer","dimanche: 08:00–11:0013:00–16:00"
4722,"Sidi MHamed","dimanche: 09:00–16:00 | lundi: 09:00–16:00 | mardi: 09:00–16:00 | mercredi: 09:00–16:00 | jeudi: 09:00–16:00 | vendredi: Fermé | samedi: 09:00–16:00"
4723,"Sétif","Non renseigné"
4724,"El Madania","dimanche: 09:00–17:00"
4725,"Oran","dimanche: 08:00–16:00"
4726,"Bir Mourad Raïs","dimanche: 08:30–16:00"
4727,"ain mzabi","dimanche: 08:00–16:00"
4728,"Uv 1","Non renseigné"
473,"Oran","dimanche: 08:30–16:00"
4731,"Birtouta","dimanche: 08:30–15:30 | lundi: 08:30–15:30 | mardi: 08:30–15:30 | mercredi: 08:30–15:30 | jeudi: 08:30–12:00 | vendredi: Fermé | samedi: 08:30–15:30"
4732,"Tizi Ouzou","dimanche: 08:00–16:30"
4733,"Constantine","dimanche: 08:00–17:00 | lundi: 08:00–17:00 | mardi: 08:00–17:00 | mercredi: 08:00–17:00 | jeudi: 08:00–17:00 | vendredi: Fermé | samedi: 08:00–17:00"
4734,"Cave Gay Parallèle à lavenue darcorle","dimanche: 08:30–16:30"
4735,"Oran","dimanche: 09:00–17:00 | lundi: 09:00–17:00 | mardi: 09:00–17:00 | mercredi: 09:00–17:00 | jeudi: 09:00–17:00 | vendredi: Fermé | samedi: 09:00–17:00"
4736,"Alger Centre","dimanche: 10:00–14:00"
4737,"Constantine","dimanche: Ouvert 24h/24"
4738,"Oran","dimanche: 09:00–17:00"
474,"Chiffa","Non renseigné"
4740,"Annaba","dimanche: 08:00–16:00"
4741,"Ben Aknoun","dimanche: 09:00–16:00"
4742,"Bordj El Bahri","dimanche: 08:30–16:00 | lundi: 08:30–16:00 | mardi: 08:30–16:00 | mercredi: 08:30–16:00 | jeudi: 08:30–16:00 | vendredi: Fermé | samedi: Fermé"
4743,"Chéraga","dimanche: 08:30–16:00 | lundi: 08:30–16:00 | mardi: 08:30–16:00 | mercredi: 08:30–16:00 | jeudi: 08:30–16:00 | vendredi: Fermé | samedi: 08:30–16:00"
4744,"Oran","dimanche: 09:00–16:30"
4745,"","Non renseigné"
4746,"Sidi MHamed","dimanche: 08:30–15:00"
4747,"Batna","dimanche: 09:10–19:10 | lundi: 09:10–19:10 | mardi: 09:10–19:10 | mercredi: 09:10–19:10 | jeudi: 09:10–19:10 | vendredi: Fermé | samedi: 09:10–19:10"
4748,"Constantine","dimanche: 09:30–16:30 | lundi: 09:30–16:30 | mardi: 09:30–16:30 | mercredi: 09:30–16:30 | jeudi: 09:30–16:30 | vendredi: Fermé | samedi: 09:30–16:30"
4749,"Oran","dimanche: 09:00–17:00"
475,"Batna","dimanche: 09:00–17:00 | lundi: 09:00–17:00 | mardi: 09:00–17:00 | mercredi: 09:00–17:00 | jeudi: 09:00–17:00 | vendredi: Fermé | samedi: 09:00–17:00"
4750,"Chéraga","dimanche: 09:30–14:00 | lundi: 09:30–14:00 | mardi: 09:30–12:00 | mercredi: 09:30–14:00 | jeudi: 09:30–14:00 | vendredi: Fermé | samedi: 09:30–12:00"
4751,"residence cooperative el badr bordj el bahri alger plage","dimanche: 08:00–16:00"
4752,"Kouba","Non renseigné"
4753,"Constantine","dimanche: 08:30–03:00"
4754,"El Khroub","dimanche: 08:30–15:30"
4755,"Oran","dimanche: 09:30–16:00 | lundi: 09:30–16:00 | mardi: 09:30–16:00 | mercredi: 09:30–16:00 | jeudi: Fermé | vendredi: Fermé | samedi: 09:30–16:00"
4756,"Souidania","dimanche: 08:00–16:00"
4757,"Tizi Ouzou","dimanche: 09:00–17:00 | lundi: 09:00–17:00 | mardi: 09:00–17:00 | mercredi: 09:00–17:00 | jeudi: 09:00–17:00 | vendredi: Fermé | samedi: Fermé"
4758,"Bab El Oued","dimanche: Fermé"
4759,"Oran","dimanche: 08:30–17:00"
476,"Sétif","dimanche: 08:00–15:00"
4760,"Annaba","dimanche: 09:00–16:00"
4761,"Setif","dimanche: 08:00–15:30 | lundi: 08:00–15:30 | mardi: 08:00–15:30 | mercredi: 08:00–15:30 | jeudi: 08:00–12:30 | vendredi: Fermé | samedi: 08:00–15:30"
4762,"Annaba","Non renseigné"
4763,"Chéraga","dimanche: 00:00–17:00"
4764,"El Eulma","dimanche: 08:30–16:00 | lundi: 08:30–16:00 | mardi: 08:30–16:00 | mercredi: 08:30–16:00 | jeudi: 08:00–12:00 | vendredi: Fermé | samedi: 08:30–16:00"
4765,"El Khroub","dimanche: 09:00–14:00 | lundi: 09:00–14:00 | mardi: 09:00–14:00 | mercredi: 09:00–14:00 | jeudi: Fermé | vendredi: Fermé | samedi: 09:00–14:00"
4766,"Sétif","dimanche: 08:00–17:00"
4767,"Bachdjerah","dimanche: 09:00–19:30"
4768,"Oran","dimanche: 10:00–15:00"
4769,"Oran","dimanche: 08:30–16:30"
477,"Oran","dimanche: 08:30–17:00"
4770,"Es Sénia","dimanche: 08:00–17:00"
4771,"Bouzareah","dimanche: Fermé | lundi: Fermé | mardi: Fermé | mercredi: Fermé | jeudi: Fermé | vendredi: Fermé | samedi: Fermé"
4772,"Baba Hassen","Non renseigné"
4773,"Bab Ezzouar","dimanche: 08:30–16:00"
4774,"Batna","Non renseigné"
4775,"UV2","dimanche: 08:00–13:00"
4776,"El Biar","dimanche: 09:00–17:00"
4777,"Gué de Constantine","dimanche: 08:00–16:00"
4778,"Batna","Non renseigné"
4779,"El Khroub","dimanche: 08:00–16:00 | lundi: 08:00–16:00 | mardi: 08:00–16:00 | mercredi: 08:00–16:00 | jeudi: 08:00–16:00 | vendredi: Fermé | samedi: 08:00–16:00"
478,"Oran","dimanche: Ouvert 24h/24"
4780,"Constantine","Non renseigné"
4781,"Birkhadem","dimanche: 09:00–12:0015:00–20:00"
4782,"Batna","dimanche: 08:00–16:30 | lundi: 08:00–16:30 | mardi: 08:00–16:30 | mercredi: 08:00–16:30 | jeudi: 08:00–16:30 | vendredi: Fermé | samedi: Fermé"
4783,"Bab Ezzouar","dimanche: 08:00–17:00"
4784,"Constantine","dimanche: 07:00–17:00"
4785,"Sétif","dimanche: 07:30–17:00"
4786,"Alger Centre","Non renseigné"
4787,"Bab El Oued","Non renseigné"
4788,"Gué de Constantine","Non renseigné"
4789,"Oran","dimanche: 09:00–16:30"
4791,"Constantine","dimanche: 08:00–15:00"
4792,"Constantine","dimanche: Ouvert 24h/24 | lundi: Ouvert 24h/24 | mardi: Ouvert 24h/24 | mercredi: Ouvert 24h/24 | jeudi: Ouvert 24h/24 | vendredi: Ouvert 24h/24 | samedi: Ouvert 24h/24"
4793,"Bir Mourad Raïs","dimanche: 09:00–17:00"
4794,"El Khroub","dimanche: 08:00–16:00 | lundi: 08:00–16:00 | mardi: 08:00–16:00 | mercredi: 08:00–16:00 | jeudi: 08:00–16:00 | vendredi: Fermé | samedi: 08:00–13:00"
4795,"Bir Mourad Raïs","dimanche: 10:00–16:00 | lundi: 10:00–16:00 | mardi: 10:00–16:00 | mercredi: 10:00–16:00 | jeudi: 10:00–16:00 | vendredi: Fermé | samedi: Fermé"
4796,"Oran","dimanche: 08:30–17:00"
4797,"Constantine","dimanche: 08:00–17:00"
4798,"El Harrach","Non renseigné"
4799,"Réghaïa","dimanche: 09:00–16:00"
48,"Batna","dimanche: 08:30–22:00"
480,"Blida","dimanche: 09:00–17:00"
4800,"Oran","Non renseigné"
4801,"Constantine","dimanche: 08:30–16:00"
4802,"Annaba","Non renseigné"
4803,"Sétif","Non renseigné"
4804,"Birtouta","dimanche: 08:00–16:00"
4805,"Setif","dimanche: 09:00–17:00 | lundi: 09:00–17:00 | mardi: 09:00–17:00 | mercredi: 09:00–17:00 | jeudi: 09:00–17:00 | vendredi: Fermé | samedi: 09:00–17:00"
4806,"Oran","dimanche: 10:00–18:30 | lundi: 10:00–18:30 | mardi: 10:00–18:30 | mercredi: 10:00–18:30 | jeudi: 10:00–16:00 | vendredi: Fermé | samedi: Fermé"
4807,"Draria","Non renseigné"
4808,"Alger Centre","dimanche: 08:30–16:00 | lundi: 08:30–16:00 | mardi: Fermé | mercredi: 08:30–16:00 | jeudi: Fermé | vendredi: Fermé | samedi: 08:30–16:00"
4809,"El Khroub","dimanche: 08:00–16:00"
481,"Bab Dzair-Blida","dimanche: 08:00–18:00"
4810,"Bouzareah","dimanche: 08:30–15:45 | lundi: 08:30–15:45 | mardi: 08:30–15:45 | mercredi: 08:30–15:45 | jeudi: Fermé | vendredi: Fermé | samedi: 08:30–15:45"
4811,"Dar El Beïda","Non renseigné"
4812,"Sétif","Non renseigné"
4814,"Bordj El Bahri","dimanche: 08:30–16:00"
4815,"Constantine","Non renseigné"
4816,"Kouba","Non renseigné"
4817,"Chlef","dimanche: Ouvert 24h/24"
4818,"Oran","Non renseigné"
4819,"Skikda","dimanche: 08:00–17:00"
482,"Bab Ezzouar","dimanche: 10:30–16:00"
4820,"Ben Aknoun","dimanche: 09:00–14:00"
4822,"Saoula","dimanche: 09:00–17:00 | lundi: 09:00–17:00 | mardi: 09:00–17:00 | mercredi: 09:00–17:00 | jeudi: 09:00–17:00 | vendredi: Fermé | samedi: 09:00–17:00"
4823,"Saoula","dimanche: 08:30–15:30"
4824,"El Biar","Non renseigné"
4825,"Annaba","dimanche: 09:00–17:00 | lundi: 09:00–17:00 | mardi: 09:00–17:00 | mercredi: 09:00–17:00 | jeudi: 09:00–17:00 | vendredi: Fermé | samedi: 09:00–17:00"
4826,"Constantine","dimanche: Ouvert 24h/24"
4827,"Hussein Dey","dimanche: 09:00–16:00"
4828,"Béjaïa","dimanche: 07:30–17:00"
4829,"Setif","Non renseigné"
483,"Tlemcen","Non renseigné"
4830,"Ain Arnat","dimanche: 08:00–16:00"
4831,"El Achour","dimanche: Fermé | lundi: Fermé | mardi: 09:00–17:00 | mercredi: 09:00–17:00 | jeudi: 09:00–12:00 | vendredi: Fermé | samedi: 09:00–17:00"
4832,"Sétif","dimanche: 08:00–15:30"
4833,"Sidi Chami","dimanche: 08:30–16:00"
4834,"El Khroub","Non renseigné"
4835,"Oran","dimanche: 09:00–15:00"
4836,"cité bachdjarah bâtiment 63 escalier 2 porte 1","dimanche: 08:30–16:00"
484,"Oran","dimanche: Ouvert 24h/24"
485,"Bir El Djir","dimanche: 08:30–17:00"
486,"El Oued","dimanche: 08:00–14:00"
487,"Jijel","dimanche: Ouvert 24h/24"
488,"Bt D9 N° 06","dimanche: 08:00–16:00"
489,"204 fg el kiffane","dimanche: 09:30–17:00"
49,"Oran","dimanche: 08:30–16:30"
490,"Oran","dimanche: 09:00–18:00"
491,"Oran","dimanche: 09:00–17:00"
492,"Jijel","Non renseigné"
493,"Oran","dimanche: 08:00–20:00"
494,"Blida","dimanche: 08:00–17:00"
495,"El Biar","dimanche: 09:30–16:30"
497,"Annaba","Non renseigné"
499,"Blida","dimanche: 10:00–17:00"
5,"brakni","dimanche: 09:00–21:00"
50,"Bordj El Kiffan","Non renseigné"
500,"Mostaganem","dimanche: 08:30–14:30"
501,"Bir El Djir","dimanche: 09:00–16:00"
502,"Kouba","dimanche: 08:30–14:00"
503,"app n 06","dimanche: 09:00–14:00"
504,"Setif","dimanche: 08:00–16:00"
505,"Ouargla","dimanche: Ouvert 24h/24"
506,"Béjaïa","dimanche: 08:00–12:0013:00–16:30"
507,"Blida","dimanche: 09:00–19:00"
508,"Dar El Beïda","Non renseigné"
509,"El Oued","dimanche: 07:15–17:00"
51,"Blida","dimanche: 09:00–22:00"
510,"Oran","dimanche: 09:00–17:00"
511,"Bir El Djir","dimanche: 08:00–20:00"
512,"Remchi","dimanche: 09:00–18:00"
515,"Bab El Oued","dimanche: 08:00–16:00"
517,"Alger Centre","dimanche: 08:30–16:30"
518,"El Oued","dimanche: 08:00–17:00"
519,"KECHKAR","dimanche: 09:00–15:00"
52,"Blida","dimanche: Ouvert 24h/24"
520,"abed","dimanche: 08:00–17:30"
521,"Av. dArcole","dimanche: 09:00–17:30 | lundi: 09:00–17:30 | mardi: 09:00–17:30 | mercredi: 09:00–17:30 | jeudi: 09:00–17:30 | vendredi: Fermé | samedi: 09:00–17:30"
522,"Annaba","Non renseigné"
523,"Annaba","dimanche: 08:00–23:30"
524,"Oran","dimanche: 08:30–22:00"
525,"Oran","dimanche: 09:00–17:30"
526,"Oran","dimanche: 09:15–21:00"
527,"Es Sénia","dimanche: 09:00–18:00"
528,"Hassi Bounif","dimanche: Ouvert 24h/24"
529,"Oran","dimanche: 09:00–18:00"
53,"Ouled Yaïch","Non renseigné"
530,"Oran","dimanche: 08:45–17:00"
531,"Blida","dimanche: 09:00–17:00"
532,"Annaba","dimanche: 08:30–15:00"
533,"Béjaïa","dimanche: 08:00–18:00"
534,"Béjaïa","dimanche: 08:00–17:00"
535,"Bouzareah","dimanche: 08:00–17:00 | lundi: 08:00–17:00 | mardi: 08:00–17:00 | mercredi: 08:00–17:00 | jeudi: 08:00–17:00 | vendredi: Fermé | samedi: 08:00–17:00"
536,"Mostaganem","dimanche: 09:00–17:00"
537,"Béjaïa","dimanche: 09:00–16:00"
538,"Tlemcen","dimanche: 09:00–17:00"
539,"Hassi Mameche","dimanche: 08:30–19:00"
54,"Oran","dimanche: 08:00–17:00 | lundi: 08:00–17:00 | mardi: 08:00–17:00 | mercredi: 08:00–17:00 | jeudi: 08:00–17:00 | vendredi: Fermé | samedi: 08:00–17:00"
540,"Béjaïa","dimanche: 09:00–17:00"
541,"Béjaïa","dimanche: 08:00–16:30"
542,"n°4 Bloc 17 Projet 460 Logts LPA Dambri UV15 Nouvelle Ville","dimanche: 08:00–16:00"
543,"Béjaïa","dimanche: 08:30–16:30"
544,"Tlemcen","dimanche: 09:00–17:00"
545,"Rue Aïn Nedjar، Tlemcen","dimanche: 08:30–16:00"
546,"Mostaganem","Non renseigné"
547,"Batna","dimanche: 08:00–17:00"
548,"Eliza","dimanche: 08:00–14:00"
549,"Blida","Non renseigné"
55,"Béjaïa","Non renseigné"
550,"Blida","dimanche: 09:00–15:30"
551,"Béjaïa","Non renseigné"
552,"Annaba","Non renseigné"
553,"Sidi MHamed","dimanche: 08:00–15:00"
554,"Oran","dimanche: 09:00–16:30"
555,"Ouled Yaïch","dimanche: 08:30–17:00"
556,"cité Naimi zabana blida devant le lycée sportif Juste au dessus de lescale et de la clinique dentaire de zabana ،","dimanche: Ouvert 24h/24"
557,"Cité 1er Mai، Blida","dimanche: 09:00–19:00"
558,"143 coopérative PANORAMA Belgaid ( en face APC","dimanche: 08:30–16:30"
559,"El Kerma","dimanche: 08:30–17:30"
56,"Partie 01 parc aforage 01 er étage","dimanche: 08:00–17:00 | lundi: 08:00–17:00 | mardi: 08:00–17:00 | mercredi: 08:00–17:00 | jeudi: 08:00–17:00 | vendredi: Fermé | samedi: Fermé"
560,"Oran","dimanche: 08:30–21:00"
562,"El Biar","dimanche: 07:00–17:00"
563,"Annaba","dimanche: 08:00–17:00"
564,"Cité RYM 30 lofts entrée 12 N 5،","dimanche: 08:00–16:00"
565,"Bouzareah","dimanche: 08:00–16:00"
566,"Batna","dimanche: 08:00–17:00"
567,"Hydra","dimanche: 08:30–17:00 | lundi: Fermé | mardi: 08:30–17:00 | mercredi: 08:30–17:00 | jeudi: 08:30–13:00 | vendredi: Fermé | samedi: 09:00–17:00"
568,"Hassi Ben Okba","dimanche: 09:00–18:00"
569,"Béjaïa","dimanche: 09:00–12:0014:00–18:00"
57,"Mostaganem","dimanche: 09:00–17:00"
570,"Beni Mered","dimanche: 08:30–20:00"
571,"Kouba","dimanche: 09:00–15:00"
572,"Oran","dimanche: 09:00–18:00"
573,"Bir El Djir","dimanche: 08:30–17:00"
574,"Oran","dimanche: 08:30–20:00"
575,"Bir El Djir","dimanche: 08:00–12:0013:00–16:30"
576,"Tlemcen","Non renseigné"
577,"Oran","dimanche: 09:00–20:00"
578,"El Achour","dimanche: 08:00–15:00"
579,"Sétif","dimanche: 08:00–16:00"
58,"Blida","dimanche: 08:30–18:00"
580,"01 Boulevard Mohamed V، Tlemcen","dimanche: 08:30–15:30"
582,"Béjaïa","Non renseigné"
583,"Tlemcen","dimanche: 08:00–17:00"
584,"Mostaganem","dimanche: 08:30–17:00"
585,"Batna","Non renseigné"
586,"El Oued","Non renseigné"
587,"Es Senia","Non renseigné"
588,"Blida","dimanche: 08:30–13:30"
589,"Oran","dimanche: 09:00–17:00"
59,"Bir El Djir","dimanche: 10:00–17:00"
590,"Gué de Constantine","dimanche: 09:30–15:30"
591,"Béjaïa","dimanche: Fermé | lundi: Fermé | mardi: Fermé | mercredi: Fermé | jeudi: Ouvert 24h/24 | vendredi: Fermé | samedi: Ouvert 24h/24"
592,"Oran","dimanche: 08:30–19:00 | lundi: 08:30–19:00 | mardi: 08:30–19:00 | mercredi: 08:30–19:00 | jeudi: 08:30–19:00 | vendredi: 08:30–12:0015:00–20:00 | samedi: 10:00–19:00"
593,"Batna","Non renseigné"
594,"Mostaganem","dimanche: 08:00–16:00"
595,"Tlemcen","dimanche: 08:00–16:00"
596,"Blida","dimanche: 09:00–17:30"
597,"Mostaganem","Non renseigné"
598,"Annaba","dimanche: 08:00–15:00"
599,"Oran","dimanche: Ouvert 24h/24"
6,"Oran","dimanche: Ouvert 24h/24 | lundi: Ouvert 24h/24 | mardi: Ouvert 24h/24 | mercredi: Ouvert 24h/24 | jeudi: Ouvert 24h/24 | vendredi: Ouvert 24h/24 | samedi: Ouvert 24h/24"
60,"Jijel","dimanche: 08:00–16:30"
600,"Béjaïa","Non renseigné"
601,"Tlemcen","dimanche: 08:00–16:00"
602,"El Kseur","dimanche: 09:00–22:00"
604,"Bir El Djir","dimanche: 09:00–17:30"
605,"Blida","dimanche: 08:30–16:00"
606,"Oran","dimanche: Ouvert 24h/24"
607,"Blida","dimanche: 08:30–16:00"
609,"Blida","dimanche: 09:00–12:0015:00–18:30"
61,"Blida","dimanche: 09:00–17:00"
610,"Bir Mourad Raïs","dimanche: 09:00–16:00"
611,"Tlemcen","Non renseigné"
612,"El Bouni","dimanche: 08:00–16:00"
613,"Blida","dimanche: 09:00–16:00"
614,"Tlemcen","dimanche: 08:30–17:00"
615,"El Khroub","dimanche: 08:30–15:30"
616,"Oran","dimanche: 09:00–20:00"
617,"Blida","dimanche: 08:30–20:00"
618,"Tlemcen","dimanche: 08:30–16:30 | lundi: 08:30–16:30 | mardi: 08:30–16:30 | mercredi: 08:30–16:30 | jeudi: 08:30–16:30 | vendredi: Fermé | samedi: 08:30–16:30"
619,"Oran","dimanche: 09:00–17:00"
62,"Béjaïa","dimanche: 09:00–16:30 | lundi: 09:00–16:30 | mardi: 09:00–16:30 | mercredi: 09:00–16:30 | jeudi: 09:00–16:30 | vendredi: Fermé | samedi: 09:00–14:00"
620,"Béjaïa","dimanche: 08:00–16:00"
621,"Mostaganem","dimanche: 09:00–17:00"
623,"El Khroub","dimanche: Fermé"
624,"Blida","dimanche: 09:00–17:00"
625,"local situé à Belgaid","dimanche: Ouvert 24h/24 | lundi: Ouvert 24h/24 | mardi: Ouvert 24h/24 | mercredi: Ouvert 24h/24 | jeudi: Ouvert 24h/24 | vendredi: Ouvert 24h/24 | samedi: Ouvert 24h/24"
626,"Mostaganem","Non renseigné"
627,"El Bouni","dimanche: Ouvert 24h/24"
628,"Chéraga","Non renseigné"
629,"Draria","Non renseigné"
63,"Bir El Djir","dimanche: Ouvert 24h/24"
630,"Cité 156 logts Bt G N° 42 Edimco","dimanche: 08:30–12:0013:30–16:00"
631,"Jijel","dimanche: 08:30–17:30"
632,"Blida","dimanche: Ouvert 24h/24"
633,"Oran","dimanche: 08:30–00:00"
634,"Blida","dimanche: 09:00–16:00"
636,"Jijel","dimanche: Ouvert 24h/24"
638,"Oran","dimanche: 09:00–16:00"
639,"Kouba","dimanche: 08:00–16:00"
64,"Tlemcen","dimanche: 08:00–17:00"
640,"Batna","dimanche: 08:00–17:00"
641,"Tlemcen","dimanche: 10:00–13:0015:00–18:00"
642,"Oran","dimanche: 09:00–18:00"
643,"Gué de Constantine","dimanche: 08:30–15:00"
644,"Tlemcen","dimanche: 08:00–16:00 | lundi: 08:00–16:00 | mardi: 08:00–16:00 | mercredi: 08:00–16:00 | jeudi: 09:00–14:00 | vendredi: Fermé | samedi: 08:00–16:00"
645,"Oran","dimanche: 08:00–18:00"
646,"Tlemcen","dimanche: 09:00–16:00"
647,"Birkhadem","dimanche: 09:00–16:00"
6479,"cite universitaire hachmi samou","dimanche: Ouvert 24h/24"
648,"El Kseur","dimanche: 08:00–12:00 13:00–17:00"
6480,"Ouled Fayet","dimanche: 07:30–16:00"
6481,"Cité Méditerranée Bt A cage G Mohammadia Alger Alger","dimanche: Fermé"
6482,"Batna","Non renseigné"
6483,"Annaba","dimanche: 08:00–12:0013:00–16:00"
6484,"Bordj El Kiffan","dimanche: Ouvert 24h/24"
6485,"Bab Ezzouar","dimanche: 07:30–14:00"
6486,"Oran","Non renseigné"
6487,"Bir El Djir","Non renseigné"
6488,"Oran","dimanche: 09:00–16:30"
6489,"Gué de Constantine","dimanche: 09:00–22:00"
649,"Bir El Djir","dimanche: 08:30–16:30"
6490,"Hraoua","dimanche: 08:30–18:00"
6491,"Dely Ibrahim","dimanche: 09:00–18:00"
6492,"Constantine","dimanche: 09:00–20:00"
6493,"Sidi MHamed","Non renseigné"
6494,"Tizi Ouzou","dimanche: 08:00–17:00"
6495,"Aïn Smara","Non renseigné"
6496,"Oran","dimanche: Ouvert 24h/24"
6497,"Annaba","Non renseigné"
6498,"Baraki","dimanche: Ouvert 24h/24"
6499,"El Mouradia","dimanche: 09:30–15:30 | lundi: 09:30–15:30 | mardi: 09:30–15:30 | mercredi: 09:30–15:30 | jeudi: 09:30–15:30 | vendredi: Fermé | samedi: Fermé"
65,"Mostaganem","dimanche: 09:00–17:00"
650,"Constantine","dimanche: 08:00–16:00"
6500,"Bab Ezzouar","dimanche: 09:00–16:00"
6501,"Sidi Bel Abbès","dimanche: 09:00–19:00"
6502,"Sétif","dimanche: 08:00–16:00"
6503,"Sidi Bel Abbès","dimanche: 08:30–15:00"
6504,"Sidi Bel Abbès","dimanche: 08:30–15:00"
6505,"l 3","dimanche: 08:30–18:30"
6506,"numé141","dimanche: 09:00–17:00"
6507,"Annaba","dimanche: 09:00–16:00"
6508,"188 logts AADL bt:y4 n:s2","dimanche: 08:30–16:00"
6509,"Tizi Ouzou","Non renseigné"
651,"Béjaïa","Non renseigné"
6510,"El Madania","dimanche: 09:00–18:30"
6511,"Sidi Bel Abbès","dimanche: 10:00–19:00 | lundi: 10:00–19:00 | mardi: 10:00–19:00 | mercredi: 10:00–19:00 | jeudi: 10:00–19:00 | vendredi: Fermé | samedi: 10:00–19:00"
6512,"Douéra","Non renseigné"
6513,"Batna","dimanche: 08:00–18:30"
6514,"Tizi Ouzou","Non renseigné"
6515,"Sidi Bel Abbès","dimanche: 08:00–20:00"
6516,"Es Senia","Non renseigné"
6517,"Sétif","dimanche: 08:00–17:00 | lundi: 08:00–17:00 | mardi: 08:00–17:00 | mercredi: 08:00–17:00 | jeudi: 08:00–17:00 | vendredi: Fermé | samedi: 08:00–17:00"
6518,"Es Sénia","dimanche: 09:00–16:00"
6519,"Dar El Beïda","dimanche: 09:00–23:00"
652,"Oran","dimanche: 08:00–20:00"
6520,"Bachdjerah","dimanche: 08:00–19:00"
6521,"Kouba","dimanche: 09:00–17:00 | lundi: 09:00–17:00 | mardi: 09:00–17:00 | mercredi: 09:00–17:00 | jeudi: 09:00–17:00 | vendredi: Fermé | samedi: 09:00–17:00"
6522,"Constantine","dimanche: 10:00–16:00"
6523,"Batna","dimanche: 09:00–18:00"
6524,"Kouba","dimanche: 09:00–17:00"
6525,"Sétif","dimanche: 10:00–22:30"
6526,"Batna","dimanche: 09:30–12:0013:30–18:00"
6527,"Bir El Djir","dimanche: Ouvert 24h/24"
6528,"PCCC+638 Bir El Djir. Mellinium","Non renseigné"
6529,"Birkhadem","Non renseigné"
653,"Batna","dimanche: 09:00–16:00"
6530,"Oran","Non renseigné"
6531,"Annaba","dimanche: 00:00–06:3009:30–20:30"
6532,"Sidi Bel Abbès","Non renseigné"
6533,"Constantine","Non renseigné"
6534,"Skikda","dimanche: 09:00–17:00"
6535,"Bir El Djir","Non renseigné"
6536,"Chéraga","dimanche: Ouvert 24h/24"
6537,"Sétif","dimanche: Ouvert 24h/24 | lundi: Ouvert 24h/24 | mardi: Ouvert 24h/24 | mercredi: Ouvert 24h/24 | jeudi: Ouvert 24h/24 | vendredi: Ouvert 24h/24 | samedi: Ouvert 24h/24"
6538,"Batna","Non renseigné"
6539,"Chéraga","dimanche: 08:00–16:30 | lundi: 08:00–16:30 | mardi: 08:00–17:00 | mercredi: 08:00–16:30 | jeudi: 08:00–16:30 | vendredi: Fermé | samedi: 08:00–17:00"
654,"Robbah","dimanche: Ouvert 24h/24"
6540,"Guelma","dimanche: Ouvert 24h/24"
6541,"Tizi Ouzou","Non renseigné"
6542,"Oran","dimanche: 08:30–17:00"
6543,"El Achour","dimanche: 09:00–13:00"
6544,"Constantine","dimanche: 08:30–19:00"
6545,"Djelfa","Non renseigné"
6546,"numero : 117","dimanche: 09:00–17:00"
6547,"Constantine","dimanche: 08:00–15:00"
6548,"Sétif","dimanche: 09:00–18:30 | lundi: 09:00–18:30 | mardi: 09:00–18:30 | mercredi: 09:00–18:30 | jeudi: 09:00–19:00 | vendredi: Fermé | samedi: 09:00–18:30"
6549,"Bab Ezzouar","Non renseigné"
655,"Lakhmis","dimanche: 08:30–16:30"
6550,"Dely Ibrahim","Non renseigné"
6551,"El Biar","dimanche: Ouvert 24h/24"
6552,"Aïn Benian","dimanche: 09:00–17:00"
6553,"Oran","dimanche: 08:00–17:00 | lundi: 08:00–17:00 | mardi: 08:00–17:00 | mercredi: 08:00–17:00 | jeudi: 08:00–17:00 | vendredi: 08:00–17:00 | samedi: Fermé"
6554,"Batna","dimanche: 09:00–18:00"
6555,"Béjaïa","dimanche: 08:00–17:00"
6556,"Oran","dimanche: Ouvert 24h/24"
6557,"Baba Hassen","dimanche: Ouvert 24h/24"
6558,"Oran","dimanche: 09:00–19:00 | lundi: 09:00–19:00 | mardi: 09:00–19:00 | mercredi: 09:00–19:00 | jeudi: 09:00–19:00 | vendredi: 17:30–21:30 | samedi: 09:00–19:00"
6559,"Djelfa","Non renseigné"
656,"Batna","Non renseigné"
6560,"Béjaïa","Non renseigné"
6561,"Sidi Bel Abbès","dimanche: 08:00–19:00 | lundi: 08:00–19:00 | mardi: 08:00–19:00 | mercredi: 08:00–19:00 | jeudi: 08:00–19:00 | vendredi: 08:00–14:00 | samedi: 08:00–19:00"
6562,"Birkhadem","dimanche: 07:30–16:30"
6563,"Sidi MHamed","dimanche: 08:30–17:30 | lundi: 08:30–17:30 | mardi: 08:30–17:30 | mercredi: 08:30–17:30 | jeudi: 08:30–17:30 | vendredi: Fermé | samedi: 08:30–17:30"
6564,"","dimanche: 07:30–17:00"
6565,"Birtouta","dimanche: 09:00–17:00"
6566,"Saoula","dimanche: 09:30–17:30"
6567,"Bab El Oued","dimanche: 09:00–17:00"
6568,"Aïn Taya","dimanche: 08:00–16:00"
6569,"Baba Hassen","dimanche: 09:00–22:00"
657,"Mohammadia","dimanche: 06:00–17:00"
6570,"Mohammadia","dimanche: 08:30–18:00"
6571,"Ouled Fayet","dimanche: 08:00–15:30"
6572,"Blida","dimanche: 09:00–16:30"
6573,"Sidi Bel Abbès","Non renseigné"
6574,"Mosta","dimanche: Ouvert 24h/24 | lundi: Ouvert 24h/24 | mardi: Ouvert 24h/24 | mercredi: Ouvert 24h/24 | jeudi: Ouvert 24h/24 | vendredi: Ouvert 24h/24 | samedi: Ouvert 24h/24"
6575,"Sidi Bel Abbès","dimanche: 09:00–17:00"
6576,"Béjaïa","dimanche: 08:30–17:00"
6577,"Djelfa","dimanche: 09:00–18:00 | lundi: 09:00–18:00 | mardi: 09:00–18:00 | mercredi: 09:00–18:00 | jeudi: 09:00–18:00 | vendredi: Fermé | samedi: 09:00–18:00"
6578,"Bologhine","dimanche: 08:00–17:00"
6579,"Hydra","Non renseigné"
658,"Blida","dimanche: 08:30–19:00"
6580,"Bekkaria","dimanche: Ouvert 24h/24"
6581,"Ouled Fayet","dimanche: Fermé"
6582,"Draâ Ben Khedda","dimanche: 08:00–16:00"
6583,"Rue Mohamed Rebah ex St Charles N° 7 Vieux Kouba - Alger Vieux Kouba","dimanche: 08:00–22:00"
6584,"Hydra","Non renseigné"
6585,"Souidania","Non renseigné"
6586,"Batna","dimanche: 08:00–15:00"
6587,"Setif","dimanche: 08:00–15:30"
6588,"Gué de Constantine","dimanche: 08:30–16:30 | lundi: 08:30–16:30 | mardi: 08:30–16:30 | mercredi: Fermé | jeudi: 08:30–16:30 | vendredi: Fermé | samedi: 08:00–16:30"
6589,"El Achour","dimanche: Ouvert 24h/24"
6590,"Bordj El Kiffan","dimanche: 08:30–15:00 | lundi: 08:30–15:00 | mardi: 08:00–15:00 | mercredi: 08:30–15:00 | jeudi: Fermé | vendredi: Fermé | samedi: 08:30–15:00"
6591,"Sidi Bel Abbès","dimanche: 08:30–17:00 | lundi: 08:30–17:00 | mardi: 08:30–17:00 | mercredi: 08:30–17:00 | jeudi: 08:30–17:00 | vendredi: Fermé | samedi: Fermé"
6592,"El Khroub","Non renseigné"
6593,"Kouba","dimanche: 11:00–20:00"
6594,"Chéraga","dimanche: 07:30–16:00"
6595,"Sidi Bel Abbès","Non renseigné"
6596,"","Non renseigné"
6597,"Annaba","dimanche: 08:00–13:00"
6598,"Sétif","dimanche: 08:00–16:00"
6599,"Mohammadia","dimanche: 13:00–17:00"
66,"Tlemcen","dimanche: 08:00–18:00"
660,"Bouzareah","dimanche: 09:00–17:00"
6600,"Hussein Dey","dimanche: 09:00–18:30"
6601,"Sidi Bel Abbès","dimanche: 08:00–03:00"
6602,"Dar El Beïda","dimanche: 08:30–16:30"
6603,"Birkhadem","dimanche: 09:00–00:00"
6604,"Skikda","dimanche: 07:00–17:30"
6605,"Alger Centre","Non renseigné"
6606,"Birtouta","dimanche: 09:00–21:00"
6607,"El Khroub","dimanche: 09:00–20:00"
6608,"El Khroub","dimanche: Ouvert 24h/24"
6609,"Constantine","dimanche: Ouvert 24h/24"
6610,"El Khroub","Non renseigné"
6611,"Constantine","dimanche: Ouvert 24h/24"
6612,"Béjaïa","dimanche: 09:00–17:00"
6613,"Hussein Dey","dimanche: 08:00–16:00"
6614,"Oran","Non renseigné"
6615,"","Non renseigné"
6616,"Sidi Bel Abbès","dimanche: 08:30–17:00"
6617,"Bachdjerah","dimanche: 07:00–17:00"
6618,"Sidi Bel Abbès","dimanche: 09:00–16:30 | lundi: 09:00–16:30 | mardi: 09:00–16:30 | mercredi: 09:00–16:30 | jeudi: 09:00–16:30 | vendredi: Fermé | samedi: Fermé"
6619,"Mostaganem","dimanche: 10:00–17:30"
662,"Oran","dimanche: 08:30–00:00"
6620,"Sidi Bel Abbès","dimanche: 08:00–12:0013:30–18:00"
6621,"El Biar","dimanche: 08:00–17:30"
6622,"Skikda","dimanche: 09:00–16:00"
6623,"Algérie","dimanche: 08:00–19:00"
6624,"Chéraga","dimanche: 09:00–16:00"
6625,"Chéraga","dimanche: 08:30–17:00"
6626,"Aïn Benian","dimanche: 08:30–15:00"
6627,"Skikda","dimanche: 08:00–16:00"
6628,"Constantine tramway","Non renseigné"
6629,"Sétif","dimanche: 07:30–13:00"
663,"Blida","dimanche: 09:00–17:00"
6630,"Constantine","dimanche: 08:00–16:00"
6631,"","dimanche: 10:00–18:00"
6632,"El Achour","dimanche: Fermé"
6633,"Bab El Oued","dimanche: 08:30–17:00"
6634,"Oran","dimanche: 10:00–19:00"
6635,"Bir El Djir","dimanche: 10:00–00:00 | lundi: 09:00–00:00 | mardi: 09:00–00:00 | mercredi: 09:00–00:00 | jeudi: 09:00–00:00 | vendredi: Fermé | samedi: Fermé"
6636,"Birkhadem","dimanche: 06:00–02:00"
6637,"Bologhine","dimanche: 09:00–17:00 | lundi: 09:00–17:00 | mardi: 09:00–17:00 | mercredi: 09:00–17:00 | jeudi: 09:00–17:00 | vendredi: 09:00–17:00 | samedi: 09:00–17:00"
6638,"Sidi Bel Abbès","dimanche: 08:00–16:00"
6639,"Mohamed Belouizdad","dimanche: 09:00–17:00"
664,"Blida","dimanche: 08:00–16:00"
6640,"Oran","dimanche: Ouvert 24h/24"
6641,"Oran","dimanche: 08:00–18:00"
6642,"Sidi Bel Abbès","dimanche: 09:00–12:0014:00–17:00"
6643,"","dimanche: 08:00–22:00"
6644,"El Khroub","dimanche: 09:00–14:00"
6645,"Sidi Bel Abbès","dimanche: 08:00–12:0014:00–17:00"
6646,"Hydra","dimanche: 08:00–17:00"
6647,"Guelma","dimanche: 09:00–17:00"
6648,"Sétif","dimanche: 08:00–15:00"
6649,"Sétif","dimanche: 08:00–15:00"
665,"El Oued","dimanche: 07:30–16:00"
6650,"El djorf","dimanche: 07:30–16:30"
6651,"Constantine","dimanche: Ouvert 24h/24"
6652,"Oran","dimanche: 09:00–13:30"
6653,"Kouba","dimanche: 09:00–20:00"
6654,"Sétif","dimanche: Ouvert 24h/24"
6655,"Draria","dimanche: 10:00–19:00"
6656,"Route du Petit Staouali، Chéraga","dimanche: 09:00–18:00"
6657,"Béjaïa","dimanche: 09:00–18:00"
6658,"rue el istiklal batiment TX1 sorest ali mendjeli en","dimanche: 08:00–15:30"
6659,"Khemis El Khechna","dimanche: 08:30–16:00"
666,"Batna","Non renseigné"
6660,"Constantine","dimanche: Ouvert 24h/24"
6661,"Dar El Beïda","dimanche: 08:30–17:00"
6662,"Bir El Djir","Non renseigné"
6663,"Hydra","dimanche: 09:00–22:00"
6664,"Rue MHadji Slimane،","dimanche: 08:00–04:30"
6665,"Guelma","dimanche: 09:00–16:00"
6666,"Sidi Bel Abbès","Non renseigné"
6667,"Bouzareah","dimanche: 07:00–14:00"
6668,"Sidi MHamed","dimanche: 10:00–20:00"
6669,"Bir Mourad Raïs","dimanche: 09:00–23:30"
6670,"Draria","dimanche: Ouvert 24h/24"
6671,"Aïn Benian","dimanche: 09:00–16:00 | lundi: 09:00–16:00 | mardi: 09:00–16:00 | mercredi: 09:00–16:00 | jeudi: 09:00–16:00 | vendredi: Fermé | samedi: 09:00–15:00"
6672,"Setif","dimanche: 09:00–19:00"
6673,"Dely Ibrahim","dimanche: 08:00–16:00"
6674,"El Khroub","dimanche: 08:00–20:00"
6675,"El Achour","dimanche: 08:00–12:00"
6676,"Bir El Djir","dimanche: Ouvert 24h/24"
6677,"Setif","Non renseigné"
6678,"Sidi Bel Abbès","dimanche: 08:15–12:0014:00–16:00"
6679,"Sidi Bel Abbès","dimanche: 08:00–12:0014:00–17:00"
668,"Bachdjerah","dimanche: 08:00–16:30"
6680,"Kouba","dimanche: 07:30–16:30"
6681,"Tizi Ouzou","dimanche: 08:00–16:00"
6682,"Ouled Fayet","dimanche: 09:00–17:00"
6683,"Sidi Bel Abbès","dimanche: 08:00–17:00"
6684,"Annaba","Non renseigné"
6685,"Zeralda","dimanche: 09:00–16:00"
6686,"Bir El Djir","dimanche: 09:30–18:30"
6687,"Tizi Ouzou","dimanche: 08:00–15:00"
6688,"Setif","dimanche: 08:00–15:00"
6689,"Djelfa","dimanche: 08:00–17:00"
669,"Mansourah","dimanche: 08:30–23:00"
6690,"Oran","Non renseigné"
6691,"Es Sénia","dimanche: 08:00–17:00"
6692,"Bachdjerah","dimanche: 08:00–17:00"
6693,"Tizi Ouzou","dimanche: 08:00–17:00"
6694,"Gué de Constantine","dimanche: 09:30–17:00"
6695,"El Achour","dimanche: 09:00–17:00"
6696,"Constantine","dimanche: 09:00–16:00"
6697,"Oran","dimanche: 08:00–17:00"
6698,"Bordj El Kiffan","dimanche: 09:00–18:00"
6699,"Mohammadia","Non renseigné"
67,"Oran","dimanche: 09:00–05:00 | lundi: 09:00–05:00 | mardi: 09:00–05:00 | mercredi: 09:00–05:00 | jeudi: 09:00–01:00 | vendredi: Fermé | samedi: 10:00–05:00"
670,"Oran","dimanche: Ouvert 24h/24"
6700,"Djelfa","dimanche: 08:00–17:00"
6701,"Djelfa","dimanche: 08:00–12:00"
6702,"Béjaïa","dimanche: 08:00–17:00 | lundi: 08:00–17:00 | mardi: 08:00–17:00 | mercredi: 08:00–17:00 | jeudi: 08:00–17:00 | vendredi: Fermé | samedi: 08:00–17:00"
6703,"Kouba","dimanche: 09:00–19:30"
6704,"Belouizdad","dimanche: Fermé"
6705,"Oran","Non renseigné"
6706,"Gué de Constantine","dimanche: 08:00–16:00"
6707,"Ain sfiha","dimanche: 08:00–16:00"
6708,"Bir El Djir","dimanche: 09:30–18:30"
6709,"Guelma","dimanche: 08:00–19:00"
671,"Cite 480 logements oued forcha","dimanche: 09:00–17:00"
6710,"Setif","Non renseigné"
6711,"Sétif","dimanche: 07:00–22:30"
6712,"Aïn Arnat","dimanche: Ouvert 24h/24"
6713,"Sétif","dimanche: 08:00–16:00"
6714,"Oran","dimanche: 10:00–22:00"
6715,"Bouzareah","dimanche: 08:00–19:00"
6716,"Kouba","Non renseigné"
6717,"Djelfa","dimanche: 09:00–17:00"
6718,"Tazoult","dimanche: 08:00–16:30"
6719,"Sétif","dimanche: 09:00–20:00"
672,"Bir El Djir","dimanche: 08:30–17:30 | lundi: 08:30–17:30 | mardi: 08:30–17:30 | mercredi: 08:30–17:30 | jeudi: 08:30–17:30 | vendredi: Fermé | samedi: 08:30–17:30"
6720,"Sétif","Non renseigné"
6721,"Annaba","dimanche: 08:00–13:00"
6722,"Tébessa","dimanche: 08:30–17:00"
6723,"El Biar","dimanche: 13:00–17:00"
6724,"Ben Aknoun","dimanche: Ouvert 24h/24"
6725,"Rue sidi nail 150","Non renseigné"
6726,"Staoueli","dimanche: 09:00–12:0013:00–17:00"
6727,"Béjaïa","Non renseigné"
6728,"Hydra","dimanche: 08:30–20:00"
6729,"Ben Aknoun","dimanche: 09:00–18:00"
673,"Oran","dimanche: 08:30–20:00"
6730,"Baba Hassen","dimanche: 07:30–16:30"
6731,"Sidi Bel Abbès","Non renseigné"
6732,"Annaba","Non renseigné"
6733,"Chéraga","dimanche: 09:00–16:00"
6734,"Constantine","dimanche: Ouvert 24h/24"
6735,"Kouba","dimanche: 08:30–17:00 | lundi: 08:30–17:00 | mardi: 08:30–17:00 | mercredi: 08:30–17:00 | jeudi: 08:30–17:00 | vendredi: Fermé | samedi: 08:30–17:00"
6736,"Bologhine","dimanche: 09:30–17:00"
6737,"Bir Mourad Raïs","Non renseigné"
6738,"Sidi Bel Abbès","dimanche: Ouvert 24h/24"
6739,"Cité Aissa Boukerma 45 logs LSP Bt D N 03 Skikda DZ،","dimanche: 08:00–15:30"
674,"Oran","dimanche: 08:30–16:30"
6740,"Bir El Djir","dimanche: 08:00–16:00"
6741,"Annaba","dimanche: 10:00–20:00"
6742,"Batna","dimanche: 09:00–17:00"
6743,"Boussekine","dimanche: Ouvert 24h/24"
6744,"Kouba","dimanche: 09:00–17:00"
6745,"Djelfa","dimanche: 08:00–18:00"
6746,"Bab Ezzouar","dimanche: 09:00–19:00"
6747,"Belouizdad","Non renseigné"
6748,"45 Rue Mohamed Bouchenafa Belouizdad (ex-Rigoudy alger DZ،","dimanche: 09:00–17:00"
6749,"Kouba","dimanche: 07:30–18:00 | lundi: 07:30–18:00 | mardi: 07:30–18:00 | mercredi: 07:30–18:00 | jeudi: 07:30–18:00 | vendredi: Fermé | samedi: 07:30–18:00"
675,"Oran","dimanche: 08:00–16:30"
6750,"Oran","Non renseigné"
6751,"El Achour","dimanche: 09:00–16:30"
6752,"","Non renseigné"
6753,"Les Eucalyptus","dimanche: 08:30–17:00"
6754,"Hydra","dimanche: 09:00–16:00"
6755,"Chéraga","dimanche: 09:00–18:00"
6756,"Hydra","dimanche: 10:00–22:00"
6757,"Sidi Bel Abbès","dimanche: 08:30–16:30"
6758,"Sidi Bel Abbès","dimanche: 10:00–20:00 | lundi: 10:00–20:00 | mardi: 10:00–20:00 | mercredi: 10:00–20:00 | jeudi: 10:00–20:00 | vendredi: Fermé | samedi: 10:00–20:00"
6759,"Sidi Bel Abbès","dimanche: 10:00–20:00"
676,"Aadl mesreghine","dimanche: 09:00–21:00"
6760,"Sidi Bel Abbès","dimanche: 09:00–17:00"
6761,"Béjaïa","dimanche: 08:30–17:00"
6762,"El Achour","dimanche: Ouvert 24h/24"
6763,"Bouzareah","dimanche: 09:30–21:00"
6764,"Aïn Benian","dimanche: 09:00–13:00"
6765,"Route Nationale 1 En face de la grande poste","Non renseigné"
6766,"Sidi Bel Abbès","dimanche: 08:00–17:00 | lundi: 08:00–17:00 | mardi: 08:00–17:00 | mercredi: 08:00–17:00 | jeudi: Fermé | vendredi: Fermé | samedi: 08:00–17:00"
6767,"Bordj El Bahri","dimanche: 08:30–18:00"
6768,"Bir El Djir","dimanche: 09:00–18:00"
6769,"El Biar","dimanche: 09:00–17:00"
677,"Jijel","dimanche: 08:00–19:30"
6770,"Birkhadem","dimanche: Ouvert 24h/24"
6771,"Oran","dimanche: 09:00–18:00"
6772,"Koléa","dimanche: 08:00–17:00"
6773,"Béjaïa","dimanche: 08:00–17:00"
6774,"Bordj El Kiffan","dimanche: 09:00–17:00"
6775,"Djelfa","dimanche: 08:00–15:00"
6776,"Bab El Oued","dimanche: 08:30–16:30"
6777,"Kouba","dimanche: 09:00–17:00"
6778,"El Harrach","Non renseigné"
6779,"cité elmouna N 79 Benchicou","dimanche: 08:00–17:00"
678,"Batna","dimanche: 09:00–22:00"
6780,"Sétif","dimanche: 10:00–16:00"
6781,"Sidi Bel Abbès","dimanche: Ouvert 24h/24"
6782,"Oran","dimanche: Ouvert 24h/24"
6783,"Aïn Benian","dimanche: 09:30–16:30"
6784,"Sidi Bel Abbès","dimanche: 08:30–14:30 | lundi: 08:30–14:30 | mardi: 08:30–14:30 | mercredi: 08:30–14:30 | jeudi: 08:30–14:30 | vendredi: Fermé | samedi: 08:30–14:30"
6785,"Mostaganem","Non renseigné"
6786,"Batna","Non renseigné"
6787,"Ouled Fayet","dimanche: 10:00–17:00"
6788,"Bir El Djir","dimanche: 09:00–18:00"
6789,"Bir El Djir","dimanche: 09:00–18:00"
679,"Annaba","dimanche: 08:00–17:00"
6790,"Béjaïa","dimanche: 07:00–16:00"
6791,"Bir El Djir","dimanche: Ouvert 24h/24"
6792,"Chéraga","dimanche: 09:00–18:00"
6793,"Saoula","Non renseigné"
6794,"Douéra","dimanche: 08:00–15:00 | lundi: 08:00–15:00 | mardi: 08:00–15:00 | mercredi: 08:00–15:00 | jeudi: 08:00–14:00 | vendredi: Fermé | samedi: 08:00–15:00"
6795,"Skikda","Non renseigné"
6796,"Sétif","dimanche: 08:00–16:00"
6797,"Kouba","dimanche: 09:00–19:00"
6798,"Skikda","Non renseigné"
6799,"Tizi Ouzou","dimanche: 08:00–17:00"
68,"Tala Hamza","dimanche: 08:00–16:00"
680,"Beni Tamou","dimanche: 09:00–17:00"
6800,"Blida","dimanche: 09:00–16:00"
6801,"Hussein Dey","dimanche: 09:00–22:00 | lundi: 09:00–22:00 | mardi: 09:00–22:00 | mercredi: 09:00–22:00 | jeudi: 09:00–22:00 | vendredi: Fermé | samedi: 09:00–22:00"
6802,"Kouba","dimanche: 09:00–17:00"
6803,"Es Sénia","dimanche: 08:30–14:00"
6804,"Batna","dimanche: Ouvert 24h/24"
6805,"El Khroub","dimanche: 09:00–14:30"
6806,"Bab El Oued","dimanche: 08:30–18:00"
6807,"Baba Hassen","dimanche: 08:30–17:00"
6808,"Oran","Non renseigné"
6809,"Bab Ezzouar","dimanche: 08:00–16:30"
681,"Bir El Djir","dimanche: 08:00–18:30"
6810,"Batna","dimanche: 08:30–22:00"
6811,"Bir Mourad Raïs","dimanche: 08:30–19:00"
6812,"Constantine","dimanche: 08:30–16:00"
6813,"Annaba","Non renseigné"
6814,"Oran","dimanche: Ouvert 24h/24"
6815,"Oran","dimanche: 09:00–18:00 | lundi: 09:00–18:00 | mardi: 09:00–18:00 | mercredi: 09:00–18:00 | jeudi: 09:00–18:00 | vendredi: Fermé | samedi: Fermé"
6816,"Djelfa","dimanche: 09:00–15:00 | lundi: 09:00–15:00 | mardi: 09:00–15:00 | mercredi: 09:00–15:00 | jeudi: 09:00–15:00 | vendredi: Fermé | samedi: 09:00–15:00"
6817,"Birtouta","dimanche: 08:30–16:00"
6818,"Constantine","dimanche: 07:30–16:30"
6819,"Bir Mourad Raïs","dimanche: 08:00–16:00"
682,"bab dzayer","dimanche: Ouvert 24h/24"
6820,"Blida","dimanche: 08:00–15:00"
6821,"Mostaganem","Non renseigné"
6822,"Bordj El Bahri","dimanche: 08:00–17:00"
6823,"Bordj El Bahri","dimanche: 08:00–16:00"
6824,"Sidi Bel Abbès","dimanche: 08:00–17:00"
6825,"Dar El Beïda","dimanche: 09:30–18:00"
6826,"UV5 Ville Ali Mendjeli Nouvelle ville","dimanche: 08:00–19:00"
6827,"Dely Ibrahim","dimanche: 09:00–18:00"
6828,"Dély Ibrahim","dimanche: 08:30–17:00"
6829,"Rouïba","dimanche: 08:00–16:00"
683,"Oran","dimanche: 09:00–17:00"
6830,"Sidi Bel Abbès","dimanche: 08:30–18:00"
6831,"Mostaganem","Non renseigné"
6832,"Batna","dimanche: 08:30–23:00"
6833,"Sétif","Non renseigné"
6834,"Birkhadem","dimanche: 09:00–00:00"
6835,"Bir El Djir","dimanche: 08:00–22:00"
6836,"Batna","Non renseigné"
6837,"Oran","dimanche: 08:00–16:00"
6838,"El Khroub","dimanche: 09:00–18:00"
6839,"Bordj El Kiffan","dimanche: 09:00–17:30 | lundi: 09:00–17:30 | mardi: 09:00–17:30 | mercredi: 09:00–17:30 | jeudi: 09:00–17:30 | vendredi: Fermé | samedi: 09:00–17:30"
684,"Tlemcen","dimanche: 09:00–16:00"
6840,"Guelma","Non renseigné"
6841,"Annaba","dimanche: 09:00–22:00"
6842,"Oran","Non renseigné"
6843,"Baba Hassen","dimanche: 08:00–16:30 | lundi: 08:00–16:30 | mardi: Fermé | mercredi: 08:00–16:30 | jeudi: 08:00–16:30 | vendredi: Fermé | samedi: Fermé"
6844,"Mostaganem","dimanche: 08:30–18:30"
6845,"Dely Ibrahim","dimanche: 09:30–18:00"
6846,"Annaba","dimanche: 08:00–16:00"
6847,"Dar El Beïda","dimanche: 08:00–17:00"
6848,"Birkhadem","dimanche: 08:00–16:00"
6849,"Réghaïa","dimanche: 09:00–17:00 | lundi: 00:00–17:00 | mardi: 09:00–17:00 | mercredi: 09:00–17:00 | jeudi: 09:00–17:00 | vendredi: Fermé | samedi: 09:00–17:00"
685,"Les Eucalyptus","dimanche: 09:00–16:30"
6850,"Constantine","dimanche: Ouvert 24h/24"
6851,"Aïn Smara","Non renseigné"
6852,"Sidi Bel Abbès","dimanche: Ouvert 24h/24"
6853,"Bir Mourad Raïs","dimanche: 09:00–16:30 | lundi: 09:00–16:30 | mardi: 09:00–16:30 | mercredi: 09:00–16:30 | jeudi: 09:00–12:00 | vendredi: Fermé | samedi: 09:00–16:30"
6854,"Constantine","dimanche: Fermé"
6855,"Sidi Bel Abbès","dimanche: 09:00–15:00"
6856,"Dar El Beïda","dimanche: 09:00–17:00"
6857,"Bordj El Kiffan","dimanche: 08:30–21:00"
6858,"Dely Ibrahim","dimanche: 09:00–18:00"
6859,"El Khroub","dimanche: 09:00–17:00"
686,"Blida","dimanche: 09:00–23:00 | lundi: 09:00–23:00 | mardi: 09:00–23:00 | mercredi: 09:00–23:00 | jeudi: 09:00–23:00 | vendredi: 09:00–23:00 | samedi: 09:00–23:00"
6860,"Constantine","dimanche: 08:00–16:00"
6861,"Oran","dimanche: Ouvert 24h/24"
6862,"Bab El Oued","dimanche: 10:00–16:00"
6863,"El Achour","dimanche: Ouvert 24h/24"
6864,"Es Sénia","Non renseigné"
6865,"Constantine","dimanche: 09:00–20:00"
6866,"Annaba","dimanche: 10:00–18:00"
6867,"Annaba","dimanche: 09:00–18:00 | lundi: 09:00–18:00 | mardi: 09:00–18:00 | mercredi: 09:00–18:00 | jeudi: 09:00–18:00 | vendredi: Fermé | samedi: 09:00–18:00"
6868,"Sidi MHamed","dimanche: 08:00–17:00"
6869,"Oran","Non renseigné"
687,"Béjaïa","dimanche: 09:00–20:00 | lundi: 09:00–20:00 | mardi: 09:00–20:00 | mercredi: 09:00–20:00 | jeudi: 09:00–20:00 | vendredi: Fermé | samedi: 09:00–20:00"
6870,"Sidi Bel Abbès","dimanche: 09:00–17:00"
6871,"Cabinet transféré à el achour cité urba  Contacts  559312088Wattssap: 697220871","Non renseigné"
6872,"Azazga","dimanche: 08:00–16:30"
6873,"Birkhadem","dimanche: 08:30–18:00 | lundi: 08:30–18:00 | mardi: 08:30–18:00 | mercredi: 08:30–18:00 | jeudi: 08:30–18:00 | vendredi: Fermé | samedi: 08:30–16:00"
6874,"Tizi Ouzou","Non renseigné"
6875,"Béjaïa","dimanche: Fermé"
6876,"ain el bey","dimanche: Ouvert 24h/24"
6877,"Batna","dimanche: 09:00–17:00"
6878,"Skikda","dimanche: Ouvert 24h/24"
6879,"Oran","Non renseigné"
688,"El Bouni","Non renseigné"
6880,"Oran","dimanche: 07:30–14:30"
6881,"cité bab l charef bloc 144 n 481","dimanche: 08:00–12:0015:00–17:00 | lundi: 08:00–12:0015:00–17:00 | mardi: 08:00–12:0015:00–17:00 | mercredi: 08:00–12:0015:00–17:00 | jeudi: 08:00–12:00 | vendredi: Fermé | samedi: 08:00–12:0015:00–17:00"
6882,"El Bouni","dimanche: 07:30–16:30 | lundi: 07:30–16:30 | mardi: 07:30–16:30 | mercredi: 07:30–16:30 | jeudi: 07:30–16:30 | vendredi: Fermé | samedi: 07:30–16:30"
6883,"Annaba","dimanche: Ouvert 24h/24 | lundi: Ouvert 24h/24 | mardi: Ouvert 24h/24 | mercredi: Ouvert 24h/24 | jeudi: Ouvert 24h/24 | vendredi: 14:00–00:00 | samedi: Ouvert 24h/24"
6884,"Annaba","dimanche: 09:00–19:00"
6885,"Oran","dimanche: 09:00–17:00"
6886,"Algérie Alger","dimanche: 09:00–19:00"
6887,"Mazagran","Non renseigné"
6888,"Ben Aknoun","dimanche: Ouvert 24h/24"
6889,"Bir Traria","dimanche: 09:00–18:00"
6890,"Gué de Constantine","dimanche: 09:30–19:30 | lundi: 09:30–19:30 | mardi: 09:30–19:30 | mercredi: 09:30–19:30 | jeudi: 09:30–19:30 | vendredi: 15:30–20:00 | samedi: 09:30–19:30"
6891,"Sidi Bel Abbès","dimanche: 09:00–17:30"
6892,"Béni Messous","dimanche: 09:30–23:30"
6893,"Annaba","dimanche: 09:00–12:0014:00–17:00"
6894,"Guelma","dimanche: Ouvert 24h/24"
6895,"Bachdjerah","dimanche: 09:00–15:00 | lundi: 09:00–12:00 | mardi: 09:00–15:00 | mercredi: 09:00–12:00 | jeudi: 09:00–15:00 | vendredi: 09:00–15:00 | samedi: 09:00–12:00"
6896,"Es Senia","dimanche: Ouvert 24h/24"
6897,"Kouba","dimanche: 09:00–16:00"
6898,"Tébessa","dimanche: 07:00–18:00 | lundi: 07:00–18:00 | mardi: 07:00–18:00 | mercredi: 07:00–18:00 | jeudi: 07:00–18:00 | vendredi: Fermé | samedi: 07:00–18:00"
6899,"Kouba","Non renseigné"
69,"Mostaganem","dimanche: 09:00–17:00"
6900,"Sidi Bel Abbès","dimanche: 09:00–17:00"
6901,"Beni Messous","dimanche: 08:00–17:00"
6902,"Bachdjerrah","dimanche: 09:00–18:00"
6903,"Béjaïa","Non renseigné"
6904,"Larbaa Nath Irathen","dimanche: 08:00–17:00 | lundi: 08:00–17:00 | mardi: 08:00–17:00 | mercredi: 08:00–17:00 | jeudi: 08:00–17:00 | vendredi: Fermé | samedi: 08:00–17:00"
6905,"Djelfa","dimanche: 08:30–18:00"
6906,"Hadjout","Non renseigné"
6907,"Sidi Bel Abbès","Non renseigné"
6908,"Birtouta","dimanche: 08:00–15:30"
6909,"El Madania","dimanche: 11:30–17:00"
691,"Oran","Non renseigné"
6910,"Constantine","Non renseigné"
6911,"Hydra","dimanche: 09:00–16:00"
6912,"Djelfa","dimanche: 08:00–17:00"
6913,"","dimanche: 09:00–18:00"
6914,"Annaba","dimanche: Ouvert 24h/24"
6915,"Sétif","Non renseigné"
6916,"Batna","dimanche: 08:30–12:3013:30–17:00"
6917,"Oran","dimanche: 09:00–20:00"
6918,"Gué de Constantine","dimanche: 09:30–16:00"
6919,"Sétif","dimanche: 08:30–16:30"
692,"Bir El Djir","dimanche: Ouvert 24h/24"
6920,"Guelma","dimanche: 09:00–18:00 | lundi: 09:00–18:00 | mardi: 09:00–18:00 | mercredi: 09:00–18:00 | jeudi: 09:00–18:00 | vendredi: Fermé | samedi: 09:00–18:00"
6921,"Bab Ezzouar","dimanche: Ouvert 24h/24"
6922,"Aïn Nouïssy","dimanche: 09:00–17:00"
6923,"Didouche Mourad","dimanche: Ouvert 24h/24"
6924,"Baraki","dimanche: 07:00–23:00"
6925,"Birtouta","dimanche: 08:30–16:00"
6926,"Tazoult","dimanche: 08:00–16:30"
6927,"Birkhadem","dimanche: 09:00–16:30"
6928,"Birkhadem","Non renseigné"
6929,"Blida","dimanche: 08:00–14:00"
693,"Oran","dimanche: 08:00–17:00"
6930,"Sétif","dimanche: 09:00–21:00"
6931,"Chéraga","dimanche: 09:00–16:45"
6932,"El Ouricia","dimanche: Ouvert 24h/24 | lundi: Ouvert 24h/24 | mardi: Ouvert 24h/24 | mercredi: Ouvert 24h/24 | jeudi: Ouvert 24h/24 | vendredi: Ouvert 24h/24 | samedi: Ouvert 24h/24"
6933,"Ain El Turk","Non renseigné"
6934,"Blida","dimanche: 09:00–16:00"
6935,"Constantine","dimanche: 09:00–21:00"
6936,"Draria","dimanche: Ouvert 24h/24"
6937,"Sidi Chami","dimanche: Ouvert 24h/24"
6938,"Mohammadia","dimanche: 08:00–16:00"
6939,"Oran","dimanche: 09:00–17:00"
694,"Dawadji","dimanche: 08:00–20:00"
6940,"Bir El Djir","dimanche: 09:00–18:00"
6941,"Tébessa","dimanche: 08:00–18:00"
6942,"Oran","dimanche: 08:00–17:00"
6943,"Tébessa","dimanche: 08:30–17:00"
6944,"Oran","dimanche: 08:00–13:30"
6945,"Kouba","dimanche: 09:00–22:00"
6946,"Chemin de Aïn Naadja، Gué de Constantine","dimanche: Fermé"
6947,"UV1","dimanche: 09:00–18:00"
6948,"Setif","dimanche: Ouvert 24h/24"
6949,"Dely Ibrahim","dimanche: 08:00–20:00 | lundi: 08:00–20:00 | mardi: 08:00–20:00 | mercredi: 08:00–20:00 | jeudi: 08:00–20:00 | vendredi: 08:00–20:00 | samedi: 08:00–20:00"
695,"Tlemcen","dimanche: 09:00–16:30"
6950,"Constantine","dimanche: 09:00–20:00"
6951,"Rouïba","dimanche: 08:00–15:30"
6952,"Tizi Ouzou","dimanche: 08:00–17:00"
6953,"Kouba","dimanche: 09:00–18:00"
6954,"Cité  logements Bt 154","dimanche: 08:00–15:00"
6955,"Oran","dimanche: 08:00–16:30"
6956,"El Khroub","dimanche: Ouvert 24h/24"
6957,"Tizi Ouzou","dimanche: 08:00–16:00 | lundi: 08:00–16:00 | mardi: 08:00–16:00 | mercredi: 08:00–16:00 | jeudi: 08:00–16:00 | vendredi: Fermé | samedi: 09:00–14:00"
6958,"Setif","Non renseigné"
6959,"Mostaganem","dimanche: 08:30–16:30"
696,"Ouled Yaïch","dimanche: 08:00–23:00 | lundi: 08:00–23:00 | mardi: 08:00–23:00 | mercredi: 08:00–23:00 | jeudi: 08:00–17:00 | vendredi: 08:00–17:00 | samedi: 08:00–23:00"
6960,"","dimanche: 10:00–20:00"
6961,"Sidi Bel Abbès","dimanche: 09:00–20:00 | lundi: 09:00–20:00 | mardi: 09:00–20:00 | mercredi: 09:00–20:00 | jeudi: 09:00–20:00 | vendredi: Fermé | samedi: 09:00–20:00"
6962,"Chéraga","dimanche: 08:00–18:00"
6963,"Ouled Fayet","dimanche: 08:30–16:00"
6964,"Dar El Beïda","dimanche: 09:00–16:00"
6965,"Béjaïa","dimanche: 08:00–16:00"
6966,"Bab El Oued","dimanche: 09:00–19:00"
6967,"Baba Hassen","dimanche: 08:30–22:00"
6968,"El Khroub","dimanche: 08:00–16:00"
6969,"Djelfa","dimanche: Ouvert 24h/24"
697,"Batna","dimanche: 09:00–19:00"
6970,"Béjaïa","dimanche: 08:00–17:00"
6971,"Bouzareah","dimanche: Fermé"
6972,"Oran","dimanche: 08:30–12:0014:00–17:30"
6973,"Aïn Abid","dimanche: 08:00–17:00"
6974,"Kouba","dimanche: Ouvert 24h/24"
6975,"Sidi Bel Abbès","Non renseigné"
6976,"Sétif","dimanche: 08:00–17:00"
6977,"Hydra","dimanche: 09:00–15:00"
6978,"Annaba","dimanche: 10:00–19:00"
6979,"Ben Aknoun","dimanche: 08:00–19:00"
698,"Batna","dimanche: 08:00–14:00"
6980,"Sidi Bel Abbès","dimanche: 08:00–17:00"
6981,"Sidi Bel Abbès","dimanche: Ouvert 24h/24 | lundi: Ouvert 24h/24 | mardi: Ouvert 24h/24 | mercredi: Ouvert 24h/24 | jeudi: Ouvert 24h/24 | vendredi: Ouvert 24h/24 | samedi: Ouvert 24h/24"
6982,"Dely Ibrahim","dimanche: 08:00–16:00"
6983,"Béjaïa","dimanche: 08:30–17:00"
6984,"Ouled Fayet","dimanche: 09:00–23:00 | lundi: 09:00–20:00 | mardi: 09:00–20:00 | mercredi: 09:00–20:00 | jeudi: 09:00–20:00 | vendredi: 15:00–20:00 | samedi: 10:00–20:00"
6985,"Aïn Benian","dimanche: 10:00–23:30"
6986,"Béjaïa","dimanche: 08:00–15:00"
6987,"Blida","dimanche: 08:00–14:00"
6988,"El Khroub","Non renseigné"
6989,"Bâtiment 74، Cité 5juillet Bab Ezzouar، D","dimanche: 08:30–15:00"
699,"Blida","dimanche: 08:00–16:00"
6990,"Djelfa","dimanche: 09:00–12:0013:30–17:00"
6991,"Bir El Djir","dimanche: 10:00–17:00 | lundi: 10:00–17:00 | mardi: 10:00–17:00 | mercredi: 10:00–17:00 | jeudi: 10:00–17:00 | vendredi: 21:00–00:00 | samedi: 10:00–17:00"
6992,"Les Eucalyptus","dimanche: 09:00–16:00"
6993,"Constantine","dimanche: 08:00–18:30"
6994,"Tizi Ouzou","dimanche: 09:00–16:00"
6995,"Kouba","dimanche: 09:00–17:00"
6996,"Djelfa","dimanche: 09:00–12:0014:00–16:00"
6997,"Tipaza","dimanche: 08:30–16:00 | lundi: 08:30–16:00 | mardi: 08:30–16:00 | mercredi: 08:30–16:00 | jeudi: Fermé | vendredi: Fermé | samedi: 08:30–16:00"
6998,"Setif","Non renseigné"
6999,"Oran","dimanche: 09:00–20:00"
7,"Ouargla","dimanche: 08:00–01:00"
70,"Batna","dimanche: 08:00–17:00"
700,"Jijel","Non renseigné"
7000,"Sétif","dimanche: 07:00–16:00"
7001,"","dimanche: 08:30–18:00"
7002,"Sidi Bel Abbès","dimanche: Ouvert 24h/24"
7003,"Sétif","dimanche: 08:30–18:30"
7004,"Oran","dimanche: 14:30–18:00"
7005,"Rue Abane Ramdane","Non renseigné"
7006,"Sétif","dimanche: 08:00–17:00"
7007,"El Achour","dimanche: 08:30–16:30"
7008,"Oran","Non renseigné"
7009,"Ben Aknoun","dimanche: 08:00–16:00"
701,"Bir El Djir","dimanche: 09:00–17:00"
7010,"Bir Mourad Raïs","dimanche: 10:00–18:00 | lundi: 10:00–18:00 | mardi: 10:00–18:00 | mercredi: 10:00–18:00 | jeudi: Fermé | vendredi: Fermé | samedi: 13:00–18:00"
7011,"Draria","dimanche: 09:00–17:00 | lundi: 09:00–17:00 | mardi: 09:00–17:00 | mercredi: 09:00–17:00 | jeudi: 09:00–17:00 | vendredi: Fermé | samedi: 09:00–17:00"
7012,"Aïn Taya","dimanche: 08:00–17:00"
7013,"Ain El Turk","Non renseigné"
7014,"Béjaïa","dimanche: 08:00–16:30"
7015,"Bab Ezzouar","dimanche: 08:30–16:30"
7016,"Gdyel","dimanche: 08:00–17:00"
7017,"Birkhadem","dimanche: 09:00–17:00"
7018,"Bir El Djir","Non renseigné"
7019,"Oran","dimanche: 09:00–18:00"
702,"Ouled Yaïch","dimanche: 09:00–15:00"
7020,"Sétif","dimanche: 08:00–12:0013:30–17:00"
7021,"Birkhadem","dimanche: Ouvert 24h/24"
7022,"El Achour","dimanche: Ouvert 24h/24"
7023,"Hydra","dimanche: Ouvert 24h/24"
7024,"Constantine","dimanche: 08:00–18:00 | lundi: 08:00–18:00 | mardi: 08:00–18:00 | mercredi: 08:00–18:00 | jeudi: 08:00–18:00 | vendredi: Fermé | samedi: 08:00–18:00"
7025,"Guelma","dimanche: Ouvert 24h/24"
7026,"Annaba","dimanche: 09:00–17:00"
7027,"sud-est dAlger،","dimanche: 08:00–17:00"
7028,"Sétif","dimanche: 08:00–21:00 | lundi: 08:00–21:00 | mardi: 08:00–21:00 | mercredi: 08:00–21:00 | jeudi: 08:00–21:00 | vendredi: Fermé | samedi: 08:00–21:00"
7029,"Beni Messous","Non renseigné"
703,"Tlemcen","dimanche: 09:30–17:00"
7030,"Sétif","dimanche: Ouvert 24h/24"
7031,"El Khroub","dimanche: 09:00–14:00"
7032,"El Khroub","dimanche: 08:00–16:00"
7033,"Oran","dimanche: 08:00–16:00"
7034,"Bachdjerah","Non renseigné"
7035,"Guelma","Non renseigné"
7036,"Constantine","Non renseigné"
7037,"Sidi Bel Abbès","dimanche: Ouvert 24h/24 | lundi: Ouvert 24h/24 | mardi: Ouvert 24h/24 | mercredi: Ouvert 24h/24 | jeudi: Ouvert 24h/24 | vendredi: Ouvert 24h/24 | samedi: Ouvert 24h/24"
7038,"Djelfa","dimanche: 07:30–16:30"
7039,"Sidi Bel Abbès","dimanche: Fermé"
704,"Oran","dimanche: 08:30–18:00"
7040,"Skikda","Non renseigné"
7041,"El Achour","dimanche: 07:30–18:00"
7042,"Draria","dimanche: 09:00–17:00 | lundi: 09:00–17:00 | mardi: 09:00–17:00 | mercredi: 09:00–17:00 | jeudi: 09:00–17:00 | vendredi: 10:00–12:00 | samedi: 09:00–17:00"
7043,"Sidi Bel Abbès","dimanche: 08:00–17:00"
7044,"Sidi Bel Abbès","dimanche: 08:30–00:00"
7045,"Kouba","dimanche: 09:00–18:00"
7046,"Setif","dimanche: 08:30–15:3017:00–23:59"
7047,"Skikda","dimanche: 08:00–16:00"
7048,"Béjaïa","dimanche: 08:00–16:30"
7049,"carnot","dimanche: 10:00–19:00"
705,"Ouled Yaïch","dimanche: 08:00–17:30"
7050,"Béjaïa","Non renseigné"
7051,"Oran","dimanche: 07:00–17:00"
7052,"Cité guenani en face cnas","dimanche: 09:00–17:00"
7053,"Birkhadem","dimanche: 09:00–00:00"
7054,"Sidi Bel Abbès","dimanche: 08:00–17:00"
7055,"Tebessa","dimanche: 00:00–06:0008:00–00:00"
7056,"Sétif","dimanche: 08:00–00:00"
7057,"Bachdjerah","dimanche: 10:00–22:00"
7058,"Bir Mourad Raïs","dimanche: Fermé"
7059,"Djelfa","dimanche: 08:30–21:30"
706,"Batna","dimanche: 08:00–17:00"
7060,"Constantine","dimanche: 09:00–18:00"
7061,"Sétif","dimanche: 08:00–16:30"
7062,"Oran","dimanche: 09:30–17:00"
7063,"Bab El Oued","dimanche: 08:30–17:30"
7064,"Sétif","dimanche: 08:00–13:00"
7065,"Oran","dimanche: 10:00–21:00"
7066,"Sétif","dimanche: 08:30–13:00"
7067,"Béjaïa","dimanche: 09:00–17:00"
7068,"El Achour","dimanche: 09:00–16:00"
7069,"Constantine","dimanche: 10:00–20:00"
707,"Batna","Non renseigné"
7070,"Hamadi Krouma","Non renseigné"
7071,"Bordj El Kiffan","dimanche: Ouvert 24h/24"
7072,"Oued Smar","dimanche: 09:00–20:00"
7073,"Sidi MHamed","dimanche: 09:00–17:00"
7074,"Sidi Bel Abbès","dimanche: 08:15–16:30"
7075,"Sétif","dimanche: 08:00–12:0013:30–17:00 | lundi: 08:00–12:0013:30–17:00 | mardi: 08:00–12:0013:30–17:00 | mercredi: 08:00–12:0013:30–17:00 | jeudi: 08:00–12:0013:30–17:00 | vendredi: Fermé | samedi: 08:00–12:0013:30–17:00"
7076,"Sétif","dimanche: 08:00–16:00"
7077,"Bouzareah","dimanche: 09:00–18:00"
7078,"Bouzareah","dimanche: 09:30–17:30"
7079,"Sidi Bel Abbès","dimanche: Ouvert 24h/24"
7080,"El Khroub","dimanche: Ouvert 24h/24"
7081,"260 logements n 212","dimanche: Ouvert 24h/24"
7082,"Annaba","dimanche: 08:00–17:00"
7083,"Rue Abziou، Douera","dimanche: 07:30–17:00"
7084,"Skikda","dimanche: 09:00–16:00"
7085,"Bir El Djir","dimanche: Ouvert 24h/24"
7086,"logts","dimanche: 08:00–22:00"
7087,"Constantine","dimanche: Ouvert 24h/24"
7088,"Sétif","dimanche: 09:00–19:00"
7089,"Oran","dimanche: 09:00–18:00"
709,"Annaba","Non renseigné"
7090,"Bir Mourad Raïs","dimanche: 09:00–23:00"
7091,"Locaux N°09 Hai El-Badr Kouba","dimanche: 08:00–22:00"
7092,"Sétif","dimanche: Ouvert 24h/24"
7093,"Alger Centre","dimanche: 09:00–16:00"
7094,"Sidi Bel Abbès","dimanche: 09:35–15:30"
7095,"Mohammadia","dimanche: 09:00–17:00"
7096,"El Harrach","dimanche: 09:00–18:00"
7097,"Sidi Bel Abbès","dimanche: 08:00–18:00"
7098,"Baba Hassen","Non renseigné"
7099,"Béjaïa","dimanche: 08:00–18:00 | lundi: 08:00–18:00 | mardi: 08:00–18:00 | mercredi: 08:00–18:00 | jeudi: Fermé | vendredi: Fermé | samedi: 08:00–18:00"
71,"Tlemcen","dimanche: 08:00–13:0014:30–17:00"
710,"Constantine","dimanche: 08:00–18:00 | lundi: 08:00–18:00 | mardi: 08:00–18:00 | mercredi: 08:00–18:00 | jeudi: 08:00–18:00 | vendredi: Fermé | samedi: 09:00–17:00"
7100,"Bordj El Kiffan","dimanche: 08:30–16:30"
7101,"Ouled Fayet","dimanche: 09:00–18:00"
7102,"21 cité 18 fevrier bd 19 juin","dimanche: Ouvert 24h/24 | lundi: Ouvert 24h/24 | mardi: Ouvert 24h/24 | mercredi: Ouvert 24h/24 | jeudi: Ouvert 24h/24 | vendredi: Ouvert 24h/24 | samedi: Ouvert 24h/24"
7103,"N281 Bt11 cité","dimanche: 09:00–17:00"
7104,"Sétif","dimanche: 08:00–16:00"
7105,"Hydra","dimanche: 09:30–18:00"
7106,"Béjaïa","dimanche: 08:00–16:00"
7107,"Sidi Bel Abbès","dimanche: 08:00–17:00"
7108,"Annaba","dimanche: 08:00–23:00"
7109,"Sétif","Non renseigné"
711,"Ouled Yaïch","dimanche: 08:55–18:30"
7110,"El Kseur","dimanche: 08:00–16:00"
7111,"El Bouni","dimanche: 09:00–17:00"
7112,"Dar El Beïda","dimanche: Ouvert 24h/24"
7113,"Alger","dimanche: 09:00–23:30"
7114,"Annaba","Non renseigné"
7115,"Bordj El Bahri","dimanche: 10:30–16:30"
7116,"Bordj El Kiffan","dimanche: 09:00–18:00"
7117,"Batna","dimanche: Ouvert 24h/24"
7118,"Constantine","dimanche: 09:00–20:00"
7119,"Oran","dimanche: 08:00–17:00"
712,"N=60","dimanche: 09:00–17:00"
7120,"Guelma","dimanche: 09:00–00:00"
7121,"El Khroub","dimanche: 08:00–16:00"
7122,"El Khroub","dimanche: 08:00–15:00 | lundi: 08:00–15:00 | mardi: Fermé | mercredi: 08:00–15:00 | jeudi: 08:00–15:00 | vendredi: Fermé | samedi: Fermé"
7123,"Sétif","dimanche: 08:00–20:00"
7124,"Béjaïa","Non renseigné"
7125,"Promotion 66 logements coffrial tala ouriane","dimanche: 08:15–17:00"
7126,"Sétif","dimanche: 09:00–18:30"
7127,"Constantine","dimanche: 10:30–18:00"
7128,"Annaba","dimanche: 08:00–17:00 | lundi: 08:00–17:00 | mardi: 08:00–17:00 | mercredi: 08:00–17:00 | jeudi: 08:00–17:00 | vendredi: Fermé | samedi: 08:00–12:00"
7129,"Tizi Ouzou","dimanche: 08:00–16:00 | lundi: 08:00–16:00 | mardi: 08:00–16:00 | mercredi: 08:00–16:00 | jeudi: 08:00–16:00 | vendredi: 08:00–12:00 | samedi: Fermé"
713,"Annaba","dimanche: 09:00–12:0013:00–17:00"
7130,"Sidi Bel Abbès","dimanche: 09:00–15:30"
7131,"Hydra","dimanche: 09:30–18:30"
7132,"Bir El Djir","dimanche: Ouvert 24h/24"
7133,"Djelfa","dimanche: 07:00–17:00 | lundi: 07:00–17:00 | mardi: 07:00–17:00 | mercredi: 07:00–17:00 | jeudi: 07:00–17:00 | vendredi: Fermé | samedi: 07:00–17:00"
7134,"El Khroub","Non renseigné"
7135,"Alger Centre","Non renseigné"
7136,"Belouizdad","dimanche: 08:00–14:00"
7137,"Setif","dimanche: 09:00–16:00 | lundi: 09:00–16:00 | mardi: 09:00–16:00 | mercredi: 09:00–16:00 | jeudi: 09:00–16:00 | vendredi: Fermé | samedi: 09:00–16:00"
7138,"Constantine","dimanche: 09:00–17:00 | lundi: 09:00–17:00 | mardi: 09:00–17:00 | mercredi: 09:00–17:00 | jeudi: 09:00–17:00 | vendredi: Fermé | samedi: 09:00–17:00"
7139,"Larbaa Nath Irathen","dimanche: 08:00–17:00"
714,"Bourouba","dimanche: 08:00–16:00"
7140,"Hydra","dimanche: 09:30–17:00"
7141,"Oran","dimanche: 09:00–16:30"
7142,"Bir El Djir","dimanche: 09:00–00:00"
7143,"Hussein Dey","dimanche: 09:00–17:00"
7144,"Sétif","dimanche: 10:00–22:00"
7145,"Chéraga","dimanche: 09:00–22:00"
7146,"Bab Ezzouar","dimanche: 09:00–16:30"
7147,"Constantine","dimanche: 09:00–19:00"
7148,"Annaba","dimanche: Ouvert 24h/24"
7149,"Mostaganem","dimanche: Ouvert 24h/24 | lundi: Ouvert 24h/24 | mardi: Ouvert 24h/24 | mercredi: Ouvert 24h/24 | jeudi: Ouvert 24h/24 | vendredi: Ouvert 24h/24 | samedi: Ouvert 24h/24"
715,"Bir El Djir","dimanche: 09:00–00:00"
7150,"Mostaganem","dimanche: 08:30–20:30"
7151,"El Harrach","dimanche: 08:30–19:00"
7152,"بئر توتة،،","dimanche: Ouvert 24h/24"
7153,"Kouba","dimanche: Ouvert 24h/24"
7154,"Alger Centre","Non renseigné"
7155,"Kouba","dimanche: 08:00–14:00"
7156,"Tipaza","Non renseigné"
7157,"Chéraga","dimanche: 09:00–17:00"
7158,"Béjaïa","dimanche: 08:00–17:00"
7159,"Gué de Constantine","dimanche: 08:00–11:00"
716,"Jijel","dimanche: 08:00–16:00"
7160,"Annaba","dimanche: 09:00–21:00"
7161,"Annaba","Non renseigné"
7162,"Sétif","dimanche: 08:00–17:00"
7163,"Annaba","dimanche: 09:00–19:00"
7164,"Annaba","dimanche: 09:00–19:00"
7165,"Saoula","dimanche: 08:00–17:00"
7166,"Béjaïa","dimanche: 08:30–16:30"
7167,"Bir Mourad Raïs","dimanche: Ouvert 24h/24"
7168,"Sidi Bel Abbès","dimanche: 07:30–14:00"
7169,"","Non renseigné"
717,"traversa","dimanche: 09:00–18:00"
7170,"El-Kseur","dimanche: 06:30–15:00"
7171,"Baba Hassen","dimanche: 08:00–13:00"
7172,"Oran","dimanche: 07:00–00:00"
7173,"Tipaza","dimanche: 08:00–15:00"
7174,"Guelma","dimanche: 08:00–21:00"
7175,"Bir Mourad Raïs","dimanche: 09:29–00:00"
7176,"El Khroub","Non renseigné"
7177,"Annaba","dimanche: 09:00–21:00"
7178,"Annaba","dimanche: 09:00–21:00"
7179,"","Non renseigné"
7180,"Sétif","dimanche: 08:30–16:00"
7181,"Sidi Bel Abbès","dimanche: 08:30–18:30 | lundi: 08:30–18:30 | mardi: 08:30–18:30 | mercredi: 08:30–18:30 | jeudi: 08:30–18:30 | vendredi: 08:30–18:30 | samedi: 08:30–18:30"
7182,"Sétif","dimanche: Ouvert 24h/24"
7183,"Sétif","Non renseigné"
7184,"Sétif","Non renseigné"
7185,"Oran","Non renseigné"
7186,"Constantine","Non renseigné"
7187,"El Harrach","dimanche: 09:00–17:00"
7188,"Sidi Bel Abbès","dimanche: 08:30–16:00"
7189,"Guelma","Non renseigné"
719,"Blida","dimanche: 08:00–12:00 13:00–16:00"
7190,"Birkhadem","dimanche: 08:00–18:00"
7191,"Birkhadem","dimanche: 08:00–18:00"
7192,"Oued Koriche","dimanche: 09:00–23:00"
7193,"Annaba","dimanche: 09:00–17:00"
7194,"","dimanche: 08:00–16:00 | lundi: 08:00–16:00 | mardi: 08:00–16:00 | mercredi: 08:00–16:00 | jeudi: 08:00–16:00 | vendredi: Fermé | samedi: 08:00–16:00"
7195,"Baba Hassen","dimanche: 08:30–22:00"
7196,"Tala ouriane","Non renseigné"
7197,"Bachdjerah","dimanche: 07:30–16:00"
7198,"Mostaganem","dimanche: 09:00–18:00"
7199,"Annaba","dimanche: 08:00–16:00 | lundi: 08:00–16:00 | mardi: 08:00–16:00 | mercredi: 08:00–16:00 | jeudi: 08:00–16:00 | vendredi: Fermé | samedi: 08:00–16:00"
72,"Tlemcen","dimanche: 08:30–17:00"
720,"Ouled Yaïch","dimanche: 09:00–17:00"
7200,"Kouba","dimanche: Ouvert 24h/24"
7201,"Batna 23 cité 50Logements","dimanche: 08:00–16:30"
7202,"Guelma","dimanche: Ouvert 24h/24"
7203,"El Mouradia","dimanche: 09:30–21:00"
7204,"Oran","dimanche: 09:30–19:00"
7205,"Ben Aknoun","dimanche: 08:00–16:00"
7206,"Batna","dimanche: Ouvert 24h/24"
7207,"Bourouba","dimanche: 08:00–17:00 | lundi: 08:00–17:00 | mardi: 08:00–17:00 | mercredi: 08:00–17:00 | jeudi: 08:00–17:00 | vendredi: Fermé | samedi: 08:00–17:00"
7208,"Aïn Smara","Non renseigné"
7209,"Aïn Smara","dimanche: Ouvert 24h/24"
721,"Iheddaden","dimanche: Ouvert 24h/24"
7210,"El Kseur","dimanche: 08:00–16:30"
7211,"Béni Messous","Non renseigné"
7212,"El Harrach","dimanche: 14:00–18:00"
7213,"Batna","dimanche: 08:00–17:00"
7214,"Batna","Non renseigné"
7215,"Sidi Bel Abbès","dimanche: 09:00–18:30"
7216,"Oran","dimanche: 09:00–23:00"
7217,"Sétif","dimanche: 08:30–22:00"
7218,"Bekkaria","dimanche: 08:00–17:00"
7219,"Bir El Djir","dimanche: 09:00–17:00"
722,"Blida","dimanche: 09:00–17:00"
7220,"Batna","dimanche: Ouvert 24h/24"
7221,"Baraki","dimanche: 09:00–04:00"
7222,"Bordj El Bahri","dimanche: 08:00–13:00"
7223,"Dar El Beïda","dimanche: Ouvert 24h/24"
7224,"Oran","dimanche: 08:00–16:00"
7225,"El Khroub","dimanche: 09:00–18:00"
7226,"Sidi MHamed","dimanche: Ouvert 24h/24"
7227,"Batna","Non renseigné"
7228,"Annaba","dimanche: 09:00–11:00"
7229,"Annaba","dimanche: 08:00–16:30"
723,"Bir El Djir","dimanche: Ouvert 24h/24"
7230,"Annaba","dimanche: 08:30–16:00"
7231,"Setif","dimanche: Ouvert 24h/24"
7232,"Setif","Non renseigné"
7233,"Es Sénia","dimanche: 14:00–20:00"
7234,"Chéraga","dimanche: 09:00–18:00"
7235,"Constantine","dimanche: 08:00–20:00"
7236,"Bir El Djir","dimanche: Ouvert 24h/24"
7237,"El Achour","dimanche: 08:00–16:00"
7238,"Setif","dimanche: 09:00–16:00"
7239,"Fouka","dimanche: 08:30–17:00"
724,"Cité belkhired hassen 750 logt btA num2","dimanche: 08:00–16:00"
7240,"Constantine","Non renseigné"
7241,"Oran","Non renseigné"
7242,"El Biar","dimanche: 09:00–14:00"
7243,"Setif","dimanche: 08:00–16:00"
7244,"Baba Hassen","dimanche: 09:00–17:00"
7245,"Bordj El Bahri","Non renseigné"
7246,"Bir Mourad Raïs","dimanche: 09:30–16:30 | lundi: 09:30–16:30 | mardi: 09:30–16:30 | mercredi: 09:30–16:30 | jeudi: 09:30–16:30 | vendredi: Fermé | samedi: 09:30–14:00"
7247,"Sidi Bel Abbès","dimanche: Ouvert 24h/24"
7248,"","dimanche: Fermé"
7249,"Sétif","Non renseigné"
725,"Béjaïa","dimanche: 08:30–17:00 | lundi: 08:30–17:00 | mardi: 08:30–17:00 | mercredi: 08:30–17:00 | jeudi: 08:30–17:00 | vendredi: Fermé | samedi: 08:30–17:00"
7250,"Bab El Oued","dimanche: 09:00–18:00"
7251,"El Harrouch","dimanche: 08:00–16:30"
7252,"Batna","dimanche: 08:00–13:00"
7253,"Constantine","dimanche: 08:00–17:00"
7254,"Amarna","dimanche: 09:00–14:00 | lundi: 09:00–14:00 | mardi: 09:00–14:00 | mercredi: 09:00–14:00 | jeudi: 09:00–14:00 | vendredi: Fermé | samedi: 09:00–14:00"
7255,"Bab Ezzouar","dimanche: 09:00–17:00"
7256,"El Mouradia","dimanche: Ouvert 24h/24"
7257,"Béjaïa","dimanche: 09:00–17:00"
7258,"Mohammadia","dimanche: 09:00–20:30"
7259,"Béjaïa","Non renseigné"
726,"Tlemcen","dimanche: 08:30–14:30"
7260,"Kouba","dimanche: 09:00–17:00"
7261,"Es Sénia","dimanche: 08:30–17:00"
7262,"Sidi Bel Abbès","dimanche: Ouvert 24h/24"
7263,"Sétif","dimanche: 10:00–17:15"
7264,"Draria","dimanche: 09:30–00:00"
7265,"Annaba","dimanche: 09:00–17:00"
7266,"El Khroub","dimanche: 09:30–15:00"
7267,"El Biar","dimanche: 13:30–17:00"
7268,"Oran","dimanche: 08:30–17:00"
7269,"Bordj El Kiffan","dimanche: 08:00–16:00"
727,"Jijel","dimanche: 09:00–16:30"
7270,"Birtouta","dimanche: 08:00–16:00"
7271,"Dely Ibrahim","dimanche: 08:00–17:00"
7272,"Mekla","dimanche: 08:00–16:30"
7273,"Birkhadem","dimanche: 09:00–15:00"
7274,"Ouled Fayet","dimanche: 09:00–22:00"
7275,"Birkhadem","dimanche: 08:30–18:00"
7276,"Oran","dimanche: Ouvert 24h/24"
7277,"Djelfa","dimanche: Ouvert 24h/24"
7278,"Sétif","dimanche: 07:30–16:00"
7279,"Oran","dimanche: 09:00–12:00"
728,"Algérie","dimanche: 08:00–17:00"
7280,"Bachdjerah","dimanche: 07:30–11:3013:00–14:30"
7281,"courbet","dimanche: 00:00–20:00"
7282,"Draria","dimanche: 08:30–17:00"
7283,"Batna","dimanche: Ouvert 24h/24"
7284,"Ben Aknoun","dimanche: 09:30–17:00"
7285,"Annaba","dimanche: 08:00–16:00"
7286,"El Achour","Non renseigné"
7287,"Skikda","dimanche: 08:00–14:00"
7288,"Djelfa","dimanche: Ouvert 24h/24"
7289,"Raïs Hamidou","Non renseigné"
729,"Blida","dimanche: 09:00–15:00"
7290,"Annaba","dimanche: 08:00–17:00"
7291,"UV 2 Bloc 22 n° 12","dimanche: 08:30–17:00"
7292,"Sétif","dimanche: 08:00–00:00"
7293,"Birkhadem","dimanche: 10:00–17:30"
7294,"Chéraga","dimanche: 09:00–17:30"
7295,"Alger Centre","Non renseigné"
7296,"Bordj El Bahri","dimanche: 09:00–21:00"
7297,"Oran","dimanche: 09:00–15:00"
7298,"Cité 204 lgts Bt 02 N° 1 Rez-de-chaussée","dimanche: 08:30–18:00"
7299,"Chéraga","Non renseigné"
73,"Oran","dimanche: 08:00–16:00"
730,"Batna","dimanche: 09:00–00:00"
7300,"Blida","dimanche: 08:00–18:00"
7301,"Aïn El Turk","dimanche: Ouvert 24h/24"
7302,"Hydra","dimanche: 08:00–21:00"
7303,"Oran","dimanche: 09:30–16:30"
7304,"El Achour","dimanche: Fermé"
7305,"Arzew","dimanche: 08:30–16:00"
7306,"Douéra","dimanche: 08:30–20:00"
7307,"Birkhadem","dimanche: 09:00–18:00"
7308,"Draria","Non renseigné"
7309,"Bir El Djir","dimanche: 09:00–17:00"
731,"Annaba","dimanche: 08:00–16:00 | lundi: 08:00–16:00 | mardi: 08:00–16:00 | mercredi: 08:00–16:00 | jeudi: 08:00–16:00 | vendredi: Fermé | samedi: 08:00–16:00"
7310,"El Harrach","dimanche: 08:00–17:00"
7311,"Ben Aknoun","dimanche: 09:00–21:00"
7312,"Khraicia","dimanche: 09:00–17:00"
7313,"Bachdjerah","Non renseigné"
7314,"Mahelma","dimanche: 09:00–17:00 | lundi: 09:00–17:00 | mardi: 09:00–17:00 | mercredi: 09:00–17:00 | jeudi: 09:00–17:00 | vendredi: 09:00–17:00 | samedi: 09:00–17:00"
7315,"Gué de Constantine","dimanche: 09:00–17:00"
7316,"Birkhadem","dimanche: 09:00–12:0013:00–17:30"
7317,"El Harrach","dimanche: 09:30–18:00"
7318,"Kouba","dimanche: Ouvert 24h/24"
7319,"Kouba","Non renseigné"
732,"Ouled Fayet","dimanche: 08:30–16:00"
7320,"Oran","dimanche: 08:30–18:00"
7321,"Chéraga","Non renseigné"
7322,"Birkhadem","dimanche: 08:00–17:00"
7323,"Bir El Djir","dimanche: 08:30–04:30"
7324,"Dely Ibrahim","dimanche: 09:00–20:00"
7325,"Dely Ibrahim","Non renseigné"
7326,"Dar El Beïda","dimanche: 09:00–18:00 | lundi: 09:00–18:00 | mardi: 09:00–18:00 | mercredi: 09:00–18:00 | jeudi: 09:00–18:00 | vendredi: Fermé | samedi: 09:00–18:00"
7327,"Kouba","dimanche: 09:00–20:00"
7328,"Oran","dimanche: 08:30–16:00"
7329,"Pont des Bananiers","dimanche: 08:30–23:00 | lundi: 08:30–23:00 | mardi: 08:30–23:00 | mercredi: 08:30–23:00 | jeudi: 08:30–23:00 | vendredi: 15:00–20:00 | samedi: 08:30–23:00"
733,"Blida","dimanche: 09:00–16:00"
7330,"Tazmalt","dimanche: 09:00–17:00"
7331,"El Harrach","dimanche: 09:30–21:00"
7332,"Ben Aknoun","dimanche: 09:00–17:00"
7333,"Draria","Non renseigné"
7334,"Hassi Bounif","Non renseigné"
7335,"Bir Mourad Raïs","dimanche: 09:00–20:00"
7336,"Chéraga","dimanche: 08:30–23:00"
7337,"18S Boulevard Ouaked Ahmed، Chéraga","dimanche: 08:00–16:30"
7338,"Bordj El Bahri","dimanche: 09:00–17:00"
7339,"Alger Centre","dimanche: 08:00–13:00"
734,"Béjaïa","dimanche: 09:00–18:00"
7340,"Baraki","dimanche: 08:30–16:30"
7341,"Bab Ezzouar","dimanche: 09:00–17:00"
7342,"Ben Aknoun","dimanche: 09:00–22:00"
7343,"Mahelma","dimanche: 09:00–20:00"
7344,"Oran","dimanche: 09:00–12:0013:00–15:30"
7345,"Oran","Non renseigné"
7346,"Béni Messous","dimanche: 08:00–16:00"
7347,"Aïn Taya","dimanche: 07:00–15:30"
7348,"Dar El Beïda","Non renseigné"
7349,"El Hadjar","dimanche: 08:30–17:00"
735,"Batna","dimanche: Ouvert 24h/24"
7350,"Dar El Beïda","dimanche: 09:00–17:00"
7351,"Bouira","dimanche: 08:30–12:0013:30–16:00"
7352,"Birkhadem","dimanche: 08:30–17:00 | lundi: 08:30–22:30 | mardi: 08:30–22:30 | mercredi: 08:30–22:30 | jeudi: 08:30–20:30 | vendredi: 14:00–22:00 | samedi: 08:30–22:30"
7353,"Birkhadem","dimanche: 09:00–17:00 | lundi: 09:00–17:00 | mardi: 09:00–17:00 | mercredi: 09:00–17:00 | jeudi: 09:00–17:00 | vendredi: Fermé | samedi: 09:00–17:00"
7354,"Kouba","dimanche: 08:30–20:00"
7355,"Baba Hassen","Non renseigné"
7356,"El Biar","dimanche: 08:00–18:00"
7357,"El Biar","dimanche: 08:00–18:00"
7358,"Baraki","Non renseigné"
7359,"El Harrach","dimanche: 08:30–16:00"
736,"Chéraga","dimanche: 08:30–17:00"
7360,"Ouled Fayet","dimanche: 08:30–18:30"
7361,"Kouba","dimanche: 08:30–18:00"
7362,"Bab El Oued","dimanche: 08:30–17:00"
7363,"Bir El Djir","dimanche: 09:00–17:00"
7364,"Bab Ezzouar","dimanche: 08:00–15:30"
7365,"Dar El Beïda","dimanche: 09:00–19:00"
7366,"Douéra","dimanche: 09:00–20:00"
7367,"Bir Mourad Raïs","dimanche: Ouvert 24h/24"
7368,"Kouba","dimanche: Ouvert 24h/24"
7369,"Ouled Fayet","Non renseigné"
737,"Oran","dimanche: 09:00–17:00 | lundi: 09:00–17:00 | mardi: 09:00–17:00 | mercredi: 09:00–17:00 | jeudi: 09:00–12:00 | vendredi: Fermé | samedi: 09:00–17:00"
7370,"Chéraga","dimanche: 09:00–16:00"
7371,"Douera","dimanche: 09:00–17:00"
7372,"Kouba","dimanche: 08:00–22:00"
7373,"Mahelma","dimanche: 08:00–17:00"
7374,"Kouba","Non renseigné"
7375,"Oran","Non renseigné"
7376,"Dar El Beïda","dimanche: 09:00–17:00"
7377,"Bordj El Kiffan","Non renseigné"
7378,"Bab Ezzouar","dimanche: 09:00–17:00"
7379,"Rouïba","dimanche: 09:00–17:00 | lundi: 09:00–17:00 | mardi: 09:00–17:00 | mercredi: 09:00–17:00 | jeudi: 09:00–17:00 | vendredi: Fermé | samedi: 09:00–17:00"
738,"Batna","dimanche: Ouvert 24h/24"
7380,"Mahelma","dimanche: 09:00–22:00"
7381,"Est","dimanche: 09:30–16:30"
7382,"Bachdjerah","dimanche: 12:30–16:30"
7383,"Oran","dimanche: 09:00–15:00"
7384,"Mahelma","dimanche: 09:00–17:00"
7385,"Khraicia","dimanche: 08:00–18:00"
7386,"Tizi Ouzou","dimanche: 08:30–15:30"
7387,"Bouzareah","dimanche: 09:00–18:00"
7388,"Baraki","dimanche: 09:00–16:30"
7389,"Bou Ismaïl","Non renseigné"
739,"Ouled Si Ahmed","dimanche: Ouvert 24h/24"
7390,"Bouzareah","Non renseigné"
7391,"Drean","dimanche: Ouvert 24h/24"
7392,"Réghaïa","dimanche: 11:00–20:00"
7393,"Dely Ibrahim","dimanche: 08:30–14:10"
7394,"Chéraga","dimanche: 09:00–16:00"
7395,"Bab Ezzouar","dimanche: 09:00–18:30"
7396,"","dimanche: 08:30–15:30 | lundi: 10:30–15:00 | mardi: 08:00–16:00 | mercredi: 08:00–16:30 | jeudi: Fermé | vendredi: Fermé | samedi: 08:30–16:30"
7397,"Staoueli","dimanche: 09:00–18:00"
7398,"Bordj El Kiffan","dimanche: 09:00–21:00"
7399,"Ouled Fayet","dimanche: 08:30–18:00"
74,"Bir El Djir","dimanche: 09:00–17:00"
740,"Hussein Dey","dimanche: 08:30–16:00 | lundi: 08:30–16:00 | mardi: 08:30–16:00 | mercredi: 08:30–16:00 | jeudi: Fermé | vendredi: Fermé | samedi: Fermé"
7400,"Baraki","dimanche: 09:00–18:00"
7401,"Douéra","dimanche: 09:00–15:00"
7402,"Amizour","dimanche: 08:00–16:30"
7403,"Douéra","Non renseigné"
7404,"Kouba","dimanche: 09:00–23:30"
7405,"","dimanche: 08:30–17:00"
7406,"El Biar","dimanche: 10:00–18:00"
7407,"Les Eucalyptus","dimanche: 09:00–15:30 | lundi: 09:00–15:30 | mardi: 09:00–15:30 | mercredi: 09:00–15:30 | jeudi: 09:00–13:00 | vendredi: Fermé | samedi: 09:00–15:30"
7408,"","Non renseigné"
7409,"6 rue mohamed rabia kouba، alger","dimanche: 07:00–12:00"
741,"Bir El Djir","dimanche: Ouvert 24h/24 | lundi: Ouvert 24h/24 | mardi: Ouvert 24h/24 | mercredi: Ouvert 24h/24 | jeudi: Ouvert 24h/24 | vendredi: Fermé | samedi: Ouvert 24h/24"
7410,"Ouled Fayet","dimanche: 08:30–19:30"
7411,"El Achour","dimanche: 09:00–18:00"
7412,"","dimanche: 09:00–17:00"
7413,"Chéraga","dimanche: 08:30–19:00 | lundi: 08:30–19:00 | mardi: 08:30–19:00 | mercredi: 08:30–19:00 | jeudi: 08:30–19:00 | vendredi: 08:30–17:30 | samedi: 08:30–19:00"
7414,"Kouba","dimanche: 07:30–14:30"
7415,"Saoula","Non renseigné"
7416,"El Biar","dimanche: 08:00–17:00"
7417,"Baba Hassen","dimanche: 08:30–15:30"
7418,"Mahelma","dimanche: 08:00–20:00"
7419,"Bologhine","dimanche: 09:00–16:30"
742,"Bir El Djir","dimanche: 08:00–18:00"
7420,"Draria","dimanche: 08:00–17:00"
7421,"Staoueli","dimanche: 08:00–16:00"
7422,"Bordj El Kiffan","dimanche: 08:00–16:00"
7423,"Baraki","dimanche: 08:00–00:00"
7424,"Mahelma","dimanche: 08:30–17:00 | lundi: 08:30–17:00 | mardi: 08:30–17:00 | mercredi: 08:30–17:00 | jeudi: 08:30–17:00 | vendredi: Fermé | samedi: 08:30–17:00"
7425,"Birkhadem","Non renseigné"
7426,"MDaourouch","dimanche: 08:00–17:00"
7427,"Les Eucalyptus","dimanche: 08:00–16:00 | lundi: 08:00–16:00 | mardi: 08:00–16:00 | mercredi: 08:00–16:00 | jeudi: 08:00–16:00 | vendredi: 08:00–16:00 | samedi: Fermé"
7428,"Kouba","dimanche: 09:00–22:00 | lundi: 09:00–22:00 | mardi: 09:00–22:00 | mercredi: 09:00–22:00 | jeudi: 09:00–22:00 | vendredi: Fermé | samedi: 09:00–22:00"
7429,"Dar El Beïda","dimanche: 09:00–19:00"
743,"Tlemcen","dimanche: 08:30–16:30"
7430,"Bir Mourad Raïs","dimanche: 09:00–17:00 | lundi: 09:00–17:00 | mardi: 09:00–17:00 | mercredi: 09:00–17:00 | jeudi: 09:00–17:00 | vendredi: Fermé | samedi: Fermé"
7431,"Douera","dimanche: 08:30–16:30"
7432,"Gué de Constantine","dimanche: 08:00–16:00"
7433,"lotissement N 16","dimanche: 09:00–15:00"
7434,"Kouba","dimanche: 09:00–18:00"
7435,"Annaba","dimanche: 09:00–18:00"
7436,"Birtouta","dimanche: 08:30–16:00"
7437,"Dar El Beïda","dimanche: 09:00–17:00"
7438,"Bir Mourad Raïs","dimanche: Ouvert 24h/24"
7439,"El Harrach","Non renseigné"
744,"Béjaïa","dimanche: 09:00–18:00"
7440,"Gué de Constantine","dimanche: 09:00–17:00"
7441,"Aïn Benian","dimanche: 09:00–17:00"
7442,"","Non renseigné"
7443,"Alger Centre","dimanche: 08:00–18:00 | lundi: 08:00–18:00 | mardi: 08:00–18:00 | mercredi: 08:00–18:00 | jeudi: 08:00–18:00 | vendredi: Fermé | samedi: 08:00–18:00"
7444,"Bab Ezzouar","Non renseigné"
7445,"Mahelma","dimanche: 08:30–15:00"
7446,"Ouled Fayet","dimanche: 08:00–16:00"
7447,"Draria","dimanche: 09:00–12:0014:00–16:00"
7448,"Kouba","dimanche: 09:00–22:00"
7449,"Bir El Djir","dimanche: 12:00–18:00"
7450,"Annaba","Non renseigné"
7451,"Bordj El Kiffan","dimanche: 08:30–22:00"
7452,"Dely Ibrahim","dimanche: 09:00–18:00"
7453,"Annaba","Non renseigné"
7454,"Bab Ezzouar","Non renseigné"
7455,"Bachdjerah","dimanche: 09:00–13:0015:00–17:00"
7456,"Chéraga","dimanche: 08:00–16:30"
7457,"Kouba","dimanche: 09:00–17:00"
7458,"05 Rue","Non renseigné"
7459,"Bir Mourad Raïs","dimanche: Fermé | lundi: 09:00–21:00 | mardi: 09:00–21:00 | mercredi: 09:00–21:00 | jeudi: 09:00–21:00 | vendredi: Fermé | samedi: 09:00–21:00"
746,"Oran","dimanche: Ouvert 24h/24"
7460,"El Mouradia","dimanche: 09:00–20:00"
7461,"Birtouta","dimanche: 07:00–15:00"
7462,"Chéraga","dimanche: 09:00–20:00"
7463,"Oran","dimanche: 08:00–16:30"
7464,"Souidania","dimanche: 09:00–16:00"
7465,"Bab Ezzouar","dimanche: 09:00–17:00 | lundi: 08:00–16:30 | mardi: 08:00–16:30 | mercredi: 09:00–17:00 | jeudi: 08:00–16:30 | vendredi: Fermé | samedi: 08:00–16:30"
7466,"Gdyel","dimanche: 08:00–16:00"
7467,"Sidi MHamed","dimanche: 09:00–15:00"
7468,"El Achour","dimanche: 08:00–17:30"
7469,"Dély Ibrahim","dimanche: 09:00–20:00"
747,"Batna","Non renseigné"
7470,"Hussein Dey","Non renseigné"
7471,"Hussein Dey","dimanche: 09:00–15:00 | lundi: 09:00–15:00 | mardi: 09:00–15:00 | mercredi: 09:00–15:00 | jeudi: Fermé | vendredi: Fermé | samedi: 09:00–15:00"
7472,"Ouadhias","dimanche: 09:00–13:0014:00–16:00"
7473,"Bordj El Kiffan","dimanche: 08:00–23:00"
7474,"Draria","dimanche: 10:00–16:00"
7475,"Draria","dimanche: 09:00–16:30"
7476,"","Non renseigné"
7477,"","dimanche: 08:30–17:00"
7478,"Oued Tlélat","dimanche: 08:30–21:00"
7479,"Saoula","dimanche: 08:30–16:30"
748,"Tlemcen","dimanche: 08:30–16:00"
7480,"Ouled Fayet","dimanche: 09:00–17:00"
7481,"Chéraga","dimanche: 09:00–17:00 | lundi: 09:00–17:00 | mardi: 09:00–17:00 | mercredi: 09:00–17:00 | jeudi: 09:00–17:00 | vendredi: Fermé | samedi: 09:00–17:00"
7482,"Bab Ezzouar","dimanche: 08:30–18:00"
7483,"Douera","dimanche: 08:00–17:00"
7484,"Mohammadia","dimanche: 08:00–17:30"
7485,"Dely Ibrahim","dimanche: 09:00–18:00"
7486,"Oued Tlélat","dimanche: 08:00–17:00"
7487,"El Biar","dimanche: 09:00–18:30 | lundi: 09:00–18:30 | mardi: 09:00–18:30 | mercredi: 09:00–18:30 | jeudi: 09:00–18:30 | vendredi: Fermé | samedi: Fermé"
7488,"Es Senia","dimanche: 10:00–17:00 | lundi: 10:00–17:00 | mardi: 10:00–17:00 | mercredi: 10:00–17:00 | jeudi: 10:00–13:00 | vendredi: Fermé | samedi: 10:00–17:00"
7489,"Hydra","dimanche: 08:30–16:30 | lundi: 08:30–16:30 | mardi: 08:30–16:30 | mercredi: 08:30–16:30 | jeudi: 08:30–16:30 | vendredi: Fermé | samedi: 08:30–16:30"
749,"Mostaganem","dimanche: 08:00–17:00"
7490,"Bordj El Kiffan","dimanche: 09:00–17:00"
7491,"Béni Messous","dimanche: 09:00–19:00"
7492,"Douera","Non renseigné"
7493,"Bab Ezzouar","dimanche: 09:00–19:00"
7494,"Ain El Turk","Non renseigné"
7495,"Ain El Turk","Non renseigné"
7496,"Dar El Beïda","dimanche: Fermé"
7497,"Bachdjerah","dimanche: 08:00–12:0014:00–16:30 | lundi: 08:00–12:0014:00–16:30 | mardi: 08:00–12:0014:00–16:30 | mercredi: 08:00–12:0014:00–16:30 | jeudi: Fermé | vendredi: Fermé | samedi: 08:00–12:00"
7498,"Bachdjerah","dimanche: 08:00–16:30"
7499,"Bab El Oued","dimanche: 08:30–19:00"
75,"Batna","dimanche: 08:00–17:00"
750,"Mostaganem","dimanche: 09:00–17:00 | lundi: 09:00–17:00 | mardi: 09:00–17:00 | mercredi: 09:00–17:00 | jeudi: Fermé | vendredi: Fermé | samedi: 09:00–17:00"
7500,"Hydra","dimanche: 09:00–22:00"
7501,"Annaba","dimanche: 08:00–16:00"
7502,"S11","dimanche: Ouvert 24h/24"
7503,"Draria","dimanche: Ouvert 24h/24"
7504,"Algiers","dimanche: 10:00–15:00"
7505,"Alger Centre","Non renseigné"
7506,"Douera","dimanche: 08:00–14:30"
7507,"bordj El kiffance","dimanche: 09:00–16:00"
7508,"Bordj El Bahri","dimanche: 09:00–16:00 | lundi: 09:00–16:00 | mardi: 09:00–16:00 | mercredi: 09:00–16:00 | jeudi: Fermé | vendredi: Fermé | samedi: 09:00–16:00"
7509,"Mohammadia","dimanche: 09:00–17:00"
751,"Mostaganem","dimanche: 09:00–17:00"
7510,"Saoula","dimanche: 08:00–16:00"
7511,"El Bouni","dimanche: 08:00–17:30"
7512,"Douéra","dimanche: 08:00–23:00"
7513,"Mohammadia","dimanche: 09:00–12:0014:00–16:00"
7514,"Alger Centre","dimanche: 08:30–17:00"
7515,"","dimanche: 09:00–16:00"
7516,"Dely Ibrahim","dimanche: 08:00–20:00"
7517,"Douéra","Non renseigné"
7518,"El Mouradia","dimanche: 08:30–17:00"
7519,"Ben Aknoun","dimanche: 08:30–16:30"
752,"Mostaganem","Non renseigné"
7520,"Ben Aknoun","dimanche: 08:30–16:30"
7521,"Cité  lgts Q28 29","dimanche: 09:00–17:00"
7522,"Gué de Constantine","dimanche: 08:30–16:00"
7523,"El Harrach","dimanche: Ouvert 24h/24"
7524,"Alger Centre","dimanche: 09:00–20:00"
7525,"Douera","dimanche: 09:00–17:00"
7526,"Chéraga","dimanche: 09:00–21:00"
7527,"El Tarf","dimanche: 08:00–15:30 | lundi: 08:00–15:30 | mardi: 08:00–15:30 | mercredi: 08:00–15:30 | jeudi: 08:00–14:00 | vendredi: Fermé | samedi: 08:00–15:30"
7528,"Bab Ezzouar","dimanche: 09:00–17:00"
7529,"Birkhadem","dimanche: Ouvert 24h/24"
753,"Mazagran","dimanche: 09:00–17:00"
7530,"Birkhadem","dimanche: 09:00–14:00"
7531,"Bordj El Kiffan","dimanche: 08:30–16:30"
7532,"Mohammadia","dimanche: 09:00–12:0013:00–21:00"
7533,"Bab Ezzouar","Non renseigné"
7534,"Dely Ibrahim","dimanche: 09:00–22:00"
7535,"Khraicia","dimanche: 08:30–16:00"
7536,"Draria","dimanche: Fermé"
7537,"El Achour","dimanche: 08:30–18:30"
7538,"","dimanche: 08:30–19:30"
7539,"Khraicia","dimanche: 09:00–18:00"
754,"Mostaganem","Non renseigné"
7540,"Baba Hassen","dimanche: 08:00–18:00"
7541,"Mohamed Belouizdad","dimanche: 09:00–15:00"
7542,"Baraki","dimanche: 08:30–18:00"
7543,"Dely Ibrahim","dimanche: 09:00–16:00"
7544,"Pl. du 1er Mai","dimanche: 08:00–17:00"
7545,"Dely Ibrahim","dimanche: 09:00–17:00"
7546,"Bab Ezzouar","dimanche: 08:30–18:00"
7547,"Dely Ibrahim","dimanche: 08:30–00:00"
7548,"Draria","dimanche: 08:30–16:00"
7549,"Bordj El Bahri","dimanche: 08:30–16:30"
755,"Sidi Ali","dimanche: 09:00–17:00"
7550,"Chéraga","Non renseigné"
7551,"berazouanes","dimanche: 09:00–16:30"
7552,"Bab El Oued","Non renseigné"
7553,"Douéra","dimanche: 08:00–16:00"
7554,"Khraicia","dimanche: 08:30–21:00"
7555,"Hydra","dimanche: Ouvert 24h/24"
7556,"Oran","dimanche: 09:00–17:00 | lundi: 09:00–17:00 | mardi: 09:00–17:00 | mercredi: 09:00–17:00 | jeudi: 09:00–17:00 | vendredi: Fermé | samedi: 09:00–17:00"
7557,"Bir Mourad Raïs","dimanche: 10:00–15:00 | lundi: 10:00–15:00 | mardi: 10:00–15:00 | mercredi: 10:00–15:00 | jeudi: 10:00–15:00 | vendredi: Fermé | samedi: 10:00–15:00"
7558,"Gué de Constantine","dimanche: 08:00–15:30"
7559,"Bab Azzoune Bt-23","dimanche: 09:00–17:00"
756,"Mostaganem","dimanche: 09:00–12:0014:00–18:00"
7560,"Bachdjerah","dimanche: 08:00–17:00 | lundi: 08:00–17:00 | mardi: 08:00–17:00 | mercredi: 08:00–17:00 | jeudi: 08:00–17:00 | vendredi: 08:00–12:15 | samedi: 08:00–14:00"
7561,"Aïn Taya","dimanche: 08:30–17:00"
7562,"Aïn Taya","Non renseigné"
7563,"Gué de Constantine","dimanche: 09:00–17:00"
7564,"Baraki","dimanche: 09:00–16:30 | lundi: Fermé | mardi: 09:00–16:30 | mercredi: 09:00–16:30 | jeudi: 09:00–16:30 | vendredi: Fermé | samedi: 09:00–16:30"
7565,"Bab El Oued","dimanche: 09:00–15:00"
7566,"Baraki","dimanche: Fermé"
7567,"Sidi MHamed","dimanche: 09:30–16:30"
7568,"Sidi Aïch","Non renseigné"
7569,"9 RUE AHMED HAMZAOUI (EX RUE CAMILLE PELLETAN) TELEMLY","dimanche: 09:00–16:00"
757,"Ouargla","dimanche: 08:00–17:30 | lundi: 08:00–17:30 | mardi: 08:00–17:30 | mercredi: 08:00–17:30 | jeudi: 08:00–17:30 | vendredi: 08:00–17:30 | samedi: 08:00–17:30"
7570,"Dély Ibrahim","Non renseigné"
7571,"Gdyel","dimanche: 09:00–16:00"
7572,"Rouïba","dimanche: 08:30–16:00"
7573,"Rouïba","dimanche: 08:00–16:00"
7574,"Draria","Non renseigné"
7575,"Dely Ibrahim","dimanche: 09:30–23:00"
7576,"Baraki","Non renseigné"
7577,"Bordj El Kiffan","dimanche: 09:00–16:30"
7578,"Boghni","dimanche: 07:30–17:00"
7579,"Kouba","Non renseigné"
758,"Cité des 72 Ain El Bey،","dimanche: 09:30–16:30 | lundi: 09:30–16:30 | mardi: 09:30–16:30 | mercredi: 09:30–16:30 | jeudi: 09:30–16:30 | vendredi: Fermé | samedi: Fermé"
7580,"Chéraga","dimanche: 09:00–16:00"
7581,"Oran","dimanche: 09:00–15:30"
7582,"El Achour","Non renseigné"
7583,"El Achour","dimanche: 09:00–14:00"
7584,"Hydra","dimanche: 09:00–17:00"
7585,"Bordj El Bahri","dimanche: 08:30–16:30"
7586,"Bab Ezzouar","dimanche: 09:00–16:30"
7587,"Bab Ezzouar","dimanche: 09:00–17:00"
7588,"Bachdjerah","Non renseigné"
7589,"El Harrach","dimanche: 07:30–15:00"
759,"Béjaïa","dimanche: 08:00–17:00 | lundi: 08:00–17:00 | mardi: 08:00–17:00 | mercredi: 08:00–17:00 | jeudi: 08:00–17:00 | vendredi: Fermé | samedi: 08:00–17:00"
7590,"Beni Ourtilane","dimanche: 08:00–16:00"
7591,"Bir Mourad Raïs","dimanche: 09:00–18:00"
7592,"Gué de Constantine","dimanche: 09:00–17:00"
7593,"Oran","Non renseigné"
7594,"Kouba","dimanche: 09:00–18:00"
7595,"Saoula","Non renseigné"
7596,"Bouzareah","dimanche: 09:00–21:00"
7597,"oued tiza","dimanche: 09:00–16:00"
7598,"Sour El-Ghozlane","dimanche: 07:30–16:30"
7599,"Baraki","dimanche: 08:00–16:30"
76,"carteaux","dimanche: Ouvert 24h/24"
760,"Alger Centre","dimanche: 09:00–15:00"
7600,"Draria","dimanche: 10:00–22:00"
7601,"Kouba","dimanche: 09:00–17:00"
7602,"","dimanche: 08:30–16:30"
7603,"Aïn Taya","dimanche: 08:30–16:30 | lundi: 08:30–16:30 | mardi: 08:30–16:30 | mercredi: 08:30–16:30 | jeudi: 08:30–16:30 | vendredi: Fermé | samedi: 08:30–16:30"
7604,"Aïn Taya","dimanche: Ouvert 24h/24 | lundi: Ouvert 24h/24 | mardi: Ouvert 24h/24 | mercredi: Ouvert 24h/24 | jeudi: Ouvert 24h/24 | vendredi: Ouvert 24h/24 | samedi: Ouvert 24h/24"
7605,"","dimanche: 08:30–16:30"
7606,"Kouba","dimanche: 08:00–17:00 | lundi: 08:00–17:00 | mardi: 08:00–17:00 | mercredi: 08:00–17:00 | jeudi: 08:00–17:00 | vendredi: 08:00–12:00 | samedi: Fermé"
7607,"Hydra","dimanche: 09:00–15:00"
7608,"Annaba","dimanche: 08:30–16:00"
7609,"Bachdjerah bt 38 cage 7 RDC sortie metro BACHDJARRAH","dimanche: 08:00–13:00 | lundi: 08:00–13:00 | mardi: 08:00–13:00 | mercredi: 08:00–13:00 | jeudi: Fermé | vendredi: Fermé | samedi: 08:00–13:00"
761,"Tlemcen","dimanche: 09:00–17:00"
7610,"Bab El Oued","dimanche: 09:00–20:00"
7611,"Chéraga","dimanche: 09:00–20:00"
7612,"Aïn Taya","Non renseigné"
7613,"Dar El Beïda","dimanche: 09:00–19:00"
7614,"Bir Mourad Raïs","dimanche: 08:30–17:00"
7615,"Alger Centre","dimanche: 09:00–17:30"
7616,"Route du Petit Staouali، Chéraga","Non renseigné"
7617,"Chéraga","dimanche: 09:00–18:00"
7618,"Bab Ezzouar","dimanche: 08:30–23:00"
7619,"El Hammamet","dimanche: 09:00–17:00"
762,"Tlemcen","Non renseigné"
7620,"Kouba","Non renseigné"
7621,"Rouïba","dimanche: 13:00–14:00"
7622,"Oran","Non renseigné"
7623,"Hussein Dey","Non renseigné"
7624,"Draria","Non renseigné"
7625,"Draria","dimanche: 09:00–20:00"
7626,"Baraki","Non renseigné"
7627,"Bir Mourad Raïs","dimanche: 09:00–17:00"
7628,"Hydra","dimanche: 08:00–16:00"
7629,"Hydra","dimanche: 08:00–16:00"
763,"Tlemcen","dimanche: 09:00–15:30"
7630,"El Magharia","dimanche: 09:00–17:00"
7631,"Zéralda","dimanche: 09:00–17:00"
7632,"Gué de Constantine","dimanche: 09:00–14:00"
7633,"Chéraga","dimanche: 09:00–20:00"
7634,"Kouba","dimanche: 09:00–17:00"
7635,"Kouba","dimanche: 09:00–17:00 | lundi: 09:00–17:00 | mardi: 09:00–17:00 | mercredi: 09:00–17:00 | jeudi: 09:00–12:00 | vendredi: Fermé | samedi: 09:00–17:00"
7636,"Baba Hassen","dimanche: 08:00–20:00"
7637,"Alger Centre","dimanche: 08:30–16:30"
7638,"Baba Hassen","dimanche: 09:00–19:00"
7639,"Baba Hassen","dimanche: 09:00–16:30"
764,"Tlemcen","dimanche: 09:00–18:00"
7640,"Gué de Constantine","Non renseigné"
7641,"Saoula","dimanche: Ouvert 24h/24"
7642,"Bab El Oued","Non renseigné"
7643,"Mahelma","dimanche: 09:00–16:00"
7644,"Birkhadem","dimanche: 08:30–16:00"
7645,"Mahelma","dimanche: 08:30–17:00"
7646,"Alger Centre","dimanche: 09:00–17:30"
7647,"El Magharia","dimanche: 09:00–22:00"
7648,"Cité 720","dimanche: 09:00–18:00"
7649,"Rue Aroui Miloud، Oued Rhiou","dimanche: 08:00–15:30"
765,"damerdji","dimanche: 09:30–16:30"
7650,"Cité les frères belatar lotissement 105","Non renseigné"
7651,"Kouba","dimanche: 09:00–16:00"
7652,"El Kerma","dimanche: 09:00–21:00"
7653,"Rue Mezzi Hamid، Saoula","dimanche: 08:30–16:30"
7654,"Mohammadia","dimanche: 08:00–16:00"
7655,"Bab Ezzouar","dimanche: 08:30–16:00"
7656,"Lot 01 groupe propriétaire","dimanche: 09:30–19:00"
7657,"Bouzareah","dimanche: 09:00–00:00"
7658,"Dar El Beïda","dimanche: 09:30–13:00"
7659,"Dar El Beïda","dimanche: 09:30–13:00"
766,"نهج أول نوفمبرBoulevard 1er Novembre،","Non renseigné"
7660,"Draria","dimanche: 09:00–14:00"
7661,"El Mouradia","Non renseigné"
7662,"Chéraga","dimanche: 09:00–19:00"
7663,"Kouba","dimanche: 09:00–18:00"
7664,"Bordj El Bahri","dimanche: 08:30–17:00"
7665,"Oran","dimanche: 08:30–17:00"
7666,"Baraki","dimanche: 09:00–22:00"
7667,"Chéraga","Non renseigné"
7668,"Aïn Taya","dimanche: 08:00–21:00"
7669,"Kouba","dimanche: 08:00–17:00"
767,"hartoun","dimanche: 08:00–16:30"
7670,"Aïn Benian","dimanche: 10:30–18:00"
7671,"Draria","dimanche: 08:00–17:00"
7672,"Réghaïa","dimanche: Ouvert 24h/24"
7673,"Kouba","Non renseigné"
7674,"El Biar","dimanche: 09:00–14:00"
7675,"El Biar","dimanche: 09:00–14:00"
7676,"Douera","dimanche: 09:00–21:00"
7677,"Mohammadia","dimanche: 09:00–15:00"
7678,"Bordj El Bahri","dimanche: 08:30–16:30"
7679,"Bordj El Bahri","dimanche: 08:30–17:00"
768,"Tlemcen","dimanche: 09:00–18:00"
7680,"","dimanche: 08:30–17:30"
7681,"Ben Aknoun","dimanche: 09:00–17:00"
7682,"Bou Saada","dimanche: 08:00–12:0013:00–17:00"
7683,"Douera","dimanche: 09:00–17:00"
7684,"Kouba","dimanche: 09:00–19:00"
7685,"Bab Ezzouar","Non renseigné"
7686,"Kouba","dimanche: 07:00–16:30"
7687,"El Biar","dimanche: 10:30–20:00"
7688,"Ouled Fayet","dimanche: 08:00–16:00"
7689,"Bir Mourad Raïs","Non renseigné"
769,"Mansourah","dimanche: 09:00–17:00"
7690,"Chéraga","dimanche: 08:00–16:00"
7691,"El Harrach","dimanche: 09:00–17:00"
7692,"Berrahal","dimanche: 07:30–16:00"
7693,"Bordj El Kiffan","dimanche: Ouvert 24h/24"
7694,"El Biar","Non renseigné"
7695,"Bachdjerah","Non renseigné"
7696,"Bourouba","Non renseigné"
7697,"Alger Centre","dimanche: 08:00–16:30"
7698,"Alger Centre","dimanche: 10:00–02:00 | lundi: 10:00–02:00 | mardi: 10:00–02:00 | mercredi: 10:00–02:00 | jeudi: 10:00–02:00 | vendredi: Fermé | samedi: 10:00–02:00"
7699,"Ferdjioua","dimanche: 08:00–22:00"
77,"Mostaganem","dimanche: 08:00–15:00"
770,"Tlemcen","dimanche: 08:30–18:00"
7700,"Bir El Djir","dimanche: 09:00–18:00"
7701,"Bab Ezzouar","dimanche: 09:00–17:00"
7702,"Ouled Fayet","dimanche: 09:00–17:00 | lundi: 09:00–17:00 | mardi: 09:00–17:00 | mercredi: 09:00–17:00 | jeudi: 09:00–17:00 | vendredi: 09:00–17:00 | samedi: 09:00–17:00"
7703,"Saoula","dimanche: 09:00–15:00 | lundi: 09:00–15:00 | mardi: 09:00–15:00 | mercredi: 09:00–15:00 | jeudi: 09:00–15:00 | vendredi: Fermé | samedi: 09:00–15:00"
7704,"Gué de Constantine","dimanche: 09:00–22:00"
7705,"Belouizdad","dimanche: 08:00–16:00 | lundi: 08:00–16:00 | mardi: Fermé | mercredi: 08:00–16:00 | jeudi: 08:00–16:00 | vendredi: Fermé | samedi: Fermé"
7706,"Bordj El Bahri","Non renseigné"
7707,"Kouba","Non renseigné"
7708,"Aïn Taya","Non renseigné"
7709,"Berrouaghia","dimanche: 09:00–15:00"
771,"Oran","dimanche: Fermé"
7710,"Es Sénia","dimanche: 09:00–13:00"
7711,"Belouizdad","dimanche: 09:00–18:00"
7712,"Aïn El Turk","dimanche: 09:00–18:00"
7713,"Ouled Fayet","dimanche: 09:30–17:00"
7714,"Ouled Fayet","dimanche: 08:00–16:00"
7715,"Dar El Beïda","dimanche: 08:00–16:00"
7716,"Aïn Taya","dimanche: 09:00–15:00"
7717,"Bab Ezzouar","dimanche: 10:00–17:30"
7718,"Alger","dimanche: 09:00–16:00"
7719,"Chéraga","dimanche: 08:00–17:30"
772,"Oran","Non renseigné"
7720,"Chéraga","dimanche: 08:00–17:30"
7721,"Dar El Beïda","Non renseigné"
7722,"Dely Ibrahim","dimanche: 09:00–23:00"
7723,"Belouizdad","Non renseigné"
7724,"Baba Hassen","dimanche: Ouvert 24h/24"
7725,"Draria","dimanche: 09:00–16:30"
7726,"Bir Mourad Raïs","dimanche: 08:00–16:00"
7727,"Dar El Beïda","dimanche: 08:00–16:00"
7728,"Bordj El Kiffan","dimanche: 08:30–17:30"
7729,"Alger Centre","dimanche: 09:00–17:00"
773,"Oran","dimanche: 09:00–19:00"
7730,"Alger Centre","dimanche: 09:00–17:00"
7731,"Sougueur","dimanche: 09:00–16:00 | lundi: 09:00–16:00 | mardi: 09:00–16:00 | mercredi: 09:00–16:00 | jeudi: 09:00–16:00 | vendredi: Fermé | samedi: 09:00–16:00"
7732,"Baraki","dimanche: 08:00–16:00 | lundi: 08:00–16:00 | mardi: 08:00–16:00 | mercredi: 08:00–16:00 | jeudi: 08:00–16:00 | vendredi: Fermé | samedi: 08:00–16:00"
7733,"Baba Hassen","dimanche: 09:00–17:00"
7734,"Draria","dimanche: 08:30–17:00"
7735,"Hydra","dimanche: 09:00–18:00"
7736,"Algérie،","dimanche: 08:00–20:00"
7737,"Baraki","dimanche: 08:30–17:00"
7738,"Belouizdad","dimanche: 08:00–12:0013:00–16:30 | lundi: 08:00–12:0013:00–16:30 | mardi: 08:00–12:0013:00–16:30 | mercredi: 08:00–12:0013:00–16:30 | jeudi: Fermé | vendredi: Fermé | samedi: 08:00–12:00"
7739,"Bordj El Kiffan","dimanche: 07:00–22:00"
774,"Tlemcen","dimanche: 08:00–16:30"
7740,"Bordj El Kiffan","dimanche: 07:00–22:00"
7741,"Zéralda","dimanche: 09:00–16:00"
7742,"El Achour","dimanche: 08:30–16:00"
7743,"Chéraga","dimanche: 08:30–20:00"
7744,"Rouiba","dimanche: 08:00–16:00"
7745,"El Kerma","dimanche: 08:00–18:00"
7746,"Douera","dimanche: 08:00–18:00"
7747,"Dely Ibrahim","dimanche: 09:00–18:00"
7748,"Alger Centre","dimanche: 09:00–19:00"
7749,"Birkhadem","dimanche: 09:30–16:30"
775,"Tlemcen","dimanche: 08:00–16:00"
7750,"Bab El Oued","dimanche: 09:00–18:00 | lundi: 09:00–18:00 | mardi: 09:00–18:00 | mercredi: 09:00–18:00 | jeudi: 09:00–12:00 | vendredi: Fermé | samedi: 09:00–18:00"
7751,"Hussein Dey","Non renseigné"
7752,"El Madania","Non renseigné"
7753,"El Madania","dimanche: 09:00–18:00"
7754,"Oran","Non renseigné"
7755,"Draria","dimanche: 08:00–17:00"
7756,"Bab Ezzouar","dimanche: 08:30–22:00"
7757,"Bab Ezzouar","dimanche: 09:00–17:00"
7758,"Draria","dimanche: 09:00–19:00"
7759,"Douéra","dimanche: 08:30–17:00"
776,"Bir El Djir","dimanche: 08:30–17:00"
7760,"Birkhadem","dimanche: 08:30–23:00"
7761,"Bir Mourad Raïs","dimanche: 08:00–18:30"
7762,"El Hammamet","dimanche: 08:00–19:00"
7763,"Khraicia","dimanche: 09:00–16:30"
7764,"Aïn Benian","dimanche: 09:00–16:30"
7765,"Bouzareah","dimanche: 09:00–14:00 | lundi: 09:00–14:00 | mardi: 09:00–14:00 | mercredi: 09:00–14:00 | jeudi: 09:00–12:30 | vendredi: Fermé | samedi: 09:00–14:00"
7766,"Kouba","dimanche: Ouvert 24h/24"
7767,"Kouba","Non renseigné"
7768,"Es Senia","dimanche: 09:00–21:00"
7769,"rdc","dimanche: 09:00–17:00"
777,"Bir El Djir","dimanche: 09:00–17:00"
7770,"Dely Ibrahim","dimanche: 09:00–17:00"
7771,"Baraki","Non renseigné"
7772,"Jolie Vue 2، Kouba","dimanche: 09:00–16:00"
7773,"Kouba","dimanche: 09:00–12:0013:00–16:00"
7774,"Bordj El Bahri","dimanche: 08:00–17:00"
7775,"Douera","dimanche: 09:00–18:00"
7776,"Dely Ibrahim","dimanche: 08:30–18:30"
7777,"Larbatache","dimanche: 08:30–17:30"
7778,"Bouzareah","dimanche: 09:00–17:00 | lundi: 09:00–17:00 | mardi: 09:00–17:00 | mercredi: 09:00–17:00 | jeudi: 09:00–17:00 | vendredi: Fermé | samedi: 09:00–17:00"
7779,"Bab Ezzouar","dimanche: 08:30–19:00"
778,"Misserghin","dimanche: 08:30–22:00"
7780,"Baba Hassen","dimanche: 09:00–17:00"
7781,"Draria","dimanche: 08:30–19:00"
7782,"Ben Aknoun","dimanche: 08:30–16:30"
7783,"Bab Ezzouar","dimanche: 09:00–17:00"
7784,"Baraki","dimanche: 09:00–18:00"
7785,"Hussein Dey","dimanche: Ouvert 24h/24"
7786,"Baba Hassen","Non renseigné"
7787,"Mahelma","dimanche: 09:00–23:00"
7788,"Aïn Oussara","dimanche: 08:00–16:00"
7789,"Dar El Beïda","dimanche: 08:30–17:00"
779,"Mostaganem","dimanche: 08:30–16:00"
7790,"","dimanche: 08:30–18:00 | lundi: 08:30–18:00 | mardi: 08:30–18:00 | mercredi: 08:30–18:00 | jeudi: 08:30–18:00 | vendredi: Fermé | samedi: 08:30–18:00"
7791,"Birkhadem","dimanche: 09:00–17:00 | lundi: 09:00–17:00 | mardi: 09:00–17:00 | mercredi: 09:00–17:00 | jeudi: 09:00–17:00 | vendredi: Fermé | samedi: 09:00–17:00"
7792,"Chéraga","dimanche: 09:00–19:00"
7793,"Chéraga","dimanche: 09:00–00:00"
7794,"Bordj El Bahri","Non renseigné"
7795,"El Aouana","dimanche: 08:00–17:00"
7796,"Souidania","dimanche: 08:30–16:30"
7797,"Souidania","dimanche: 08:30–16:30"
7798,"Sidi MHamed","dimanche: 08:00–18:00 | lundi: 08:00–18:00 | mardi: 08:00–18:00 | mercredi: 08:00–18:00 | jeudi: 08:00–18:00 | vendredi: Fermé | samedi: 08:00–18:00"
7799,"Sidi MHamed","dimanche: 08:00–18:00"
78,"Bir El Djir","dimanche: 09:00–16:00"
780,"02 cité 40 logements BT 1 Salah boulkeroua","Non renseigné"
7800,"Bordj El Kiffan","dimanche: 09:00–23:00"
7801,"Bachdjerah 3","dimanche: 08:00–15:30"
7802,"Gué de Constantine","dimanche: 08:00–17:00"
7803,"Ferdjioua","dimanche: 08:00–17:00"
7804,"Baraki","dimanche: 08:00–16:00"
7805,"Baba Hassen","Non renseigné"
7806,"El Bouni","dimanche: 09:00–17:00"
7807,"Dély Ibrahim","dimanche: 09:00–21:00"
7808,"Bir Mourad Raïs","dimanche: 09:00–16:00"
7809,"cité 8 mai 45 Bab ezzouar Alger Alger DZ،","dimanche: Ouvert 24h/24"
781,"El Hadjar","Non renseigné"
7810,"Mohammadia","dimanche: 09:00–21:00"
7811,"Gdyel","dimanche: 08:00–21:00"
7812,"Baraki","dimanche: 08:00–18:00"
7813,"Bir El Djir","dimanche: 09:00–20:00"
7814,"Oran","dimanche: 08:30–17:30 | lundi: 08:30–17:30 | mardi: 08:30–17:30 | mercredi: 08:30–17:30 | jeudi: 08:30–17:30 | vendredi: Fermé | samedi: 08:30–17:30"
7815,"El Harrach","dimanche: 09:00–18:00"
7816,"Draria","dimanche: 08:00–17:00"
7817,"Oued Tlélat","dimanche: Ouvert 24h/24"
7818,"El Biar","dimanche: 09:00–00:00"
7819,"Bordj El Kiffan","dimanche: 09:00–18:00"
7820,"Annaba","dimanche: 08:00–15:00"
7821,"Boudemagh Messaoud، Chéraga","dimanche: 11:00–16:00"
7822,"Baraki","dimanche: 08:30–17:00"
7823,"Gdyel","dimanche: 08:00–16:00"
7824,"Hydra","dimanche: 09:00–17:00"
7825,"Maghnia","dimanche: 08:00–17:00 | lundi: 08:00–17:00 | mardi: 08:00–12:00 | mercredi: 08:00–17:00 | jeudi: 08:00–17:00 | vendredi: Fermé | samedi: Fermé"
7826,"Beni Messous","dimanche: 08:00–17:00"
7827,"Bordj El Bahri","dimanche: 09:00–16:30"
7828,"Baba Hassen","dimanche: 08:30–17:00"
7829,"Draria","Non renseigné"
783,"Annaba","Non renseigné"
7830,"Ouled Fayet","dimanche: Ouvert 24h/24"
7831,"Baba Hassen","dimanche: 09:00–21:00"
7832,"Bir Mourad Raïs","Non renseigné"
7833,"Chéraga","dimanche: 08:00–00:00 | lundi: 08:00–00:00 | mardi: 08:00–00:00 | mercredi: 08:00–00:00 | jeudi: 08:00–00:00 | vendredi: 08:00–00:00 | samedi: 08:00–00:00"
7834,"El Harrach","dimanche: 08:00–18:00"
7835,"Annaba","dimanche: 09:00–17:00"
7836,"Baraki","dimanche: 09:00–16:00"
7837,"Sidi MHamed","dimanche: 09:00–15:00"
7838,"Hammedi","dimanche: 09:00–16:00"
7839,"Bourouba","dimanche: 08:00–16:00 | lundi: 08:00–16:00 | mardi: 08:00–16:00 | mercredi: 08:00–16:00 | jeudi: Fermé | vendredi: Fermé | samedi: 08:00–16:00"
784,"El Bouni","dimanche: 08:00–20:00"
7840,"","Non renseigné"
7841,"Bachdjerrah","Non renseigné"
7842,"Chéraga","dimanche: 08:30–16:30"
7843,"Chéraga","dimanche: 08:30–16:30"
7844,"El Biar","dimanche: 08:00–17:00"
7845,"Annaba","dimanche: 08:00–18:00"
7846,"Oran","dimanche: 08:30–16:00"
7847,"Dar El Beïda","dimanche: 08:00–16:30"
7848,"Dar El Beïda","dimanche: 08:30–17:00"
7849,"Koléa","dimanche: 09:00–16:00"
785,"62 نهج مصطفى بن بولعيد، عنابة‎،","Non renseigné"
7850,"Dar El Beïda","dimanche: 08:00–18:30"
7851,"","Non renseigné"
7852,"El Biar","dimanche: 10:00–18:00"
7853,"Bouzareah","dimanche: 08:30–17:00 | lundi: 08:30–17:00 | mardi: 08:30–17:00 | mercredi: 08:30–17:00 | jeudi: 08:30–17:00 | vendredi: Fermé | samedi: 08:30–17:00"
7854,"Bab Ezzouar","dimanche: 08:00–16:00"
7855,"El Biar","dimanche: 09:30–00:00"
7856,"Baba Hassen","dimanche: 08:30–22:30"
7857,"Birkhadem","dimanche: 08:00–20:00"
7858,"EL MALHA","dimanche: 08:30–15:00"
7859,"Birkhadem","dimanche: 08:00–16:00"
786,"Annaba","dimanche: 07:00–17:00"
7860,"Annaba","dimanche: 08:00–23:00"
7861,"Ouled Fayet","dimanche: 08:00–17:00"
7862,"Saoula","dimanche: 08:30–17:00"
7863,"Zeralda","dimanche: 09:00–22:00"
7864,"Alger Centre","dimanche: 09:00–17:00 | lundi: 09:00–17:00 | mardi: 09:00–17:00 | mercredi: 09:00–17:00 | jeudi: 09:00–17:00 | vendredi: Fermé | samedi: 09:00–17:00"
7865,"Bir Mourad Raïs","dimanche: 08:30–15:30"
7866,"Rouïba","Non renseigné"
7867,"Draria","dimanche: 08:30–19:00"
7868,"Bordj El Kiffan","dimanche: 08:00–17:00 | lundi: 08:00–17:00 | mardi: 08:00–17:00 | mercredi: 08:00–17:00 | jeudi: 08:00–17:00 | vendredi: Fermé | samedi: 08:00–17:00"
7869,"Baraki","dimanche: 08:30–16:30"
7870,"El Hadjar","dimanche: 09:00–17:00"
7871,"Kouba","dimanche: 08:30–22:00"
7872,"Bouzareah","dimanche: 08:30–17:00"
7873,"Bab Ezzouar","dimanche: 09:00–18:00"
7874,"Dely Ibrahim","dimanche: 09:00–16:00"
7875,"Tidjelabine","dimanche: 09:00–17:00"
7876,"Bir El Djir","dimanche: 08:30–17:00"
7877,"Oran","dimanche: 09:00–17:00"
7878,"Oran","dimanche: 08:30–19:00"
7879,"Annaba","dimanche: Ouvert 24h/24"
788,"Annaba","Non renseigné"
7880,"Kouba","dimanche: 09:00–19:00"
7881,"Baraki","dimanche: 09:00–18:00"
7882,"Aïn Benian","dimanche: 09:00–16:00"
7883,"Aïn Taya","Non renseigné"
7884,"Chéraga","dimanche: 09:00–21:30"
7885,"Sidi MHamed","Non renseigné"
7886,"Q3G5+43P","dimanche: 09:00–17:00"
7887,"","dimanche: 08:30–00:00"
7888,"Aïn El Turk","dimanche: 09:00–17:30"
7889,"Annaba","dimanche: 08:00–17:00"
7890,"Souidania","Non renseigné"
7891,"Bab Ezzouar","dimanche: 09:00–16:00"
7892,"Boumerdès","dimanche: 08:00–17:00"
7893,"Oued Koriche","Non renseigné"
7894,"Medjana","dimanche: 08:00–17:00"
7895,"Mohammadia","dimanche: 08:00–17:00"
7896,"Mohammadia","dimanche: 08:00–17:00"
7897,"Es Senia","dimanche: 08:30–17:30"
7898,"Béni Messous","dimanche: 09:00–17:00"
7899,"Bir El Djir","dimanche: 09:00–17:00"
79,"Mostaganem","dimanche: 08:00–17:00 | lundi: 08:00–17:00 | mardi: 08:00–17:00 | mercredi: 08:00–17:00 | jeudi: 08:00–17:00 | vendredi: Fermé | samedi: 08:00–17:00"
790,"Annaba","dimanche: 08:30–17:00"
7900,"Bab Ezzouar","dimanche: 09:00–16:00"
7901,"Birtouta","dimanche: 09:00–17:00"
7902,"Bab Ezzouar","dimanche: 09:00–17:00 | lundi: 09:00–17:00 | mardi: 09:00–17:00 | mercredi: 09:00–17:00 | jeudi: 09:00–17:00 | vendredi: 14:00–19:00 | samedi: 09:00–17:00"
7903,"Oran","dimanche: 09:00–16:30"
7904,"Oran","dimanche: 09:00–17:00"
7905,"El Mouradia","dimanche: 08:00–15:00"
7906,"Rouïba","dimanche: 06:30–17:00"
7907,"Oran","Non renseigné"
7908,"Bouzareah","dimanche: 09:00–17:00"
7909,"Bouzareah","dimanche: 09:00–17:00"
791,"Annaba","dimanche: 08:00–16:00"
7910,"Baraki","dimanche: 09:00–14:00"
7911,"Hussein Dey","dimanche: 09:00–16:30"
7912,"Chéraga","dimanche: 09:00–21:00"
7913,"Mohamed Belouizdad","dimanche: Ouvert 24h/24"
7914,"Hussein Dey","Non renseigné"
7915,"Khraicia","dimanche: 08:30–16:00"
7916,"Annaba","dimanche: 08:30–17:00"
7917,"Draria","dimanche: 09:00–18:00"
7918,"Dar El Beïda","dimanche: 09:00–22:00"
7919,"Mostaganem","Non renseigné"
792,"Annaba","Non renseigné"
7920,"Baraki","dimanche: 09:00–17:00 | lundi: 09:00–17:00 | mardi: 09:00–17:00 | mercredi: 09:00–17:00 | jeudi: 09:00–13:00 | vendredi: Fermé | samedi: 09:00–17:00"
7921,"Bab Ezzouar","dimanche: 08:00–16:30"
7922,"Bordj El Kiffan","Non renseigné"
7923,"Bab Ezzouar","dimanche: 08:30–23:00"
7924,"Aïn Témouchent","dimanche: 08:30–16:30 | lundi: 08:30–16:30 | mardi: 08:30–16:30 | mercredi: 08:30–16:30 | jeudi: 08:30–14:00 | vendredi: Fermé | samedi: 08:30–16:30"
7925,"Kouba","dimanche: 09:00–12:00"
7926,"Alger Baraki Houch Mihoub 695 BARAKI","dimanche: 08:00–16:0017:00–00:00"
7927,"Bordj El Kiffan","dimanche: 10:00–17:30"
7928,"","Non renseigné"
7929,"Bordj El Bahri","dimanche: 09:00–17:00"
793,"Annaba","Non renseigné"
7930,"Rouïba","dimanche: 09:00–17:00"
7931,"Cité Bachdjerah 1 bat","dimanche: 08:30–21:30"
7932,"Baraki","dimanche: 09:00–17:00"
7933,"Ouled Fayet","Non renseigné"
7934,"Chéraga","dimanche: 08:00–22:00"
7935,"Bouzareah","dimanche: 08:00–22:00"
7936,"Réghaïa","dimanche: 08:30–15:00"
7937,"Kouba","dimanche: Ouvert 24h/24"
7938,"Kouba","dimanche: 09:00–18:00"
7939,"Kouba","dimanche: 09:00–19:00"
794,"Annaba","dimanche: 08:00–16:00"
7940,"Rouïba","Non renseigné"
7941,"Zéralda","dimanche: Fermé"
7942,"Bordj El Kiffan","dimanche: 08:00–17:00"
7943,"Bab Ezzouar","dimanche: 09:00–20:00"
7944,"Dar El Beïda","dimanche: 08:30–22:30 | lundi: 08:30–22:30 | mardi: 08:30–22:30 | mercredi: 08:30–22:30 | jeudi: 08:30–22:30 | vendredi: 15:00–22:30 | samedi: 08:30–22:30"
7945,"Kouba","Non renseigné"
7946,"Saoula","dimanche: 08:00–16:00"
7947,"Oued Tlelat","dimanche: 08:00–18:30"
7948,"Gué de Constantine","dimanche: 09:00–20:00"
7949,"El Harrach","dimanche: Ouvert 24h/24"
795,"Annaba","dimanche: 09:00–17:00"
7950,"El Harrach","Non renseigné"
7951,"Baraki","dimanche: 09:00–18:00"
7952,"Ouled Hedadj","Non renseigné"
7953,"Baraki","dimanche: 08:30–17:00"
7954,"Sidi MHamed","dimanche: 09:00–20:00"
7955,"Douéra","dimanche: 07:00–17:00"
7956,"Oran","dimanche: 09:00–18:00"
7957,"Saoula","dimanche: 08:00–18:00"
7958,"Bir El Djir","dimanche: 09:00–12:0013:30–17:30 | lundi: 09:00–12:0013:30–17:30 | mardi: 09:00–12:0013:30–17:30 | mercredi: 09:00–12:0013:30–17:30 | jeudi: 09:00–12:0013:30–17:30 | vendredi: Fermé | samedi: 09:00–12:0013:30–17:30"
7959,"Bir Mourad Raïs","Non renseigné"
796,"Annaba","Non renseigné"
7960,"Oran","dimanche: 09:00–13:00"
7961,"Chéraga","dimanche: Ouvert 24h/24"
7962,"Bordj El Kiffan","dimanche: 09:00–23:00"
7963,"Bordj El Kiffan","dimanche: 09:00–23:00 | lundi: 09:00–23:00 | mardi: 09:00–23:00 | mercredi: 09:00–23:00 | jeudi: 09:00–23:00 | vendredi: 09:00–23:00 | samedi: 09:00–23:00"
7964,"Ouled Fayet","Non renseigné"
7965,"Bir El Djir","dimanche: 08:30–17:00"
7966,"Bir Mourad Raïs","dimanche: 08:00–20:00"
7967,"Sedrata","dimanche: 09:00–17:00"
7968,"Chéraga","dimanche: Fermé"
7969,"Bordj El Kiffan","dimanche: 09:00–18:00"
7970,"Dely Ibrahim","dimanche: 08:30–17:00"
7971,"Bachdjerrah","dimanche: 09:00–23:00"
7972,"Bachdjerah","dimanche: 09:00–16:00"
7973,"Hydra","dimanche: 09:00–17:00"
7974,"Birkhadem","Non renseigné"
7975,"Baraki","dimanche: 08:30–16:00"
7976,"Draria","dimanche: 09:00–17:00"
7977,"Kouba","dimanche: 09:00–17:00"
7978,"Bab Ezzouar","dimanche: 08:30–16:00"
7979,"Aïn Azel","dimanche: 08:00–16:00"
798,"Annaba","dimanche: 08:30–15:30"
7980,"Sidi MHamed","Non renseigné"
7981,"Hussein Dey","dimanche: 00:00–06:0008:00–00:00"
7982,"Hussein Dey","dimanche: 08:00–17:00"
7983,"Baba Hassen","dimanche: 09:00–18:00"
7984,"El Harrach","dimanche: 09:00–16:30"
7985,"Les Eucalyptus","Non renseigné"
7986,"Bachdjerah","dimanche: 08:00–12:00"
7987,"Rouïba","dimanche: 09:00–17:00"
7988,"Dar El Beïda","dimanche: 08:00–17:00"
7989,"ALGIERS","dimanche: 09:00–16:00"
799,"Annaba","Non renseigné"
7990,"Gué de Constantine","Non renseigné"
7991,"Douéra","dimanche: 08:00–16:00"
7992,"Draria","dimanche: 08:30–23:00"
7993,"Oran","Non renseigné"
7994,"Bordj El Kiffan","dimanche: 08:30–15:00"
7995,"Bir El Djir","dimanche: 08:00–19:00"
7996,"Gué de Constantine","dimanche: 09:00–17:00"
7997,"Chéraga","dimanche: 09:00–18:00"
7998,"Bab Ezzouar","dimanche: 09:00–18:00"
7999,"Mohamed Belouizdad","Non renseigné"
8,"Jijel","dimanche: 08:30–16:30 | lundi: 08:30–16:30 | mardi: 08:30–16:30 | mercredi: 08:30–16:30 | jeudi: Fermé | vendredi: Fermé | samedi: 08:30–16:30"
80,"Bir El Djir","dimanche: 09:00–17:00"
8000,"El Biar","dimanche: 14:00–18:00"
8001,"Ben Aknoun","dimanche: 08:00–17:00 | lundi: 08:00–17:00 | mardi: 08:00–17:00 | mercredi: 08:00–17:00 | jeudi: 08:00–17:00 | vendredi: Fermé | samedi: 08:00–17:00"
8002,"Es Senia","dimanche: 09:00–17:00"
8003,"Douera","dimanche: 09:00–18:00"
8004,"El Madania","dimanche: 07:00–23:30"
8005,"Bordj El Kiffan","dimanche: 09:00–17:00"
8006,"Bir El Djir","dimanche: 08:30–16:00"
8007,"Birkhadem","dimanche: 09:00–19:00"
8008,"Bir Mourad Raïs","dimanche: 09:00–23:00"
8009,"en face du lycee LIAD ALGER","dimanche: 08:30–13:00"
8010,"N°04 - Kouba Face au Ministère des Affaires Etrangères A côté de la mosquée Khaled Ibn Alwalid","dimanche: 09:00–18:00"
8011,"Bab El Oued","dimanche: 09:00–18:00"
8012,"Bir El Djir","dimanche: 09:30–16:00 | lundi: 10:00–16:00 | mardi: 09:30–16:00 | mercredi: 09:30–16:00 | jeudi: 09:30–01:30 | vendredi: Fermé | samedi: 09:30–16:00"
8013,"Aïn El Turk","dimanche: 09:00–16:00"
8014,"Mahelma","dimanche: 09:30–16:00"
8015,"Mahelma","dimanche: 09:30–16:30"
8016,"Dely Ibrahim","dimanche: 09:00–23:00"
8017,"Baraki","dimanche: 09:00–22:00"
8018,"Draria","Non renseigné"
8019,"Draria","dimanche: 08:00–19:00"
802,"Annaba","dimanche: 20:15–00:00"
8020,"Dely Ibrahim","Non renseigné"
8021,"Saoula","dimanche: 08:30–18:00"
8022,"Birkhadem","dimanche: 08:30–16:30"
8023,"Bab El Oued","dimanche: 09:00–16:00"
8024,"Dély Ibrahim","dimanche: 09:00–17:00"
8025,"Kouba","dimanche: 08:00–15:00"
8026,"Les Eucalyptus","dimanche: 09:00–17:00"
8027,"Khraicia","dimanche: 08:00–18:00"
8028,"El Hammamet","dimanche: 09:00–17:00"
8029,"Mohamed Belouizdad","Non renseigné"
803,"Guelma","dimanche: 09:00–15:00"
8030,"Bordj El Bahri","dimanche: 09:00–18:00"
8031,"Baba Hassen","dimanche: 09:00–16:00"
8032,"Bab El Oued","dimanche: 09:00–17:00"
8033,"Ouled Fayet","dimanche: 09:00–18:30"
8034,"Bab Ezzouar","dimanche: 08:30–17:00"
8035,"Bab Ezzouar","dimanche: 08:00–16:00"
8036,"Bab Ezzouar","dimanche: 09:00–16:00"
8037,"Cité Sorecal،","dimanche: 08:00–16:00"
8038,"Chéraga","dimanche: 08:00–13:00"
8039,"Kherrata","dimanche: 07:30–16:30"
804,"Guelma","dimanche: 08:00–16:00"
8040,"El Harrach","dimanche: 09:30–16:00"
8041,"Dély Ibrahim","Non renseigné"
8042,"Annaba","Non renseigné"
8043,"Drean","dimanche: Ouvert 24h/24 | lundi: Ouvert 24h/24 | mardi: Ouvert 24h/24 | mercredi: Ouvert 24h/24 | jeudi: Ouvert 24h/24 | vendredi: Ouvert 24h/24 | samedi: Ouvert 24h/24"
8044,"Belouizdad","dimanche: 08:30–17:30"
8045,"Ben Aknoun","dimanche: 08:00–20:00"
8046,"Sidi MHamed","dimanche: 07:30–17:00"
8047,"Bouzareah","Non renseigné"
8048,"Bordj El Bahri","dimanche: 09:00–18:00"
8049,"Boudouaou","dimanche: 08:00–16:00"
805,"Sétif","dimanche: 08:00–16:00"
8050,"Bouzareah","dimanche: 09:00–17:00"
8051,"Gdyel","dimanche: 08:30–16:00"
8052,"Dely Ibrahim","dimanche: 09:00–20:30"
8053,"Urba  bat 39","dimanche: 08:00–16:00"
8054,"Chéraga","dimanche: 08:00–20:00"
8055,"Mohammadia","dimanche: 08:00–16:00"
8056,"Staoueli","dimanche: Fermé"
8057,"Zeralda","dimanche: 08:30–17:00"
8058,"Oran","Non renseigné"
8059,"Dar El Beïda","dimanche: 08:30–18:00"
806,"54 - PROMOTION LAMTAI","dimanche: 08:00–16:00"
8060,"Mostaganem","dimanche: 08:00–00:00"
8061,"Oran","dimanche: 09:00–13:30"
8062,"Mohammadia","Non renseigné"
8063,"","Non renseigné"
8064,"Bourouba","dimanche: 09:00–17:00"
8065,"Kouba","dimanche: 09:00–17:00"
8066,"Bordj El Bahri","dimanche: Fermé"
8067,"Chéraga","dimanche: 09:00–18:00"
8068,"Ouled Fayet","dimanche: 09:00–15:00"
8069,"Bab Ezzouar","dimanche: 09:00–16:00"
807,"Béjaïa","dimanche: 08:30–17:00 | lundi: 08:30–17:00 | mardi: 08:30–17:00 | mercredi: 08:30–17:00 | jeudi: 08:30–17:00 | vendredi: Fermé | samedi: 08:30–14:30"
8070,"Bordj El Bahri","dimanche: 08:00–17:00"
8071,"Bordj El Bahri","dimanche: 08:00–17:00"
8072,"Dély Ibrahim","dimanche: 08:00–17:00"
8073,"Dar El Beïda","dimanche: 09:00–17:00"
8074,"Douéra","Non renseigné"
8075,"Alger Centre","dimanche: Fermé"
8076,"Sidi MHamed","dimanche: 08:00–12:0013:30–17:00"
8077,"El Achour","dimanche: 09:00–16:00"
8078,"Kouba","dimanche: 08:30–00:00"
8079,"Sidi MHamed","dimanche: 09:00–20:00"
808,"Cité des 400 logements batiment J appartement 11","dimanche: 08:30–16:30"
8080,"Hussein Dey","dimanche: 08:30–16:00"
8081,"Dély Ibrahim","dimanche: Ouvert 24h/24"
8082,"Ouled Fayet","dimanche: 08:30–14:00"
8083,"Douera","dimanche: 08:00–16:00"
8084,"Réghaïa","dimanche: Ouvert 24h/24"
8085,"Baraki","dimanche: 08:30–22:00"
8086,"Kouba","dimanche: 09:30–18:00 | lundi: 09:30–18:00 | mardi: 09:30–18:00 | mercredi: 09:30–18:00 | jeudi: 09:30–18:00 | vendredi: Fermé | samedi: 09:30–17:00"
8087,"Gué de Constantine","dimanche: 09:00–16:00"
8088,"Sidi MHamed","dimanche: 09:00–16:00 | lundi: 09:00–16:00 | mardi: 09:00–16:00 | mercredi: 09:00–16:00 | jeudi: 09:00–16:00 | vendredi: Fermé | samedi: Fermé"
8089,"","dimanche: 09:00–16:00"
809,"Jijel","dimanche: 09:00–17:30"
8090,"Bordj Bou Arreridj","dimanche: 09:00–16:0018:00–20:00"
8091,"Chéraga","dimanche: 09:00–17:00"
8092,"Hussein Dey","Non renseigné"
8093,"Bouzareah","dimanche: 09:00–17:00"
8094,"Béni Messous","dimanche: 09:00–16:30"
8095,"Oran","dimanche: 09:00–17:00 | lundi: 09:00–17:00 | mardi: 09:00–17:00 | mercredi: 09:00–17:00 | jeudi: 09:00–13:00 | vendredi: Fermé | samedi: 09:00–17:00"
8096,"Gué de Constantine","Non renseigné"
8097,"Aïn Taya","dimanche: 08:00–22:00"
8098,"Kadiria","dimanche: 07:30–18:00"
8099,"Zeraïa","Non renseigné"
81,"Blida","Non renseigné"
810,"Jijel","dimanche: 08:00–12:00 13:30–17:00"
8100,"Les Eucalyptus","dimanche: 07:00–17:00"
8101,"Birkhadem","dimanche: 09:00–17:00"
8102,"Birkhadem","dimanche: 09:00–18:00"
8103,"Ouled Fayet","dimanche: 09:00–16:30"
8104,"Douéra","dimanche: 09:00–00:00"
8105,"Es Senia","dimanche: 09:00–17:00"
8106,"Oran","dimanche: 08:30–17:00"
8107,"Kouba","dimanche: 09:00–00:00"
8108,"Casbah","dimanche: 09:00–18:00"
8109,"Kouba","Non renseigné"
811,"Jijel","dimanche: 08:30–12:0013:30–16:30 | lundi: 08:30–13:30 | mardi: 08:30–12:0013:30–16:30 | mercredi: 08:30–13:30 | jeudi: Fermé | vendredi: Fermé | samedi: 08:30–14:00"
8110,"","dimanche: Ouvert 24h/24"
8111,"Bab Ezzouar","dimanche: 09:00–19:00"
8112,"Oran","dimanche: 09:00–17:00"
8113,"","dimanche: 09:00–18:00"
8114,"Dely Ibrahim","dimanche: 09:00–21:30"
8115,"Bir El Djir","Non renseigné"
8116,"Bir El Djir","dimanche: 09:00–18:00"
8117,"cité 20 aout","dimanche: 08:30–20:00"
8118,"","Non renseigné"
8119,"Hydra","dimanche: 09:00–17:30"
812,"حي الشهداء حليمي موقف الحافلات - حي بن عاشور، حي بن عاشور، جيجل ،،","dimanche: 09:00–14:00"
8120,"Draria","Non renseigné"
8121,"Aïn El Turk","dimanche: Fermé"
8122,"Birkhadem","dimanche: 08:30–17:00"
8123,"Bouzareah","dimanche: 09:00–12:0014:00–17:00"
8124,"Douéra","dimanche: 09:00–16:30"
8125,"Skikda","dimanche: 08:30–16:30 | lundi: 08:30–16:30 | mardi: 08:30–16:30 | mercredi: 08:30–16:30 | jeudi: 08:30–16:30 | vendredi: Fermé | samedi: Fermé"
8126,"Ben Aknoun","Non renseigné"
8127,"Kouba","dimanche: 08:30–21:00 | lundi: 08:30–21:00 | mardi: 08:30–21:00 | mercredi: 08:30–21:00 | jeudi: 08:30–21:00 | vendredi: Fermé | samedi: 08:30–21:00"
8128,"Kouba","dimanche: 08:30–18:00"
8129,"Kouba","dimanche: Fermé"
813,"Jijel","Non renseigné"
8130,"Annaba","dimanche: 08:00–17:00"
8131,"Bir El Djir","dimanche: 08:00–15:00"
8132,"Bab Ezzouar","dimanche: 09:00–22:00"
8133,"El Achour","dimanche: 09:00–17:00"
8134,"Dar El Beïda","Non renseigné"
8135,"Bologhine","dimanche: 13:00–16:00"
8136,"Bologhine","dimanche: 13:00–16:00"
8137,"Berrahal","dimanche: 08:00–16:00"
8138,"Chéraga","dimanche: 08:00–17:00"
8139,"","dimanche: 09:00–17:00"
814,"Béjaïa","dimanche: 08:00–16:00 | lundi: 08:00–16:00 | mardi: 08:00–16:00 | mercredi: 08:00–16:00 | jeudi: 08:00–16:00 | vendredi: Fermé | samedi: Fermé"
8140,"Draria","dimanche: 08:30–17:00 | lundi: 08:30–17:00 | mardi: 08:30–17:00 | mercredi: 08:30–17:00 | jeudi: 08:30–17:00 | vendredi: Fermé | samedi: 08:30–17:00"
8141,"Réghaïa","dimanche: 10:00–16:30"
8142,"Zéralda","dimanche: 09:00–00:00"
8143,"Sidi MHamed","Non renseigné"
8144,"est","dimanche: 08:30–16:30"
8145,"Bachdjerah Tenis","dimanche: 08:30–16:30"
8146,"El Biar","dimanche: 09:00–21:00"
8147,"Bordj El Kiffan","dimanche: 08:30–17:30"
8148,"Les Eucalyptus","Non renseigné"
8149,"Hussein Dey","Non renseigné"
815,"Béjaïa","dimanche: 08:00–18:30"
8150,"Oran","dimanche: 09:00–17:00"
8151,"Chéraga","dimanche: 10:00–16:00"
8152,"Mohammadia","dimanche: 08:00–16:00"
8153,"Douera","dimanche: 08:00–20:00"
8154,"Sidi MHamed","dimanche: 09:00–16:00"
8155,"Alger Centre","dimanche: 09:00–17:00"
8156,"Baba Hassen","Non renseigné"
8157,"Draria","dimanche: 08:30–19:00"
8158,"Douera","dimanche: 08:30–20:00"
8159,"Kouba","dimanche: 10:00–22:00"
816,"Béjaïa","dimanche: 09:00–19:00"
8160,"Oran","dimanche: 09:00–17:00"
8161,"Baba Hassen","dimanche: 09:00–17:00"
8162,"El Bouni","dimanche: 09:00–17:00"
8163,"Bordj El Kiffan","Non renseigné"
8164,"Draria","dimanche: 09:00–16:00"
8165,"El Harrach","dimanche: 09:00–17:00"
8166,"Bordj El Bahri","dimanche: 09:00–12:00"
8167,"Oued Endja","dimanche: 09:00–16:00"
8168,"Draria","dimanche: 09:00–17:00"
8169,"Chéraga","dimanche: 08:30–16:00"
817,"Béjaïa","dimanche: Ouvert 24h/24"
8170,"Bab El Oued","Non renseigné"
8171,"Aïn Benian","dimanche: 08:30–15:00 | lundi: 08:30–15:00 | mardi: 08:30–15:00 | mercredi: 08:30–15:00 | jeudi: Fermé | vendredi: Fermé | samedi: 08:30–15:00"
8172,"Kouba","dimanche: 09:00–17:00"
8173,"Algiers","dimanche: 08:30–16:30"
8174,"Kouba","dimanche: 09:00–17:00"
8175,"Kouba","dimanche: Fermé"
8176,"Bordj El Bahri","dimanche: 08:00–16:00"
8177,"","Non renseigné"
8178,"Baraki","dimanche: 08:00–12:0013:00–17:00"
8179,"rez-de-chaussée","dimanche: 08:30–18:00"
818,"Béjaïa","Non renseigné"
8180,"Birkhadem","dimanche: 09:00–18:00"
8181,"Baraki","dimanche: 09:00–16:00"
8182,"Birkhadem","dimanche: 07:00–21:00"
8183,"Kouba","Non renseigné"
8184,"Bab Ezzouar","dimanche: 09:00–16:30 | lundi: 09:00–16:30 | mardi: 09:00–16:30 | mercredi: 09:00–16:30 | jeudi: 09:00–14:00 | vendredi: Fermé | samedi: 09:00–16:30"
8185,"Bab Ezzouar","dimanche: 09:00–15:00"
8186,"Les Eucalyptus","dimanche: 08:00–16:00"
8187,"Les Eucalyptus","Non renseigné"
8188,"Oued Koriche","dimanche: 09:00–20:00"
8189,"Oued Koriche","dimanche: 09:00–20:00"
819,"Béjaïa","dimanche: 08:00–19:00"
8190,"Ouled Fayet","dimanche: 08:00–18:00"
8191,"Saoula","Non renseigné"
8192,"Mahelma","dimanche: 09:30–15:30"
8193,"Bab Ezzouar","dimanche: 09:00–12:0013:30–18:00"
8194,"El Achour","dimanche: 09:00–17:00"
8195,"Kouba","dimanche: 09:00–17:00 | lundi: 09:00–17:00 | mardi: 09:00–11:00 | mercredi: 09:00–17:00 | jeudi: 09:00–17:00 | vendredi: Fermé | samedi: 09:00–11:00"
8196,"Kaous","dimanche: 09:30–14:30"
8197,"Médéa","Non renseigné"
8198,"Douéra","dimanche: Ouvert 24h/24"
8199,"Douéra","dimanche: 08:30–16:30"
82,"Blida","dimanche: 09:00–17:00"
820,"Rue Mahfoudi Fatah Béjaïa DZ،","dimanche: 08:30–12:30"
8200,"","dimanche: 07:30–17:00"
8201,"","dimanche: 07:30–17:00"
8202,"","dimanche: 08:30–16:00"
8203,"","dimanche: 08:00–13:00"
8204,"","dimanche: 09:00–17:00 | lundi: 09:00–17:00 | mardi: 09:00–17:00 | mercredi: 09:00–17:00 | jeudi: Fermé | vendredi: Fermé | samedi: 09:00–17:00"
8205,"","Non renseigné"
8206,"","dimanche: 09:00–22:00 | lundi: 09:00–22:00 | mardi: 09:00–22:00 | mercredi: 09:00–22:00 | jeudi: 09:00–22:00 | vendredi: 14:00–22:00 | samedi: 09:00–22:00"
8207,"","dimanche: 09:00–16:00"
8208,"","dimanche: 00:00–17:3020:30–00:00"
8209,"","dimanche: 08:30–16:00 | lundi: 08:30–16:00 | mardi: 08:30–16:00 | mercredi: 08:30–16:00 | jeudi: Fermé | vendredi: Fermé | samedi: 08:30–16:00"
821,"Béjaïa","dimanche: 08:00–22:00"
8210,"","dimanche: 09:00–17:00"
8211,"","dimanche: 09:00–15:00"
8212,"","dimanche: 08:00–12:0013:30–17:00"
8213,"","Non renseigné"
8214,"","dimanche: 09:00–16:00"
8215,"","dimanche: 08:30–16:00"
8216,"","dimanche: 08:00–13:30"
8217,"","dimanche: 08:00–13:30"
8218,"","Non renseigné"
8219,"","Non renseigné"
822,"Béjaïa","dimanche: 08:30–17:00"
8220,"","Non renseigné"
8221,"","dimanche: 09:00–16:00 | lundi: 09:00–16:00 | mardi: 09:00–16:00 | mercredi: 09:00–16:00 | jeudi: 09:00–16:00 | vendredi: Fermé | samedi: 09:00–16:00"
8222,"","Non renseigné"
8223,"","dimanche: 08:00–12:0013:00–16:00"
8224,"","dimanche: 08:30–00:00"
8225,"","dimanche: 08:30–18:00"
8226,"","Non renseigné"
8227,"","Non renseigné"
8228,"","dimanche: Ouvert 24h/24"
8229,"","dimanche: Ouvert 24h/24"
823,"Béjaïa","Non renseigné"
8230,"","dimanche: Ouvert 24h/24"
8231,"","dimanche: 09:00–16:00"
8232,"","dimanche: 08:30–16:30"
8233,"","dimanche: 09:00–20:00"
8234,"","dimanche: 07:00–17:30"
8235,"","dimanche: 08:30–18:00"
8236,"","dimanche: 09:00–18:00"
8237,"","dimanche: 09:30–23:00"
8238,"","dimanche: 09:00–17:00"
8239,"","dimanche: 09:00–16:30"
824,"Béjaïa","Non renseigné"
8240,"","dimanche: 08:30–19:00"
8241,"","dimanche: 09:00–20:00"
8242,"","dimanche: 09:00–20:00"
8243,"","dimanche: 08:30–18:00"
8244,"","dimanche: 08:30–16:30"
8245,"","dimanche: 08:00–23:00"
8246,"","dimanche: 09:00–17:00"
8247,"","dimanche: 09:00–15:00"
8248,"","dimanche: 08:30–22:00 | lundi: 08:30–22:00 | mardi: 08:30–22:00 | mercredi: 08:30–22:00 | jeudi: 08:30–22:00 | vendredi: 09:30–11:3014:30–20:00 | samedi: 08:30–22:00"
8249,"","Non renseigné"
825,"Béjaïa","dimanche: Ouvert 24h/24"
8250,"","Non renseigné"
8251,"","dimanche: Fermé"
8252,"","dimanche: 08:00–16:00"
8253,"","dimanche: 09:00–20:00 | lundi: 09:00–20:00 | mardi: 09:00–20:00 | mercredi: 09:00–20:00 | jeudi: 09:00–20:00 | vendredi: Fermé | samedi: 09:00–20:00"
8254,"","dimanche: 09:00–16:00"
8255,"","dimanche: 09:00–18:00"
8256,"","dimanche: 09:00–17:00"
8257,"","dimanche: 09:00–13:00"
8258,"","dimanche: 08:00–12:0014:00–17:00"
8259,"","dimanche: 08:00–16:00"
826,"Batna","Non renseigné"
8260,"","dimanche: 09:00–17:30"
8261,"","dimanche: 08:00–00:00"
8262,"","dimanche: 09:30–17:00"
8263,"","dimanche: 08:00–17:00"
8264,"","dimanche: 08:00–17:13"
8265,"","dimanche: 09:00–18:00"
8266,"","dimanche: 08:00–18:00"
8267,"","dimanche: 01:00–18:30"
8268,"","Non renseigné"
8269,"","Non renseigné"
827,"Batna","dimanche: 07:00–17:00"
8270,"","dimanche: 08:00–12:0015:00–18:30"
8271,"","dimanche: 10:00–17:00"
8272,"","dimanche: 09:00–15:00"
8273,"","dimanche: 09:00–18:00"
8274,"","Non renseigné"
8275,"","dimanche: 08:30–16:00"
8276,"","dimanche: 09:30–17:30"
8277,"","dimanche: 09:00–16:00 | lundi: 09:00–16:00 | mardi: 09:00–16:00 | mercredi: 09:00–16:00 | jeudi: 09:00–13:00 | vendredi: Fermé | samedi: 09:00–16:00"
8278,"","dimanche: 09:00–17:00"
8279,"","dimanche: 08:30–17:00"
828,"Batna","dimanche: 08:00–15:00"
8280,"","dimanche: 09:00–12:0013:00–16:00"
8281,"","dimanche: 09:00–17:00"
8282,"","dimanche: 09:00–16:00"
8283,"","dimanche: 09:00–18:00"
8284,"","dimanche: 09:00–17:00"
8285,"","dimanche: 08:30–21:00"
8286,"","dimanche: 10:00–16:30"
8287,"","dimanche: 08:30–16:30"
8288,"","dimanche: 08:00–13:00"
8289,"","dimanche: 08:00–13:00"
829,"Batna","Non renseigné"
8290,"","dimanche: 09:00–14:00"
8291,"","dimanche: 08:30–17:00"
8292,"","Non renseigné"
8293,"","dimanche: 09:00–17:00 | lundi: 09:00–17:00 | mardi: 09:00–17:00 | mercredi: 09:00–17:00 | jeudi: 09:00–17:00 | vendredi: Fermé | samedi: 09:00–17:00"
8294,"","dimanche: 07:00–20:00"
8295,"","Non renseigné"
8296,"","dimanche: 09:00–18:00"
8297,"","dimanche: 09:00–17:00"
8298,"","dimanche: Fermé | lundi: Fermé | mardi: Fermé | mercredi: Fermé | jeudi: Fermé | vendredi: Fermé | samedi: 08:30–16:30"
8299,"","Non renseigné"
83,"Tlemcen","dimanche: 08:00–17:00 | lundi: 08:00–17:00 | mardi: 08:00–17:00 | mercredi: 08:00–17:00 | jeudi: 08:00–13:00 | vendredi: Fermé | samedi: 08:00–17:00"
8300,"","Non renseigné"
8301,"","dimanche: 09:00–16:00"
8302,"","dimanche: 08:30–20:00"
8303,"","dimanche: 08:30–16:00"
8304,"","dimanche: 09:00–19:00"
8305,"","dimanche: 08:30–20:00"
8306,"","dimanche: Fermé"
8307,"","dimanche: 09:00–17:00"
8308,"","dimanche: 09:00–18:00"
8309,"","Non renseigné"
831,"Batna","Non renseigné"
8310,"","dimanche: 09:00–20:00"
8311,"","dimanche: 09:00–23:00"
8312,"","Non renseigné"
8313,"","dimanche: 08:30–12:0013:30–16:00"
8314,"","dimanche: 08:30–20:00"
8315,"","dimanche: 09:00–16:30"
8316,"","dimanche: 08:00–18:00"
8317,"","dimanche: 08:00–17:00"
8318,"","dimanche: 07:30–16:30"
8319,"","Non renseigné"
832,"Batna","dimanche: 08:00–19:00 | lundi: 08:00–19:00 | mardi: 08:00–19:00 | mercredi: 08:00–19:00 | jeudi: 08:00–19:00 | vendredi: Fermé | samedi: 08:00–19:00"
8320,"","dimanche: 08:00–16:00"
8321,"","dimanche: 09:00–17:00"
8322,"","dimanche: 09:00–17:00"
8323,"","dimanche: 09:00–16:00"
8324,"","dimanche: 08:30–19:00"
8325,"","dimanche: 09:00–16:30"
8326,"","dimanche: 09:00–17:00"
8327,"","dimanche: 09:00–17:00"
8328,"","dimanche: 09:00–12:0013:00–16:00"
8329,"","dimanche: 08:00–05:00"
8330,"","dimanche: 10:00–19:00 | lundi: 10:00–19:00 | mardi: 10:00–19:00 | mercredi: 10:00–19:00 | jeudi: 10:00–19:00 | vendredi: 10:00–19:00 | samedi: 10:00–19:00"
8331,"","Non renseigné"
8332,"","dimanche: 08:00–16:00"
8333,"","dimanche: 08:00–16:00"
8334,"","Non renseigné"
8335,"","dimanche: 09:00–16:00"
8336,"","dimanche: 08:30–16:30 | lundi: 08:30–16:30 | mardi: 08:30–16:30 | mercredi: 08:30–16:30 | jeudi: 08:30–15:30 | vendredi: Fermé | samedi: 08:30–16:30"
8337,"","Non renseigné"
8338,"","dimanche: 09:00–17:00"
8339,"","dimanche: 09:00–17:00"
834,"Batna","dimanche: 09:00–16:30"
8340,"","dimanche: 09:30–16:00"
8341,"","dimanche: 09:00–19:00"
8342,"","Non renseigné"
8343,"","dimanche: 08:00–16:30"
8344,"","dimanche: 09:00–16:00"
8345,"","dimanche: 09:00–20:00"
8346,"","dimanche: 08:30–17:00"
8347,"","dimanche: 00:00–08:0008:30–18:00"
8348,"","dimanche: 08:00–17:00"
8349,"","Non renseigné"
835,"Sétif","Non renseigné"
8350,"","dimanche: 08:30–16:00"
8351,"","Non renseigné"
8352,"","dimanche: 09:00–20:00 | lundi: 09:00–20:00 | mardi: 09:00–20:00 | mercredi: 09:00–20:00 | jeudi: 09:00–20:00 | vendredi: Fermé | samedi: 09:00–20:00"
8353,"","dimanche: 08:00–17:00"
8354,"","dimanche: 09:00–17:00"
8355,"","dimanche: 08:00–17:00"
8356,"","dimanche: 09:00–16:00"
8357,"","dimanche: 08:00–22:00"
8358,"","dimanche: 08:30–19:30"
8359,"","dimanche: 07:30–18:00"
836,"Batna","dimanche: 09:30–15:00"
8360,"","dimanche: 09:00–17:00"
8361,"","Non renseigné"
8362,"","dimanche: 09:00–18:00"
8363,"","dimanche: 08:00–16:30"
8364,"","dimanche: 08:00–16:00"
8365,"","dimanche: 08:30–17:00"
8366,"","dimanche: 09:00–16:00"
8367,"","Non renseigné"
8368,"","dimanche: 09:00–18:30"
8369,"","dimanche: 09:00–16:30"
8370,"","Non renseigné"
8371,"","Non renseigné"
8372,"","dimanche: 09:00–20:00"
8373,"","dimanche: 09:00–17:00"
8374,"","dimanche: 08:00–16:00"
8375,"","dimanche: 08:00–18:00"
8376,"","dimanche: 08:00–17:30"
8377,"","Non renseigné"
8378,"","dimanche: Ouvert 24h/24"
8379,"","dimanche: 08:30–17:30"
838,"Batna","dimanche: 08:00–17:00"
8380,"","dimanche: Ouvert 24h/24"
8381,"","dimanche: 08:00–16:00"
8382,"","dimanche: 08:00–16:00"
8383,"","dimanche: 08:00–17:00"
8384,"","dimanche: 09:00–17:00"
8385,"","dimanche: 08:00–19:00"
8386,"","dimanche: 08:30–16:30"
8387,"","Non renseigné"
8388,"","dimanche: 08:30–16:30"
8389,"","dimanche: 09:00–17:00"
8390,"","dimanche: 08:00–16:30"
8391,"","dimanche: 09:30–17:00"
8392,"","dimanche: 08:30–17:00"
8393,"","dimanche: 07:00–16:00"
8394,"","dimanche: 09:00–17:00"
8395,"","dimanche: 09:00–16:00 | lundi: 09:00–16:00 | mardi: 09:00–16:00 | mercredi: 09:00–16:00 | jeudi: 09:00–16:00 | vendredi: Fermé | samedi: 09:00–16:00"
8396,"","dimanche: 09:00–17:00 | lundi: 09:00–17:00 | mardi: 09:00–17:00 | mercredi: 09:00–17:00 | jeudi: 09:00–17:00 | vendredi: Fermé | samedi: 09:00–17:00"
8397,"","dimanche: 08:30–17:00"
8398,"","dimanche: 09:00–17:00"
8399,"","Non renseigné"
84,"Mostaganem","dimanche: 08:00–18:00"
8400,"","Non renseigné"
8401,"","Non renseigné"
8402,"","dimanche: 08:30–18:00 | lundi: 08:30–13:00 | mardi: 08:30–18:00 | mercredi: 08:30–18:00 | jeudi: 08:30–18:00 | vendredi: Fermé | samedi: 08:30–18:00"
8403,"","dimanche: 08:30–18:00"
8404,"","dimanche: 08:00–17:00 | lundi: 08:00–17:00 | mardi: 08:00–17:00 | mercredi: 08:00–17:00 | jeudi: 08:00–12:00 | vendredi: Fermé | samedi: 08:00–17:00"
8405,"","dimanche: 09:00–15:00"
8406,"","dimanche: 08:00–22:00"
8407,"","dimanche: 09:00–18:00"
8408,"","Non renseigné"
8409,"","dimanche: 08:30–16:30 | lundi: 08:30–16:30 | mardi: 08:30–16:30 | mercredi: 08:30–16:30 | jeudi: 08:30–16:30 | vendredi: Fermé | samedi: 08:30–16:30"
8410,"","dimanche: 08:30–16:00"
8411,"","dimanche: 09:00–17:00"
8412,"","dimanche: 08:00–16:00"
8413,"","dimanche: Ouvert 24h/24"
8414,"","Non renseigné"
8415,"","dimanche: 08:30–16:30"
8416,"","Non renseigné"
8417,"","dimanche: 08:00–16:30"
8418,"","dimanche: 09:00–00:00"
8419,"","dimanche: 08:00–17:00"
842,"El Oued","dimanche: 08:00–17:00"
8420,"","dimanche: 08:30–18:00"
8421,"","Non renseigné"
8422,"","dimanche: 10:00–18:00"
8423,"","Non renseigné"
8424,"","Non renseigné"
8425,"","Non renseigné"
8426,"","dimanche: 08:30–12:0013:00–17:00"
8427,"","dimanche: 09:00–17:00"
8428,"","dimanche: 08:00–16:00"
8429,"","dimanche: 09:00–15:00"
8430,"","dimanche: 08:00–21:00"
8431,"","dimanche: 08:00–12:00"
8432,"","dimanche: 07:00–13:00"
8433,"","Non renseigné"
8434,"","dimanche: 09:00–18:00 | lundi: 09:00–18:00 | mardi: 09:00–18:00 | mercredi: 09:00–18:00 | jeudi: 09:00–18:00 | vendredi: Fermé | samedi: 09:00–18:00"
8435,"","Non renseigné"
8436,"","dimanche: Ouvert 24h/24"
8437,"","dimanche: 09:00–17:00"
8438,"","dimanche: 08:00–17:00"
8439,"","dimanche: 09:30–16:30"
8440,"","dimanche: 08:30–16:30"
8441,"","dimanche: 09:00–19:00"
8442,"","dimanche: 08:00–20:00"
8443,"","dimanche: 08:00–20:00"
8444,"","dimanche: 08:30–17:00"
8445,"","dimanche: 08:30–17:00"
8446,"","dimanche: 08:30–16:30"
8447,"","dimanche: 10:00–16:00"
8448,"","dimanche: 09:00–21:00 | lundi: 09:00–21:00 | mardi: 09:00–21:00 | mercredi: 09:00–21:00 | jeudi: 09:00–21:00 | vendredi: 09:00–21:00 | samedi: 09:00–21:00"
8449,"","dimanche: 08:30–22:30"
845,"Constantine","Non renseigné"
8450,"","dimanche: 08:00–17:00"
8451,"","dimanche: 08:00–18:00"
8452,"","dimanche: 08:00–16:00"
8453,"","dimanche: 08:00–16:00"
8454,"","dimanche: 09:00–17:00"
8455,"","dimanche: 09:00–17:00 | lundi: 09:00–17:00 | mardi: 09:00–17:00 | mercredi: 09:00–17:00 | jeudi: 09:00–17:00 | vendredi: Fermé | samedi: 09:00–17:00"
8456,"","dimanche: 08:00–17:00"
8457,"","dimanche: 08:00–18:00"
8458,"","Non renseigné"
8459,"","dimanche: 08:30–18:00"
846,"Constantine","dimanche: 08:00–16:00 | lundi: 08:00–16:00 | mardi: 08:00–16:00 | mercredi: 08:00–16:00 | jeudi: 08:00–12:00 | vendredi: Fermé | samedi: 08:00–12:00"
8460,"","dimanche: 09:00–17:00"
8461,"","dimanche: 09:00–18:00"
8462,"","dimanche: 09:00–14:30"
8463,"","dimanche: 09:00–18:00"
8464,"","dimanche: 08:30–16:30"
8465,"","dimanche: 09:00–17:00"
8466,"","Non renseigné"
8467,"","dimanche: 09:00–15:30"
8468,"","dimanche: 08:00–17:00"
8469,"","dimanche: 09:00–17:00"
8470,"","dimanche: 08:00–17:00"
8471,"","dimanche: 09:00–17:00"
8472,"","Non renseigné"
8473,"","dimanche: 08:00–20:00"
8474,"","dimanche: 09:00–19:00 | lundi: 09:00–19:00 | mardi: 09:00–19:00 | mercredi: 09:00–19:00 | jeudi: 09:00–19:00 | vendredi: Fermé | samedi: 09:00–19:00"
8475,"","Non renseigné"
8476,"","dimanche: 08:30–17:00"
8477,"","Non renseigné"
8478,"","dimanche: 08:00–15:00"
8479,"","dimanche: 08:30–18:00"
848,"Constantine","dimanche: 08:00–16:00"
8480,"","dimanche: 08:30–16:00"
8481,"","dimanche: 09:00–20:00"
8482,"","dimanche: 09:00–17:00"
8483,"","Non renseigné"
8484,"","Non renseigné"
8485,"","dimanche: 09:00–17:00"
8486,"","dimanche: 08:06–04:20"
8487,"","dimanche: 08:00–16:00"
8488,"","dimanche: 09:00–17:00"
8489,"","dimanche: 09:00–17:00"
849,"Constantine","Non renseigné"
8490,"","dimanche: 09:00–17:00"
8491,"","dimanche: 08:30–16:30"
8492,"","dimanche: 08:30–15:30"
8493,"","dimanche: 08:00–21:00"
8494,"","dimanche: 08:30–16:00"
8495,"","dimanche: Ouvert 24h/24"
8496,"","dimanche: 08:30–17:00 | lundi: 08:30–17:00 | mardi: 08:30–17:00 | mercredi: 08:30–17:00 | jeudi: 08:30–17:00 | vendredi: Fermé | samedi: Fermé"
8497,"","Non renseigné"
8498,"","dimanche: 08:00–17:00"
8499,"","dimanche: 10:00–16:00"
850,"Le Khroub","Non renseigné"
8500,"","dimanche: 10:00–17:00"
8501,"","dimanche: 09:00–21:00"
8502,"","dimanche: 09:00–23:00"
8503,"","dimanche: 08:30–22:00"
8504,"","dimanche: 09:00–18:00"
8505,"","Non renseigné"
8506,"","dimanche: 08:30–16:30"
8507,"","dimanche: 09:00–19:00"
8508,"","Non renseigné"
8509,"","dimanche: 09:00–16:00"
8510,"","dimanche: 09:00–17:00"
8511,"","dimanche: 09:00–20:00"
8512,"","dimanche: 09:00–16:00"
8513,"","Non renseigné"
8514,"","dimanche: 08:00–16:30"
8515,"","dimanche: 10:00–16:00 | lundi: 10:00–16:00 | mardi: 10:00–16:00 | mercredi: 10:00–16:00 | jeudi: Fermé | vendredi: Fermé | samedi: 10:00–16:00"
8516,"","dimanche: 08:30–17:00 | lundi: 08:30–17:00 | mardi: 08:00–17:00 | mercredi: 08:30–12:00 | jeudi: 08:30–17:00 | vendredi: Fermé | samedi: 08:30–17:00"
8517,"","dimanche: 09:00–00:00"
8518,"","dimanche: 09:00–16:30"
8519,"","dimanche: 08:00–16:00 | lundi: 08:00–16:30 | mardi: 08:00–16:00 | mercredi: 08:00–16:00 | jeudi: 08:00–12:00 | vendredi: Fermé | samedi: 08:00–04:00"
852,"Sétif","dimanche: 08:00–15:00 | lundi: 08:00–15:00 | mardi: 08:00–15:00 | mercredi: 08:00–15:00 | jeudi: Fermé | vendredi: Fermé | samedi: 08:00–15:00"
8520,"","dimanche: 09:00–17:00"
8521,"","dimanche: 09:00–17:00"
8522,"","Non renseigné"
8523,"","Non renseigné"
8524,"","dimanche: 08:00–04:00"
8525,"","dimanche: 09:00–16:00 | lundi: 09:00–16:00 | mardi: 09:00–16:00 | mercredi: 09:00–16:00 | jeudi: Fermé | vendredi: Fermé | samedi: 09:00–16:00"
8526,"","dimanche: 08:00–16:00"
8527,"","dimanche: 08:00–15:00"
8528,"","dimanche: 12:00–17:30"
8529,"","Non renseigné"
853,"Jijel","dimanche: 09:00–18:00"
8530,"","Non renseigné"
8531,"","Non renseigné"
8532,"","dimanche: 08:00–17:00"
8533,"","dimanche: 09:00–14:00"
8534,"","dimanche: 08:00–17:00"
8535,"","Non renseigné"
8536,"","dimanche: 09:00–20:30"
8537,"","dimanche: 09:00–17:00 | lundi: 09:00–17:00 | mardi: 09:00–17:00 | mercredi: 09:00–17:00 | jeudi: Fermé | vendredi: Fermé | samedi: 09:00–17:00"
8538,"","dimanche: 09:30–20:00"
8539,"","dimanche: 08:00–18:00"
854,"Jijel","dimanche: 08:00–16:00"
8540,"","dimanche: 09:00–16:00"
8541,"","dimanche: 09:00–16:00"
8542,"","Non renseigné"
8543,"","dimanche: 09:00–22:00"
8544,"","dimanche: 08:00–16:00"
8545,"","dimanche: 08:00–16:00"
8546,"","Non renseigné"
8547,"","dimanche: Ouvert 24h/24"
8548,"","dimanche: 08:29–17:00"
8549,"","dimanche: 09:00–16:00"
855,"El Oued","dimanche: 09:00–16:00 | lundi: 09:00–16:00 | mardi: 09:00–16:00 | mercredi: 09:00–16:00 | jeudi: 09:00–16:00 | vendredi: Fermé | samedi: 09:00–16:00"
8550,"","Non renseigné"
8551,"","dimanche: 08:00–00:00"
8552,"","dimanche: 09:00–18:00"
8553,"","dimanche: 09:00–23:00"
8554,"","Non renseigné"
8555,"","dimanche: 08:00–17:00"
8556,"","dimanche: 08:00–22:00"
8557,"","dimanche: Ouvert 24h/24 | lundi: Ouvert 24h/24 | mardi: Ouvert 24h/24 | mercredi: Ouvert 24h/24 | jeudi: Ouvert 24h/24 | vendredi: Ouvert 24h/24 | samedi: Ouvert 24h/24"
8558,"","dimanche: 09:00–19:30"
8559,"","dimanche: 09:00–00:00"
856,"El Oued","dimanche: 07:00–20:00"
8560,"","dimanche: 09:30–16:30"
8561,"","dimanche: 08:30–15:30"
8562,"","dimanche: 09:00–21:00"
8563,"","dimanche: 08:30–17:00"
8564,"","dimanche: 09:00–16:00"
8565,"","dimanche: Ouvert 24h/24"
8566,"","dimanche: 09:00–17:00"
8567,"","dimanche: 09:00–17:00"
8568,"","dimanche: Ouvert 24h/24"
8569,"","dimanche: Ouvert 24h/24"
857,"Aïn Smara","dimanche: 08:00–12:30"
8570,"","dimanche: 08:30–16:30"
8571,"","Non renseigné"
8572,"","dimanche: 08:00–17:00"
8573,"","dimanche: 09:30–16:00"
8574,"","Non renseigné"
8575,"","dimanche: 08:00–23:30"
8576,"","dimanche: 08:00–17:00"
8577,"","dimanche: 09:00–14:00 | lundi: 09:00–14:00 | mardi: 09:00–14:00 | mercredi: 09:00–14:00 | jeudi: Fermé | vendredi: Fermé | samedi: 09:00–14:00"
8578,"","dimanche: 08:30–17:00"
8579,"","dimanche: 09:00–22:00"
858,"El Khroub","dimanche: 08:00–16:00"
8580,"","dimanche: 08:30–18:00"
8581,"","dimanche: 09:00–17:30"
8582,"","dimanche: 08:30–18:30"
8583,"","dimanche: 09:30–17:00"
8584,"","dimanche: 08:30–23:00"
8585,"","dimanche: 09:00–17:30"
8586,"","dimanche: 09:00–20:00"
8587,"","dimanche: Ouvert 24h/24"
8588,"","dimanche: Ouvert 24h/24"
8589,"","dimanche: 08:00–16:00"
859,"Béjaïa","Non renseigné"
8590,"","dimanche: 08:30–16:00"
8591,"","dimanche: 08:00–17:30"
8592,"","dimanche: 08:30–17:30"
8593,"","dimanche: 09:00–17:00"
8594,"","dimanche: 08:30–17:00"
8595,"","Non renseigné"
8596,"","dimanche: 09:00–12:0014:00–17:30"
8597,"","dimanche: 08:00–16:00"
8598,"","dimanche: 08:00–17:00"
8599,"","dimanche: 08:00–19:00"
860,"Béjaïa","dimanche: 08:30–16:00"
8600,"","dimanche: 09:00–00:00"
8601,"","dimanche: 08:30–17:00"
8602,"","Non renseigné"
8603,"","dimanche: Ouvert 24h/24"
8604,"","dimanche: 09:00–21:00 | lundi: 09:00–21:00 | mardi: 09:00–21:00 | mercredi: 09:00–21:00 | jeudi: 09:00–21:00 | vendredi: 14:00–22:00 | samedi: 09:00–21:00"
8605,"","dimanche: 09:00–17:00"
8606,"","Non renseigné"
8607,"","dimanche: 09:00–16:00"
8608,"","dimanche: 09:00–16:00"
8609,"","dimanche: 08:30–20:30"
861,"Béjaïa","dimanche: 09:00–12:00"
8610,"","dimanche: 08:00–20:00 | lundi: 08:00–20:00 | mardi: 08:00–20:00 | mercredi: 08:00–20:00 | jeudi: 08:00–20:00 | vendredi: Fermé | samedi: 08:00–20:00"
8611,"","dimanche: 08:30–17:00"
8612,"","Non renseigné"
8613,"","dimanche: 08:00–17:00"
8614,"","dimanche: 09:00–18:00"
8615,"","Non renseigné"
8616,"","dimanche: 09:00–17:00"
8617,"","dimanche: 08:00–00:00 | lundi: 08:00–00:00 | mardi: 09:00–17:00 | mercredi: 08:00–00:00 | jeudi: Fermé | vendredi: Fermé | samedi: 08:00–00:00"
8618,"","Non renseigné"
8619,"","dimanche: 09:00–17:00"
8620,"","dimanche: 09:00–18:00"
8621,"","dimanche: 09:00–17:00"
8622,"","Non renseigné"
8623,"","Non renseigné"
8624,"","dimanche: 09:00–17:00"
8625,"","dimanche: 08:00–16:00"
8626,"","dimanche: 08:30–18:30"
8627,"","dimanche: 08:30–16:00"
8628,"","dimanche: 08:30–19:00"
8629,"","Non renseigné"
863,"Batna","dimanche: 09:00–16:00"
8630,"","Non renseigné"
8631,"","Non renseigné"
8632,"","Non renseigné"
8633,"","dimanche: 09:00–17:00"
8634,"","Non renseigné"
8635,"","dimanche: 09:00–20:00"
8636,"","dimanche: Ouvert 24h/24"
8637,"","dimanche: 08:00–00:00"
8638,"","Non renseigné"
8639,"","dimanche: 09:00–17:00"
864,"Batna","dimanche: 09:00–17:00"
8640,"","dimanche: 09:00–17:00"
8641,"","dimanche: 08:00–18:00"
8642,"","Non renseigné"
8643,"","Non renseigné"
8644,"","dimanche: 08:00–17:00"
8645,"","Non renseigné"
8646,"","dimanche: Ouvert 24h/24"
8647,"","dimanche: 09:00–17:00"
8648,"","dimanche: 09:00–23:00"
8649,"","dimanche: 08:00–17:00"
865,"Ouargla","dimanche: 08:00–12:0015:30–17:30"
8650,"","dimanche: 09:30–16:30"
8651,"","dimanche: 09:00–16:00"
8652,"","dimanche: 08:30–18:00"
8653,"","dimanche: 08:00–16:30 | lundi: 08:00–16:30 | mardi: 08:00–16:30 | mercredi: 08:00–16:30 | jeudi: 08:00–16:30 | vendredi: Fermé | samedi: 08:00–16:30"
8654,"","dimanche: 09:00–17:00"
8655,"","dimanche: 09:00–15:00"
8656,"","dimanche: 08:00–16:00"
8657,"","dimanche: 07:30–18:30"
8658,"","dimanche: 08:00–05:00"
8659,"","dimanche: 08:00–17:00"
866,"Ouargla","dimanche: 07:00–18:00"
8660,"","dimanche: 09:00–17:00"
8661,"","dimanche: 09:00–15:30 | lundi: 09:00–15:30 | mardi: 09:00–15:30 | mercredi: 09:00–15:30 | jeudi: 09:00–15:30 | vendredi: Fermé | samedi: Fermé"
8662,"","dimanche: Ouvert 24h/24"
8663,"","dimanche: 08:00–17:00"
8664,"","Non renseigné"
8665,"","Non renseigné"
8666,"","dimanche: 09:30–16:30 | lundi: 09:30–16:30 | mardi: 09:30–16:30 | mercredi: 09:30–16:15 | jeudi: 09:30–16:30 | vendredi: Fermé | samedi: 09:30–16:30"
8667,"","dimanche: 09:00–18:00"
8668,"","dimanche: 08:30–12:3014:00–19:00"
8669,"","Non renseigné"
867,"el djir","dimanche: 10:00–18:00"
8670,"","dimanche: 09:00–16:00"
8671,"","dimanche: 09:00–17:30"
8672,"","dimanche: 08:30–19:00"
8673,"","dimanche: 09:00–16:00"
8674,"","dimanche: 08:30–16:00"
8675,"","Non renseigné"
8676,"","dimanche: 09:00–22:00"
8677,"","dimanche: Ouvert 24h/24"
8678,"","dimanche: 09:00–18:00"
8679,"","Non renseigné"
868,"Kouba","dimanche: 08:00–16:00"
8680,"","dimanche: 08:00–16:00"
8681,"","dimanche: 08:30–17:00"
8682,"","dimanche: 10:00–16:00"
8683,"","dimanche: 09:00–17:00"
8684,"","dimanche: 08:00–17:00"
8685,"","Non renseigné"
8686,"","dimanche: 07:00–17:00 | lundi: 07:00–17:00 | mardi: 07:00–17:00 | mercredi: 07:00–17:00 | jeudi: 07:00–17:00 | vendredi: Fermé | samedi: 07:30–17:00"
8687,"","dimanche: 08:30–17:00"
8688,"","Non renseigné"
8689,"","dimanche: 08:00–16:00"
869,"Ouled Yaïch","dimanche: 09:01–17:00 | lundi: 09:01–17:00 | mardi: 09:01–17:00 | mercredi: 09:01–17:00 | jeudi: 09:01–17:00 | vendredi: Fermé | samedi: 09:01–17:00"
8690,"","Non renseigné"
8691,"","dimanche: 08:00–16:00"
8692,"","dimanche: 09:00–17:30 | lundi: 09:00–17:30 | mardi: 09:00–17:30 | mercredi: 09:00–17:30 | jeudi: 09:00–17:30 | vendredi: Fermé | samedi: 09:00–17:30"
8693,"","dimanche: 09:00–17:00"
8694,"","Non renseigné"
8695,"","dimanche: 09:00–17:00"
8696,"","dimanche: 09:00–19:00"
8697,"","dimanche: 09:00–16:00"
8698,"","dimanche: 08:30–17:00"
8699,"","dimanche: 08:00–20:00"
87,"Jijel","Non renseigné"
870,"Blida","dimanche: 09:30–19:00"
8700,"","dimanche: 08:00–16:00"
8701,"","Non renseigné"
8702,"","dimanche: 08:00–17:00"
8703,"","dimanche: 09:00–18:00"
8704,"","dimanche: 08:30–16:00"
8705,"","dimanche: 09:00–04:30"
8706,"","dimanche: 08:30–15:00"
8707,"","dimanche: 08:00–16:30"
8708,"","dimanche: 08:00–05:00"
8709,"","dimanche: 08:00–15:00"
871,"Blida","Non renseigné"
8710,"","dimanche: 09:00–17:00"
8711,"","dimanche: 08:00–22:00"
8712,"","Non renseigné"
8713,"","dimanche: 08:00–00:00"
8714,"","dimanche: 09:00–21:00"
8715,"","dimanche: 09:00–19:00"
8716,"","Non renseigné"
8717,"","Non renseigné"
8718,"","dimanche: 08:30–17:00"
8719,"","dimanche: 08:00–17:00"
872,"Blida","dimanche: 09:00–17:00"
8720,"","dimanche: 09:00–20:00"
8721,"","dimanche: 10:00–13:0015:00–20:00"
8722,"","dimanche: 08:30–17:00"
8723,"","dimanche: 09:00–17:00"
8724,"","dimanche: 08:00–17:00"
8725,"","dimanche: 08:30–16:00"
8726,"","dimanche: 08:00–16:00"
8727,"","dimanche: 09:00–19:00"
8728,"","Non renseigné"
8729,"","dimanche: 09:00–20:00"
873,"Blida","dimanche: 11:00–23:00"
8730,"","Non renseigné"
8731,"","dimanche: 08:00–16:00"
8732,"","dimanche: 09:00–16:00"
8733,"","dimanche: 08:00–19:00"
8734,"","dimanche: 08:00–15:30"
8735,"","dimanche: 08:00–17:00"
8736,"","Non renseigné"
8737,"","dimanche: 08:30–17:00"
8738,"","dimanche: 09:00–17:00"
8739,"","dimanche: 09:00–17:00"
874,"Blida","dimanche: 09:00–16:00 | lundi: Fermé | mardi: 09:00–16:00 | mercredi: 09:00–16:00 | jeudi: Fermé | vendredi: Fermé | samedi: 09:00–16:00"
8740,"","dimanche: 08:00–18:00"
8741,"","Non renseigné"
8742,"","Non renseigné"
8743,"","dimanche: 08:30–16:00"
8744,"","dimanche: Ouvert 24h/24"
8745,"","Non renseigné"
8746,"","dimanche: 09:00–17:00"
8747,"","dimanche: 09:00–17:00"
8748,"","dimanche: 08:00–15:00"
8749,"","dimanche: 08:00–23:30"
875,"Blida","dimanche: 09:00–17:00"
8750,"","dimanche: 11:30–18:00 | lundi: 11:30–18:00 | mardi: 11:30–00:00 | mercredi: 00:00–06:0011:30–18:00 | jeudi: 11:30–18:00 | vendredi: 11:30–18:00 | samedi: 11:30–18:00"
8751,"","dimanche: 09:00–17:00"
8752,"","dimanche: 07:00–17:00"
8753,"","dimanche: 09:00–18:00"
8754,"","dimanche: 09:00–17:00"
8755,"","dimanche: 09:30–17:00 | lundi: 09:30–17:00 | mardi: 09:30–17:00 | mercredi: 09:30–17:00 | jeudi: 09:00–12:30 | vendredi: Fermé | samedi: 09:00–17:00"
8756,"","dimanche: 09:00–17:00"
8757,"","dimanche: 09:00–17:30"
8758,"","Non renseigné"
8759,"","dimanche: 09:00–16:00 | lundi: 09:00–16:00 | mardi: 09:00–16:00 | mercredi: 09:00–16:00 | jeudi: 09:00–16:00 | vendredi: Fermé | samedi: 09:00–15:00"
876,"","Non renseigné"
8760,"","dimanche: 09:00–17:00 | lundi: 09:00–17:00 | mardi: 09:00–17:00 | mercredi: 09:00–17:00 | jeudi: 09:00–17:00 | vendredi: Fermé | samedi: 09:00–17:00"
8761,"","dimanche: 09:00–18:00"
8762,"","dimanche: 09:00–16:00 | lundi: 09:00–16:00 | mardi: 09:00–16:00 | mercredi: 09:00–16:00 | jeudi: 09:00–16:00 | vendredi: Fermé | samedi: 09:00–16:00"
8763,"","dimanche: 08:30–17:30"
8764,"","dimanche: 09:00–17:00"
8765,"","dimanche: 08:00–20:00"
8766,"","dimanche: 08:00–16:00"
8767,"","dimanche: 08:00–16:30"
8768,"","dimanche: 09:00–15:30"
8769,"","dimanche: 09:00–22:00 | lundi: 09:00–22:00 | mardi: 09:00–22:00 | mercredi: 09:00–22:00 | jeudi: 09:00–22:00 | vendredi: 15:00–22:00 | samedi: 09:00–22:00"
877,"Blida","Non renseigné"
8770,"","Non renseigné"
8771,"","dimanche: Ouvert 24h/24"
8772,"","dimanche: 08:30–16:30"
8773,"","dimanche: 08:30–16:30 | lundi: 08:30–16:30 | mardi: 08:30–16:30 | mercredi: 08:30–16:30 | jeudi: 08:30–16:30 | vendredi: Fermé | samedi: 08:30–16:30"
8774,"","dimanche: 08:00–17:30"
8775,"","dimanche: 08:00–17:00 | lundi: 08:30–17:00 | mardi: 08:00–17:00 | mercredi: 08:00–17:00 | jeudi: 08:00–17:00 | vendredi: Fermé | samedi: 08:00–14:00"
8776,"","Non renseigné"
8777,"","dimanche: 09:00–17:00"
8778,"","Non renseigné"
8779,"","dimanche: 09:00–17:00"
878,"Blida","Non renseigné"
8780,"","dimanche: 09:00–18:00"
8781,"","dimanche: 08:00–20:00"
8782,"","dimanche: 09:00–16:00"
8783,"","dimanche: 08:30–16:00"
8784,"","dimanche: Ouvert 24h/24"
8785,"","dimanche: 08:00–12:0013:00–20:00"
8786,"","dimanche: 08:30–16:00"
8787,"","dimanche: 08:30–17:00"
8788,"","dimanche: 09:30–17:00"
8789,"","dimanche: 08:00–16:30"
8790,"","Non renseigné"
8791,"","dimanche: 07:30–23:30"
8792,"","dimanche: 08:30–19:00"
8793,"","dimanche: 09:00–17:00 | lundi: 09:00–17:00 | mardi: Fermé | mercredi: 09:00–17:00 | jeudi: 09:00–17:00 | vendredi: Fermé | samedi: 09:00–17:00"
8794,"","dimanche: 08:30–20:00"
8795,"","dimanche: 08:30–21:00"
8796,"","dimanche: 08:00–14:30"
8797,"","dimanche: 08:00–17:00"
8798,"","dimanche: 08:00–17:00"
8799,"","Non renseigné"
88,"Oran","dimanche: 08:30–12:00"
880,"Dar El Beïda","dimanche: 09:00–16:00"
8800,"","dimanche: 08:30–16:30"
8801,"","dimanche: 09:00–17:00"
8802,"","dimanche: 09:00–15:30"
8803,"","dimanche: 08:30–16:00"
8804,"","dimanche: 08:00–19:00"
8805,"","Non renseigné"
8806,"","dimanche: 08:00–20:00"
8807,"","dimanche: 08:00–17:00"
8808,"","dimanche: 09:00–17:00"
8809,"","dimanche: 08:00–00:00"
881,"Kouba","dimanche: 07:30–14:30"
8810,"","Non renseigné"
8811,"","dimanche: 09:00–16:30 | lundi: 09:00–16:30 | mardi: 09:00–16:30 | mercredi: 09:00–16:30 | jeudi: 09:00–16:30 | vendredi: Fermé | samedi: 09:00–16:30"
8812,"","dimanche: 09:30–18:00"
8813,"","dimanche: 09:00–21:30"
8814,"","dimanche: 09:00–19:00 | lundi: 09:00–19:00 | mardi: 09:00–19:00 | mercredi: 09:00–19:00 | jeudi: 09:00–19:00 | vendredi: Fermé | samedi: 09:00–19:00"
8815,"","dimanche: 09:00–18:00"
8816,"","dimanche: 08:30–12:0013:30–16:30"
8817,"","dimanche: Ouvert 24h/24"
8818,"","dimanche: 09:00–17:00"
8819,"","dimanche: 09:00–16:30"
882,"Bir Mourad Raïs","dimanche: 08:00–16:00 | lundi: 08:00–16:00 | mardi: 08:00–16:00 | mercredi: 08:00–16:00 | jeudi: 08:00–16:00 | vendredi: Fermé | samedi: Fermé"
8820,"","dimanche: 09:00–17:00"
8821,"","dimanche: 09:00–21:00"
8822,"","dimanche: 08:00–16:00"
8823,"","dimanche: 09:00–16:00"
8824,"","dimanche: 08:00–13:00"
8825,"","dimanche: 09:00–21:00"
8826,"","dimanche: 09:00–20:00"
8827,"","dimanche: 08:00–17:00"
8828,"","dimanche: 09:00–18:00"
8829,"","dimanche: Ouvert 24h/24"
883,"El Mouradia","dimanche: 08:00–15:00 | lundi: 08:00–15:00 | mardi: 08:00–15:00 | mercredi: 08:00–15:00 | jeudi: 08:00–15:00 | vendredi: Fermé | samedi: 08:00–14:00"
8830,"","dimanche: 09:00–19:00"
8831,"","dimanche: 09:00–18:30"
8832,"","dimanche: 09:00–17:00"
8833,"","dimanche: 09:00–18:00"
8834,"","Non renseigné"
8835,"","dimanche: 08:00–17:00"
8836,"","dimanche: 09:00–18:00 | lundi: 09:00–18:00 | mardi: 09:00–18:00 | mercredi: 09:00–18:00 | jeudi: 09:00–18:00 | vendredi: 09:00–18:00 | samedi: 09:00–18:00"
8837,"","dimanche: 09:00–18:00"
8838,"","dimanche: 09:00–16:00"
8839,"","Non renseigné"
884,"Birkhadem","dimanche: 08:30–17:30"
8840,"","dimanche: 08:00–16:00"
8841,"","dimanche: 08:30–17:30"
8842,"","dimanche: 08:00–18:00"
8843,"","dimanche: 09:00–20:00"
8844,"","Non renseigné"
8845,"","dimanche: 08:30–16:00"
8846,"","Non renseigné"
8847,"","Non renseigné"
8848,"","dimanche: 08:00–16:30"
8849,"","dimanche: 08:00–18:00"
885,"Aïn Bénian","dimanche: 07:00–17:00 | lundi: 07:00–17:00 | mardi: 07:00–17:00 | mercredi: 07:00–17:00 | jeudi: 07:00–17:00 | vendredi: Fermé | samedi: 07:00–14:00"
8850,"","dimanche: 08:30–16:00"
8851,"","dimanche: 09:00–16:00"
8852,"","dimanche: 09:00–16:00"
8853,"","dimanche: 08:00–18:00 | lundi: 08:00–18:00 | mardi: 08:00–18:00 | mercredi: 08:00–18:00 | jeudi: 08:00–18:00 | vendredi: Fermé | samedi: 08:00–18:00"
8854,"","dimanche: 08:30–16:30"
8855,"","dimanche: 09:00–17:00"
8856,"","dimanche: 09:00–18:00"
8857,"","dimanche: 08:30–15:00"
8858,"","dimanche: 09:00–17:30"
8859,"","dimanche: 08:30–17:00"
886,"Chéraga","Non renseigné"
8860,"","dimanche: 08:30–17:30"
8861,"","Non renseigné"
8862,"","dimanche: 08:30–16:30"
8863,"","dimanche: Ouvert 24h/24"
8864,"","dimanche: 08:30–17:00"
8865,"","Non renseigné"
8866,"","dimanche: 07:00–19:00"
8867,"","dimanche: 09:00–17:00"
8868,"","dimanche: 09:00–18:00"
8869,"","dimanche: 09:00–18:00"
887,"Ben Aknoun","dimanche: 08:00–12:3013:30–16:00"
8870,"","dimanche: 09:00–16:30"
8871,"","dimanche: 09:00–16:30"
8872,"","dimanche: 08:00–17:00"
8873,"","dimanche: 09:00–18:00 | lundi: 09:00–17:00 | mardi: 09:00–17:00 | mercredi: 09:00–17:00 | jeudi: 09:00–12:30 | vendredi: Fermé | samedi: 09:00–18:00"
8874,"","Non renseigné"
8875,"","dimanche: 09:00–20:00"
8876,"","dimanche: 09:00–20:00"
8877,"","dimanche: 09:00–18:30 | lundi: 09:00–18:30 | mardi: 09:00–18:30 | mercredi: 09:00–18:30 | jeudi: 09:00–18:30 | vendredi: Fermé | samedi: 09:00–18:30"
8878,"","dimanche: 09:00–18:00"
8879,"","Non renseigné"
888,"Bab El Oued","dimanche: 08:00–16:30"
8880,"","dimanche: 08:00–17:00 | lundi: 08:00–17:00 | mardi: 08:00–17:00 | mercredi: 08:00–17:00 | jeudi: 08:00–13:00 | vendredi: Fermé | samedi: 08:00–17:00"
8881,"","Non renseigné"
8882,"","dimanche: 09:00–18:00"
8883,"","dimanche: 09:00–17:00"
8884,"","dimanche: 08:30–17:00"
8885,"","dimanche: 09:00–18:00"
8886,"","Non renseigné"
8887,"","dimanche: 09:00–16:00"
8888,"","dimanche: 08:30–16:30"
8889,"","dimanche: 09:00–20:00"
8890,"","dimanche: 08:00–15:30"
8891,"","Non renseigné"
8892,"","dimanche: 08:30–16:30"
8893,"","dimanche: 08:30–15:00"
8894,"","dimanche: 09:00–16:30"
8895,"","dimanche: 09:00–16:00"
8896,"","dimanche: 08:30–16:00"
8897,"","dimanche: Ouvert 24h/24"
8898,"","dimanche: 08:00–18:00"
8899,"","dimanche: 09:00–17:00"
89,"Oran","dimanche: 09:00–18:30 | lundi: 09:00–18:30 | mardi: 09:00–18:30 | mercredi: 09:00–18:30 | jeudi: 09:00–18:30 | vendredi: Fermé | samedi: 09:00–18:30"
890,"Bab El Oued","Non renseigné"
8900,"","Non renseigné"
8901,"","dimanche: 09:00–23:00"
8902,"","dimanche: 08:30–23:00"
8903,"","dimanche: 09:00–17:00"
8904,"","dimanche: 09:00–16:00 | lundi: 09:00–16:00 | mardi: 09:00–16:00 | mercredi: 09:00–16:00 | jeudi: 09:00–16:00 | vendredi: Fermé | samedi: 09:00–16:00"
8905,"","dimanche: 09:00–17:00 | lundi: 09:00–17:00 | mardi: 09:00–17:00 | mercredi: 09:00–17:00 | jeudi: 09:00–17:00 | vendredi: Fermé | samedi: 09:00–17:00"
8906,"","Non renseigné"
8907,"","dimanche: 09:00–16:00"
8908,"","Non renseigné"
8909,"","dimanche: 09:00–17:00 | lundi: 09:00–17:00 | mardi: 09:00–17:00 | mercredi: 09:00–17:00 | jeudi: 09:00–17:00 | vendredi: Fermé | samedi: 09:00–17:00"
891,"Bab El Oued","Non renseigné"
8910,"","dimanche: 07:30–17:00"
8911,"","dimanche: 08:30–12:0014:30–18:30"
8912,"","dimanche: Ouvert 24h/24"
8913,"","dimanche: 09:00–23:00"
8914,"","dimanche: 08:00–23:30"
8915,"","dimanche: 09:00–17:00"
8916,"","dimanche: 08:00–17:00"
8917,"","Non renseigné"
8918,"","dimanche: 09:00–21:00 | lundi: 09:00–21:00 | mardi: 09:00–21:00 | mercredi: 09:00–21:00 | jeudi: 09:00–21:00 | vendredi: 09:00–21:00 | samedi: 09:00–21:00"
8919,"","dimanche: 09:00–00:00"
892,"Bab El Oued","dimanche: 08:30–16:00 | lundi: 08:30–16:00 | mardi: 08:30–16:00 | mercredi: 08:30–16:00 | jeudi: Fermé | vendredi: Fermé | samedi: 08:30–16:00"
8920,"","Non renseigné"
8921,"","Non renseigné"
8922,"","dimanche: 08:30–23:00"
8923,"","dimanche: 08:00–18:00"
8924,"","Non renseigné"
8925,"","dimanche: 08:00–17:00"
8926,"","dimanche: 09:00–17:00 | lundi: 09:00–17:00 | mardi: 09:00–17:00 | mercredi: 09:00–17:00 | jeudi: 09:00–13:00 | vendredi: Fermé | samedi: 09:00–17:00"
8927,"","Non renseigné"
8928,"","Non renseigné"
8929,"","dimanche: 08:00–18:00"
893,"Bab El Oued","dimanche: 08:30–16:15"
8930,"","dimanche: 08:00–17:00"
8931,"","dimanche: 08:30–17:00"
8932,"","dimanche: 08:00–23:00"
8933,"","dimanche: 09:30–15:30"
8934,"","dimanche: 08:30–15:30"
8935,"","dimanche: 09:00–21:00"
8936,"","dimanche: 08:30–17:30"
8937,"","dimanche: 07:00–01:00 | lundi: 07:00–01:00 | mardi: 07:00–01:00 | mercredi: 07:00–01:00 | jeudi: 07:00–01:00 | vendredi: 14:30–01:00 | samedi: 07:00–01:00"
8938,"","dimanche: 08:00–16:00 | lundi: 08:00–16:00 | mardi: 08:00–16:00 | mercredi: 08:00–16:00 | jeudi: 08:00–16:00 | vendredi: Fermé | samedi: 08:00–16:00"
8939,"","dimanche: 09:00–16:00"
894,"El Biar","dimanche: 08:00–17:00"
8940,"","dimanche: 09:00–21:00"
8941,"","dimanche: Ouvert 24h/24"
8942,"","dimanche: 08:30–17:00"
8943,"","dimanche: 09:00–17:00"
8944,"","dimanche: 09:00–17:00"
8945,"","dimanche: 08:00–16:00"
8946,"","Non renseigné"
8947,"","Non renseigné"
8948,"","dimanche: 09:00–20:00"
8949,"","dimanche: 09:00–18:00"
895,"Bab El Oued","dimanche: 08:00–18:00"
8950,"","dimanche: 08:00–23:00"
8951,"","Non renseigné"
8952,"","Non renseigné"
8953,"","dimanche: 08:00–17:00"
8954,"","Non renseigné"
8955,"","dimanche: 09:00–18:00"
8956,"","dimanche: 08:00–17:00"
8957,"","dimanche: 09:00–12:0014:00–18:00"
8958,"","Non renseigné"
8959,"","Non renseigné"
8960,"","dimanche: 10:30–18:00"
8961,"","dimanche: 09:00–20:00"
8962,"","dimanche: 09:00–16:30"
8963,"","dimanche: 08:00–17:00 | lundi: 08:00–17:00 | mardi: 08:00–17:00 | mercredi: 08:00–17:00 | jeudi: 08:00–17:00 | vendredi: 08:00–17:00 | samedi: 08:00–17:00"
8964,"","dimanche: 08:00–15:30 | lundi: 08:00–15:30 | mardi: 08:00–15:30 | mercredi: 08:00–15:30 | jeudi: 08:00–12:00 | vendredi: Fermé | samedi: 08:00–15:30"
8965,"","Non renseigné"
8966,"","dimanche: 08:00–18:00"
8967,"","dimanche: 09:00–17:00"
8968,"","dimanche: 08:00–16:30"
8969,"","dimanche: 08:30–13:00"
897,"Bir Mourad Raïs","dimanche: 08:30–12:30"
8970,"","dimanche: 08:00–17:30"
8971,"","dimanche: 09:00–14:00"
8972,"","dimanche: 08:00–16:00"
8973,"","dimanche: Fermé"
8974,"","dimanche: 08:30–16:00"
8975,"","dimanche: 09:00–18:00"
8976,"","dimanche: 08:30–14:00"
8977,"","dimanche: 08:00–16:00"
8978,"","dimanche: 09:00–17:00"
8979,"","dimanche: 09:00–20:00"
898,"Dély Ibrahim","dimanche: 08:30–16:00 | lundi: 08:30–16:00 | mardi: 08:30–16:00 | mercredi: 08:30–16:00 | jeudi: 08:30–15:00 | vendredi: Fermé | samedi: 08:30–16:00"
8980,"","dimanche: 08:30–17:00"
8981,"","dimanche: 08:00–16:30"
8982,"","Non renseigné"
8983,"","dimanche: 08:30–17:00"
8984,"","dimanche: 08:30–17:00"
8985,"","Non renseigné"
8986,"","dimanche: 08:30–16:00"
8987,"","Non renseigné"
8988,"","dimanche: 08:00–18:00"
8989,"","Non renseigné"
899,"Bordj El Kiffan","dimanche: 07:00–16:00 | lundi: 07:00–16:00 | mardi: 07:00–16:00 | mercredi: 07:00–16:00 | jeudi: 07:00–12:00 | vendredi: Fermé | samedi: 07:00–16:00"
8990,"","dimanche: 08:30–15:30"
8991,"","dimanche: 09:00–15:00"
8992,"","dimanche: 09:30–15:30"
8993,"","dimanche: 09:00–21:00"
8994,"","dimanche: 09:00–17:00 | lundi: 09:00–17:00 | mardi: 09:00–17:00 | mercredi: 09:00–17:00 | jeudi: Fermé | vendredi: Fermé | samedi: 09:00–17:00"
8995,"","dimanche: 08:00–17:00"
8996,"","dimanche: 08:00–17:00"
8997,"","dimanche: 08:30–16:00"
8998,"","dimanche: 08:30–16:30"
8999,"","dimanche: 08:00–18:00"
9,"Béjaïa","dimanche: 10:00–23:55"
90,"Mostaganem","dimanche: 08:00–17:00"
900,"Ouled Yaïch","dimanche: 07:00–11:0014:00–17:00"
9000,"","dimanche: 08:30–16:30"
9001,"","dimanche: 09:00–16:30"
9002,"","dimanche: 08:30–18:00"
9003,"","Non renseigné"
9004,"","Non renseigné"
9005,"","Non renseigné"
9006,"","dimanche: 08:30–16:00 | lundi: 08:30–16:00 | mardi: 08:30–16:00 | mercredi: 08:30–16:00 | jeudi: 08:30–16:00 | vendredi: Fermé | samedi: 09:00–13:00"
9007,"","dimanche: 08:30–17:00"
9008,"","dimanche: Ouvert 24h/24"
9009,"","dimanche: 07:00–15:00 | lundi: 07:00–15:00 | mardi: 07:00–15:00 | mercredi: 07:00–15:00 | jeudi: 07:00–15:00 | vendredi: Fermé | samedi: 07:00–15:00"
901,"Ouled Yaïch","dimanche: 08:00–00:00"
9010,"","dimanche: 13:30–17:00"
9011,"","Non renseigné"
9012,"","Non renseigné"
9013,"","dimanche: 09:00–16:00 | lundi: 09:00–16:00 | mardi: 09:00–16:00 | mercredi: 09:00–16:00 | jeudi: 09:00–16:00 | vendredi: Fermé | samedi: 09:00–16:00"
9014,"","dimanche: 08:00–19:00"
9015,"","Non renseigné"
9016,"","dimanche: 09:30–16:00"
9017,"","dimanche: 08:30–16:30"
9018,"","dimanche: 08:00–17:00"
9019,"","dimanche: 08:30–16:00"
902,"El Harrach","Non renseigné"
9020,"","dimanche: 09:00–19:00 | lundi: 09:00–19:00 | mardi: 09:00–19:00 | mercredi: 09:00–19:00 | jeudi: 09:00–18:00 | vendredi: Fermé | samedi: 09:00–19:30"
9021,"","Non renseigné"
9022,"","Non renseigné"
9023,"","dimanche: 08:30–17:00 | lundi: 08:30–17:00 | mardi: 08:30–17:00 | mercredi: 08:30–17:00 | jeudi: 08:30–17:00 | vendredi: Fermé | samedi: 08:30–17:00"
9024,"","dimanche: 08:30–19:00"
9025,"","dimanche: 08:00–15:00"
9026,"","dimanche: 09:00–01:00"
9027,"","dimanche: 09:00–17:00"
9028,"","dimanche: 09:00–16:00"
9029,"","dimanche: 09:00–16:00"
903,"Cité CNEP 138 logts Bt10 Alger","dimanche: 08:30–16:00"
9030,"","dimanche: 09:00–16:00"
9031,"","dimanche: 08:00–16:00"
9032,"","dimanche: 09:30–18:00"
9033,"","dimanche: 15:00–21:00 | lundi: 15:00–21:00 | mardi: 15:00–21:00 | mercredi: 15:00–21:00 | jeudi: 17:00–21:00 | vendredi: Fermé | samedi: 15:00–21:00"
9034,"","dimanche: 08:00–16:00"
9035,"","dimanche: 09:00–17:00"
9036,"","dimanche: 09:00–17:00"
9037,"","dimanche: 10:00–20:00"
9038,"","dimanche: 09:00–23:00"
9039,"","dimanche: 09:00–16:00 | lundi: 09:00–16:00 | mardi: 09:00–16:00 | mercredi: 09:00–16:00 | jeudi: 09:00–16:00 | vendredi: Fermé | samedi: 09:00–14:00"
904,"Bordj El Kiffan","dimanche: 08:00–17:00"
9040,"","dimanche: 09:00–16:00"
9041,"","dimanche: 08:00–23:00"
9042,"","Non renseigné"
9043,"","dimanche: 09:00–16:00"
9044,"","dimanche: 08:30–17:00 | lundi: 08:30–17:00 | mardi: 08:30–17:00 | mercredi: 08:30–17:00 | jeudi: 08:30–17:00 | vendredi: 08:30–17:00 | samedi: 08:30–17:00"
9045,"","dimanche: 09:00–16:00"
9046,"","dimanche: 09:00–17:30 | lundi: 09:00–22:00 | mardi: 09:00–22:00 | mercredi: 09:00–22:00 | jeudi: 09:00–17:30 | vendredi: Fermé | samedi: 09:00–22:00"
9047,"","dimanche: 08:30–18:00"
9048,"","dimanche: 09:00–18:00 | lundi: 09:00–17:00 | mardi: 09:00–17:00 | mercredi: 09:00–17:00 | jeudi: 09:00–17:00 | vendredi: Fermé | samedi: 09:00–13:00"
9049,"","dimanche: 08:30–16:00"
905,"Hussein Dey","Non renseigné"
9050,"","dimanche: 08:30–16:00"
9051,"","dimanche: 09:00–18:00"
9052,"","dimanche: 08:00–22:00"
9053,"","dimanche: 09:00–17:00"
9054,"","dimanche: 09:00–17:00"
9055,"","dimanche: 08:00–23:00"
9056,"","dimanche: 08:00–16:00"
9057,"","dimanche: 09:00–21:00 | lundi: 09:00–16:00 | mardi: 09:00–21:00 | mercredi: 09:00–21:00 | jeudi: 16:00–21:00 | vendredi: Fermé | samedi: 09:00–21:00"
9058,"","dimanche: 09:00–17:00"
9059,"","dimanche: Ouvert 24h/24"
906,"Bir Mourad Raïs","dimanche: 08:30–16:00"
9060,"","dimanche: 09:00–20:00"
9061,"","dimanche: 07:30–18:00"
9062,"","dimanche: 09:00–15:00 | lundi: 09:00–15:00 | mardi: 09:00–15:00 | mercredi: 09:00–15:00 | jeudi: Fermé | vendredi: Fermé | samedi: 08:30–13:00"
9063,"","dimanche: 09:00–17:00"
9064,"","dimanche: 09:00–18:00"
9065,"","dimanche: 09:00–23:00"
9066,"","Non renseigné"
9067,"","dimanche: 10:00–18:30"
9068,"","dimanche: 07:00–16:30 | lundi: 07:00–16:30 | mardi: 07:00–16:30 | mercredi: 07:00–16:30 | jeudi: 07:00–16:30 | vendredi: Fermé | samedi: 08:00–12:00"
9069,"","dimanche: 08:30–16:30"
907,"Alger Centre","dimanche: 08:30–18:00"
9070,"","Non renseigné"
9071,"","dimanche: 09:00–20:00"
9072,"","dimanche: 08:00–16:00"
9073,"","dimanche: 07:00–12:00"
9074,"","Non renseigné"
9075,"","dimanche: 08:30–16:30"
9076,"","dimanche: 08:00–16:30"
9077,"","dimanche: 08:00–16:00"
9078,"","dimanche: 09:00–00:00"
9079,"","dimanche: 07:30–16:30"
908,"Birkhadem","dimanche: 08:00–17:00"
9080,"","dimanche: 08:00–18:00"
9081,"","dimanche: 08:00–18:00"
9082,"","dimanche: 09:30–20:00"
9083,"","dimanche: 08:00–17:00"
9084,"","dimanche: 09:30–18:00"
9085,"","Non renseigné"
9086,"","dimanche: 08:30–16:30"
9087,"","dimanche: 08:30–16:00"
9088,"","dimanche: 08:00–17:00"
9089,"","dimanche: 08:30–16:30"
909,"Bir Mourad Raïs","dimanche: 09:00–16:00"
9090,"","dimanche: 08:30–16:00"
9091,"","dimanche: Fermé"
9092,"","dimanche: 09:00–17:00"
9093,"","dimanche: Fermé"
9094,"","dimanche: 09:00–17:00"
9095,"","Non renseigné"
9096,"","dimanche: 09:00–19:00"
9097,"","dimanche: 08:00–12:3013:30–16:00"
9098,"","dimanche: 09:00–18:00"
9099,"","dimanche: 08:00–15:00"
91,"Mostaganem","Non renseigné"
910,"Birkhadem","Non renseigné"
9100,"","dimanche: 08:00–12:0013:00–17:00"
9101,"","dimanche: 09:00–18:00 | lundi: 09:00–18:00 | mardi: 09:00–18:00 | mercredi: 09:00–18:00 | jeudi: 09:00–18:00 | vendredi: Fermé | samedi: 09:00–18:00"
9102,"","dimanche: 09:30–23:00"
9103,"","Non renseigné"
9104,"","dimanche: 09:00–18:00"
9105,"","dimanche: 08:30–23:00"
9106,"","dimanche: 08:00–15:00"
9107,"","dimanche: 09:00–17:00"
9108,"","dimanche: 08:30–15:30"
9109,"","dimanche: 08:00–15:00"
911,"Sidi MHamed","Non renseigné"
9110,"","Non renseigné"
9111,"","dimanche: 08:00–17:00"
9112,"","dimanche: 09:00–19:02"
9113,"","Non renseigné"
9114,"","dimanche: 09:00–14:30 | lundi: 09:00–16:00 | mardi: 09:00–16:00 | mercredi: 09:00–16:00 | jeudi: 09:00–16:00 | vendredi: Fermé | samedi: 09:00–16:00"
9115,"","dimanche: 08:30–16:00"
9116,"","dimanche: 08:30–18:00 | lundi: 08:30–18:00 | mardi: 08:30–18:00 | mercredi: 08:30–18:00 | jeudi: 08:30–18:00 | vendredi: Fermé | samedi: 08:30–18:00"
9117,"","Non renseigné"
9118,"","Non renseigné"
9119,"","dimanche: 08:00–18:00"
912,"Gué de Constantine","dimanche: 08:30–16:00"
9120,"","dimanche: 09:00–22:00"
9121,"","dimanche: 08:30–16:30"
9122,"","dimanche: 09:00–16:00"
9123,"","dimanche: 09:00–16:30"
9124,"","dimanche: 09:00–19:00"
9125,"","dimanche: 08:30–20:00"
9126,"","dimanche: 08:00–17:00"
9127,"","dimanche: 08:30–18:00"
9128,"","dimanche: 09:00–18:00"
9129,"","Non renseigné"
913,"Maroc","dimanche: Fermé | lundi: 10:00–14:0015:00–19:00 | mardi: 10:00–14:0015:00–19:00 | mercredi: 10:00–14:0015:00–19:00 | jeudi: 10:00–14:0015:00–19:00 | vendredi: 10:00–14:0015:00–19:00 | samedi: 10:00–15:00"
9130,"","dimanche: 09:00–23:00"
9131,"","dimanche: 08:30–17:00"
9132,"","dimanche: 08:30–15:00"
9133,"","dimanche: 09:00–18:00"
9134,"","dimanche: 09:00–17:00"
9135,"","dimanche: 08:00–18:00"
9136,"","dimanche: 08:30–17:30"
9137,"","dimanche: 08:30–17:00 | lundi: 08:30–17:00 | mardi: 08:30–17:00 | mercredi: 08:30–17:00 | jeudi: 08:30–17:00 | vendredi: Fermé | samedi: 08:30–17:00"
9138,"","dimanche: 09:30–16:30"
9139,"","dimanche: 09:00–18:00"
914,"Maroc","dimanche: 09:00–18:30"
9140,"","dimanche: 09:00–18:00"
9141,"","dimanche: 09:00–18:00"
9142,"","dimanche: 08:00–19:00"
9143,"","dimanche: Ouvert 24h/24"
9144,"","dimanche: 08:00–16:00"
9145,"","dimanche: 09:00–17:00"
9146,"","dimanche: 09:00–19:15 | lundi: 09:00–19:15 | mardi: 09:00–19:15 | mercredi: 09:00–19:15 | jeudi: 09:00–19:15 | vendredi: Fermé | samedi: 09:00–19:15"
9147,"","dimanche: 09:00–17:00 | lundi: 09:00–17:00 | mardi: 09:00–17:00 | mercredi: 09:00–17:00 | jeudi: 09:00–17:00 | vendredi: Fermé | samedi: 09:00–17:00"
9148,"","Non renseigné"
9149,"","dimanche: 09:00–15:30"
9150,"","dimanche: 09:00–16:00"
9151,"","dimanche: 09:00–16:00"
9152,"","Non renseigné"
9153,"","dimanche: 08:30–17:00"
9154,"","dimanche: 08:30–21:00"
9155,"","dimanche: 09:00–22:00"
9156,"","dimanche: 07:30–16:00"
9157,"","dimanche: 08:30–18:00"
9158,"","dimanche: 09:00–22:00"
9159,"","dimanche: 08:00–16:00 | lundi: 08:00–16:00 | mardi: 08:00–16:00 | mercredi: 08:00–16:00 | jeudi: 08:00–16:00 | vendredi: Fermé | samedi: 08:00–16:00"
9160,"","dimanche: 08:00–17:00 | lundi: 08:00–17:00 | mardi: 08:00–13:00 | mercredi: 08:00–17:00 | jeudi: 08:00–13:00 | vendredi: Fermé | samedi: 08:00–17:00"
9161,"","Non renseigné"
9162,"","dimanche: Fermé"
9163,"","dimanche: 08:00–17:00"
9164,"","dimanche: 09:00–15:30"
9165,"","dimanche: 09:00–16:00"
9166,"","Non renseigné"
9167,"","dimanche: 08:30–16:00"
9168,"","dimanche: 08:00–17:00"
9169,"","dimanche: 08:00–16:00"
9170,"","lundi: 06:30–16:00"
9171,"","lundi: 09:00–17:00"
9172,"","lundi: 09:00–15:00"
9173,"","lundi: 09:00–13:00"
9174,"","Non renseigné"
9175,"","lundi: 08:00–16:00"
9176,"","lundi: 09:00–16:00"
9177,"","lundi: 08:00–20:00"
9178,"","lundi: 08:00–16:30"
9179,"","Non renseigné"
9180,"","Non renseigné"
9181,"","lundi: 09:00–18:00"
9182,"","Non renseigné"
9183,"","lundi: 09:00–18:00 | mardi: 09:00–18:00 | mercredi: 09:00–18:00 | jeudi: 09:00–18:00 | vendredi: Fermé | samedi: 09:00–18:00 | dimanche: 09:00–18:00"
9184,"","Non renseigné"
9185,"","lundi: 08:30–16:30 | mardi: 08:30–16:30 | mercredi: 08:30–16:30 | jeudi: Ouvert 24h/24 | vendredi: Fermé | samedi: 08:30–16:30 | dimanche: 08:30–16:30"
9186,"","lundi: 08:00–19:00"
9187,"","lundi: Fermé"
9188,"","lundi: 08:30–17:30"
9189,"","lundi: 13:00–16:00"
9190,"","lundi: 09:30–16:00 | mardi: 09:30–16:00 | mercredi: 09:30–16:00 | jeudi: Fermé | vendredi: Fermé | samedi: 09:30–16:00 | dimanche: 09:30–16:00"
9191,"","lundi: 08:30–16:30 | mardi: 08:30–16:30 | mercredi: 08:30–16:30 | jeudi: 08:30–13:00 | vendredi: Fermé | samedi: 08:30–16:30 | dimanche: 08:30–16:30"
9192,"","lundi: 09:00–17:00"
9193,"","lundi: 14:00–16:00"
9194,"","lundi: Ouvert 24h/24"
9195,"","Non renseigné"
9196,"","lundi: 08:30–17:00 | mardi: 08:30–17:00 | mercredi: 08:30–17:00 | jeudi: Fermé | vendredi: Fermé | samedi: 08:30–17:00 | dimanche: 08:30–17:00"
9197,"","lundi: Ouvert 24h/24"
9198,"","lundi: 09:00–20:00"
9199,"","lundi: 09:00–18:00"
92,"Blida","dimanche: 08:30–18:00"
9200,"","Non renseigné"
9201,"","lundi: 08:00–16:00"
9202,"","lundi: 08:30–17:30 | mardi: 08:30–17:30 | mercredi: 08:30–17:30 | jeudi: 08:30–17:30 | vendredi: Fermé | samedi: 08:30–17:30 | dimanche: 08:30–17:30"
9203,"","lundi: 08:30–18:00"
9204,"","lundi: 08:30–18:00"
9205,"","Non renseigné"
9206,"","lundi: 09:00–17:00"
9207,"","lundi: Ouvert 24h/24"
9208,"","lundi: 08:00–18:00"
9209,"","lundi: 08:30–19:00"
9210,"","lundi: 09:00–17:00"
9211,"","lundi: 08:00–18:00 | mardi: 08:00–18:00 | mercredi: 08:00–18:00 | jeudi: 08:00–18:00 | vendredi: Fermé | samedi: 08:00–18:00 | dimanche: 08:00–18:00"
9212,"","Non renseigné"
9213,"","lundi: 09:00–16:00"
9214,"","lundi: 07:30–15:00"
9215,"","lundi: 08:30–17:00 | mardi: 08:30–17:00 | mercredi: 08:30–17:00 | jeudi: Fermé | vendredi: Fermé | samedi: 08:30–17:00 | dimanche: Fermé"
9216,"","lundi: 09:00–16:30 | mardi: 09:00–16:30 | mercredi: 09:00–16:30 | jeudi: 09:00–16:30 | vendredi: Fermé | samedi: 09:00–16:30 | dimanche: 09:00–16:30"
9217,"","lundi: 08:00–16:00 | mardi: 08:00–16:00 | mercredi: 08:00–16:00 | jeudi: 08:00–16:00 | vendredi: Fermé | samedi: 08:00–16:00 | dimanche: 08:00–16:00"
9218,"","lundi: 09:00–18:00"
9219,"","lundi: Ouvert 24h/24"
9220,"","lundi: 08:30–17:00"
9221,"","lundi: 08:00–00:00"
9222,"","lundi: 09:00–18:00"
9223,"","lundi: 08:00–22:00"
9224,"","Non renseigné"
9225,"","Non renseigné"
9226,"","lundi: 09:00–14:00"
9227,"","lundi: 08:45–19:30"
9228,"","lundi: 09:00–17:00"
9229,"","lundi: 08:30–16:00"
9230,"","lundi: 08:00–19:00"
9231,"","lundi: 08:00–17:00"
9232,"","lundi: 07:00–16:00"
9233,"","lundi: 07:00–16:00"
9234,"","lundi: 09:00–17:00"
9235,"","lundi: 09:30–17:00"
9236,"","lundi: 08:00–17:00"
9237,"","lundi: 09:00–17:00"
9238,"","lundi: 08:30–17:00"
9239,"","lundi: 09:00–12:0013:00–17:00"
9240,"","lundi: 09:00–16:00"
9241,"","lundi: 08:30–18:00"
9242,"","lundi: Ouvert 24h/24"
9243,"","lundi: 08:00–17:00 | mardi: 08:00–17:00 | mercredi: 08:00–17:00 | jeudi: 08:00–17:00 | vendredi: Fermé | samedi: Fermé | dimanche: 08:00–17:00"
9244,"","lundi: 09:00–17:00"
9245,"","lundi: 09:00–20:30"
9246,"","Non renseigné"
9247,"","lundi: 08:30–23:00"
9248,"","lundi: 09:00–14:00"
9249,"","Non renseigné"
9250,"","lundi: 08:00–17:00"
9251,"","lundi: 09:00–16:00"
9252,"","lundi: 08:00–17:00"
9253,"","lundi: 09:00–19:00 | mardi: 09:00–19:00 | mercredi: 09:00–19:00 | jeudi: 09:00–19:00 | vendredi: Fermé | samedi: 09:00–17:00 | dimanche: 09:00–19:00"
9254,"","lundi: 09:00–17:00"
9255,"","lundi: 08:30–16:30"
9256,"","lundi: 09:00–15:30"
9257,"","lundi: 08:00–17:00"
9258,"","Non renseigné"
9259,"","lundi: 09:00–16:00"
9260,"","lundi: 08:00–17:30"
9261,"","lundi: 08:30–12:00"
9262,"","lundi: 08:00–17:00"
9263,"","lundi: 08:30–17:30"
9264,"","lundi: 08:30–16:30"
9265,"","lundi: Ouvert 24h/24 | mardi: Ouvert 24h/24 | mercredi: Ouvert 24h/24 | jeudi: Ouvert 24h/24 | vendredi: Fermé | samedi: Ouvert 24h/24 | dimanche: Ouvert 24h/24"
9266,"","lundi: 08:30–20:00"
9267,"","lundi: 09:00–18:00"
9268,"","lundi: 08:00–00:00"
9269,"","lundi: 08:30–16:00 | mardi: 08:30–16:00 | mercredi: 08:30–16:00 | jeudi: 08:30–16:00 | vendredi: Fermé | samedi: Fermé | dimanche: 09:00–17:00"
9270,"","Non renseigné"
9271,"","lundi: 09:00–19:00"
9272,"","lundi: 09:00–17:00"
9273,"","lundi: 10:00–18:00"
9274,"","Non renseigné"
9275,"","Non renseigné"
9276,"","lundi: 08:30–16:30"
9277,"","lundi: 08:30–15:00"
9278,"","lundi: 08:30–22:00"
9279,"","lundi: 08:00–16:00"
9280,"","lundi: 08:30–16:00"
9281,"","lundi: 09:00–16:30"
9282,"","lundi: 09:00–17:00"
9283,"","lundi: 07:00–17:00 | mardi: 07:00–17:00 | mercredi: 07:00–17:00 | jeudi: 07:00–16:00 | vendredi: Fermé | samedi: 07:00–17:00 | dimanche: 07:00–17:00"
9284,"","lundi: 07:00–17:00 | mardi: 07:00–17:00 | mercredi: 07:00–17:00 | jeudi: 07:00–16:00 | vendredi: Fermé | samedi: 07:00–17:00 | dimanche: 07:00–17:00"
9285,"","lundi: 06:00–00:00"
9286,"","lundi: 08:30–16:30"
9287,"","lundi: 08:30–17:30"
9288,"","lundi: 08:00–16:00"
9289,"","lundi: 08:00–23:00"
9290,"","lundi: 09:00–23:00"
9291,"","lundi: 09:00–17:00"
9292,"","lundi: 09:00–18:00"
9293,"","lundi: 08:30–17:00"
9294,"","lundi: Ouvert 24h/24"
9295,"","Non renseigné"
9296,"","lundi: 09:30–16:30"
9297,"","lundi: 09:00–17:00"
9298,"","lundi: 08:00–22:00"
9299,"","lundi: 08:00–16:00"
93,"Oran","dimanche: 09:00–16:00"
9300,"","lundi: 08:00–16:00"
9301,"","lundi: 09:30–17:00"
9302,"","lundi: 07:30–19:00"
9303,"","lundi: 08:00–17:00"
9304,"","Non renseigné"
9305,"","lundi: 08:30–17:00"
9306,"","lundi: 08:00–16:30"
9307,"","lundi: 08:30–17:00"
9308,"","lundi: Ouvert 24h/24 | mardi: Ouvert 24h/24 | mercredi: Ouvert 24h/24 | jeudi: Ouvert 24h/24 | vendredi: Ouvert 24h/24 | samedi: Ouvert 24h/24 | dimanche: Ouvert 24h/24"
9309,"","lundi: 09:00–17:00"
9310,"","lundi: 08:30–18:00"
9311,"","lundi: 08:30–00:00"
9312,"","lundi: 09:00–18:00"
9313,"","Non renseigné"
9314,"","lundi: 08:30–18:00"
9315,"","lundi: 08:00–16:00"
9316,"","lundi: 09:00–16:00"
9317,"","lundi: 08:30–14:30"
9318,"","lundi: 09:00–18:00"
9319,"","lundi: 08:30–16:30"
9320,"","Non renseigné"
9321,"","lundi: 08:30–17:00"
9322,"","lundi: 07:30–17:00"
9323,"","lundi: 08:30–17:00"
9324,"","lundi: 09:00–17:30"
9325,"","lundi: 09:00–17:00 | mardi: 09:00–13:00 | mercredi: 09:00–17:00 | jeudi: 09:00–13:00 | vendredi: Fermé | samedi: 09:00–17:00 | dimanche: 12:00–17:00"
9326,"","lundi: 08:00–20:00"
9327,"","lundi: 09:00–22:00"
9328,"","lundi: 10:00–18:00"
9329,"","lundi: 08:30–17:30"
9330,"","lundi: 09:00–15:00 | mardi: 09:00–15:00 | mercredi: 09:00–15:00 | jeudi: 09:00–15:00 | vendredi: Fermé | samedi: Fermé | dimanche: 09:00–15:00"
9331,"","lundi: 08:00–16:00"
9332,"","Non renseigné"
9333,"","lundi: 08:30–21:00"
9334,"","lundi: 08:30–17:00"
9335,"","lundi: 08:30–16:30"
9336,"","Non renseigné"
9337,"","Non renseigné"
9338,"","lundi: 08:00–16:30"
9339,"","Non renseigné"
9340,"","Non renseigné"
9341,"","lundi: 08:00–16:00 | mardi: 08:00–16:00 | mercredi: 08:00–16:00 | jeudi: 08:00–12:00 | vendredi: Fermé | samedi: 08:00–16:00 | dimanche: 08:00–16:00"
9342,"","lundi: 09:00–18:00"
9343,"","lundi: 09:00–17:00 | mardi: 09:00–17:00 | mercredi: 09:00–17:00 | jeudi: 09:00–17:00 | vendredi: Fermé | samedi: Fermé | dimanche: 09:00–17:00"
9344,"","Non renseigné"
9345,"","lundi: 08:00–20:00 | mardi: 08:00–20:00 | mercredi: 08:00–20:00 | jeudi: 08:00–20:00 | vendredi: Fermé | samedi: 08:00–20:00 | dimanche: 08:00–20:00"
9346,"","lundi: 08:30–18:00"
9347,"","lundi: 09:00–17:00"
9348,"","lundi: 09:00–18:00"
9349,"","lundi: 09:00–17:00"
9350,"","Non renseigné"
9351,"","lundi: 08:00–18:00"
9352,"","lundi: 09:30–18:00 | mardi: 09:30–18:00 | mercredi: 09:30–18:00 | jeudi: Fermé | vendredi: Fermé | samedi: 09:30–18:00 | dimanche: 10:00–18:00"
9353,"","lundi: 09:00–19:00"
9354,"","Non renseigné"
9355,"","lundi: 09:00–20:00 | mardi: 09:00–20:00 | mercredi: 09:00–20:00 | jeudi: 09:00–17:00 | vendredi: Fermé | samedi: 09:00–20:00 | dimanche: 09:00–20:00"
9356,"","lundi: 09:00–12:0013:00–18:00"
9357,"","lundi: Fermé"
9358,"","lundi: 08:00–13:0014:00–16:30"
9359,"","lundi: Fermé"
9360,"","lundi: 09:00–17:00"
9361,"","lundi: 09:00–18:00"
9362,"","lundi: 08:00–17:00"
9363,"","lundi: 09:00–16:00"
9364,"","lundi: 08:00–23:00"
9365,"","lundi: 08:00–17:00"
9366,"","lundi: 08:30–17:00"
9367,"","lundi: 09:00–16:00"
9368,"","lundi: 09:00–20:00"
9369,"","lundi: 09:00–17:00"
937,"Sétif","dimanche: 08:00–20:00"
9370,"","lundi: 08:30–18:00"
9371,"","Non renseigné"
9372,"","lundi: 09:00–17:00"
9373,"","lundi: Ouvert 24h/24"
9374,"","lundi: 09:00–17:00"
9375,"","lundi: 09:00–17:00 | mardi: 09:00–17:00 | mercredi: 09:00–17:00 | jeudi: 09:00–17:00 | vendredi: Fermé | samedi: 09:00–16:00 | dimanche: 09:00–17:00"
9376,"","lundi: 08:00–23:00"
9377,"","lundi: 09:00–20:00"
9378,"","lundi: 09:00–17:00"
9379,"","lundi: Ouvert 24h/24"
9380,"","lundi: 08:30–16:00"
9381,"","lundi: 08:00–16:00"
9382,"","lundi: 09:00–18:00 | mardi: 09:00–18:00 | mercredi: 09:00–18:00 | jeudi: 09:00–18:00 | vendredi: Fermé | samedi: 09:00–18:00 | dimanche: 09:00–18:00"
9383,"","Non renseigné"
9384,"","lundi: Ouvert 24h/24"
9385,"","lundi: 08:00–22:00"
9386,"","lundi: 09:00–16:00"
9387,"","lundi: 09:00–17:00"
9388,"","lundi: 09:00–16:00"
9389,"","lundi: 09:00–16:00"
9390,"","lundi: 09:00–17:00"
9391,"","lundi: 08:00–16:00"
9392,"","lundi: 09:00–17:00"
9393,"","lundi: 09:00–17:00"
9394,"","lundi: 09:00–00:00"
9395,"","lundi: 09:00–00:00"
9396,"","lundi: 08:30–17:00"
9397,"","lundi: 08:30–23:59"
9398,"","lundi: 09:00–20:00"
9399,"","lundi: 08:00–20:00"
94,"Tlemcen","dimanche: 08:30–16:00"
9400,"","lundi: 09:00–16:00"
9401,"","Non renseigné"
9402,"","lundi: 07:30–17:00"
9403,"","lundi: 09:00–20:00"
9404,"","lundi: 09:00–21:00"
9405,"","lundi: 09:00–16:00"
9406,"","lundi: 09:00–17:00"
9407,"","Non renseigné"
9408,"","lundi: 07:00–20:00"
9409,"","lundi: 08:00–16:00"
9410,"","lundi: 09:00–17:00"
9411,"","lundi: 09:00–17:00"
9412,"","lundi: 08:00–16:00"
9413,"","Non renseigné"
9414,"","lundi: 09:00–17:00"
9415,"","lundi: 08:30–16:30"
9416,"","lundi: 08:30–18:00"
9417,"","Non renseigné"
9418,"","lundi: 08:00–17:00"
9419,"","lundi: 08:00–17:00"
9420,"","lundi: 08:30–16:30"
9421,"","Non renseigné"
9422,"","lundi: 09:00–20:00"
9423,"","lundi: 08:00–18:00"
9424,"","lundi: 08:30–16:00"
9425,"","lundi: 08:30–15:00"
9426,"","lundi: 08:30–16:00"
9427,"","lundi: 09:00–21:00"
9428,"","lundi: 08:30–18:00"
9429,"","lundi: 09:00–16:30"
9430,"","lundi: 08:00–16:30 | mardi: 08:00–16:30 | mercredi: 08:00–16:30 | jeudi: 08:00–16:30 | vendredi: Fermé | samedi: 08:00–16:30 | dimanche: 08:00–16:30"
9431,"","lundi: 09:00–17:00"
9432,"","lundi: 08:00–15:00"
9433,"","lundi: Ouvert 24h/24"
9434,"","lundi: 07:30–16:30"
9435,"","lundi: 08:30–16:00"
9436,"","lundi: 08:30–15:00"
9437,"","lundi: 13:00–17:00"
9438,"","lundi: Ouvert 24h/24 | mardi: Ouvert 24h/24 | mercredi: Ouvert 24h/24 | jeudi: Ouvert 24h/24 | vendredi: Ouvert 24h/24 | samedi: Ouvert 24h/24 | dimanche: Ouvert 24h/24"
9439,"","lundi: Ouvert 24h/24"
9440,"","lundi: 08:00–22:00"
9441,"","lundi: 08:30–19:00"
9442,"","lundi: 09:00–15:00"
9443,"","lundi: 09:00–18:00"
9444,"","lundi: 09:00–17:30"
9445,"","lundi: 09:00–21:00"
9446,"","lundi: 08:30–17:00"
9447,"","lundi: 08:00–13:00"
9448,"","lundi: 08:30–17:00"
9449,"","lundi: 08:30–18:00"
9450,"","lundi: 08:30–16:30"
9451,"","Non renseigné"
9452,"","lundi: 09:00–18:00"
9453,"","lundi: 08:00–16:00"
9454,"","lundi: 08:00–12:00"
9455,"","Non renseigné"
9456,"","lundi: 08:30–02:00"
9457,"","Non renseigné"
9458,"","lundi: 08:00–15:00"
9459,"","lundi: 14:00–16:00"
9460,"","Non renseigné"
9461,"","lundi: 08:30–17:00"
9462,"","lundi: 08:00–16:00"
9463,"","Non renseigné"
9464,"","lundi: 08:00–17:00 | mardi: 08:00–17:00 | mercredi: 08:00–17:00 | jeudi: 08:00–17:00 | vendredi: Fermé | samedi: 08:00–17:00 | dimanche: 08:00–17:00"
9465,"","lundi: 09:00–21:00"
9466,"","Non renseigné"
9467,"","lundi: Fermé"
9468,"","lundi: 09:00–17:00"
9469,"","lundi: 08:00–16:00"
9470,"","lundi: 08:30–17:00"
9471,"","lundi: 08:00–16:00"
9472,"","lundi: 08:30–16:00"
9473,"","lundi: 08:00–19:00"
9474,"","lundi: 08:30–18:00"
9475,"","lundi: 09:00–17:00"
9476,"","lundi: 09:00–16:00"
9477,"","lundi: 08:30–23:30 | mardi: 08:00–23:30 | mercredi: 08:30–23:30 | jeudi: 08:30–23:30 | vendredi: 08:30–23:30 | samedi: 08:30–23:30 | dimanche: 08:30–23:30"
9478,"","lundi: 08:30–17:00"
9479,"","lundi: 08:30–17:00"
9480,"","lundi: 09:00–17:30"
9481,"","Non renseigné"
9482,"","lundi: 08:00–17:00"
9483,"","lundi: 08:00–17:00"
9484,"","lundi: 09:00–18:00"
9485,"","lundi: 09:00–19:00"
9486,"","lundi: 08:30–23:00 | mardi: 08:30–23:00 | mercredi: 08:30–23:00 | jeudi: 08:30–23:00 | vendredi: 08:30–23:00 | samedi: 08:30–23:00 | dimanche: 08:30–23:00"
9487,"","lundi: 08:00–17:00"
9488,"","lundi: 09:00–17:00"
9489,"","Non renseigné"
9490,"","lundi: 09:00–17:00"
9491,"","lundi: 09:00–16:00"
9492,"","lundi: 08:00–16:30"
9493,"","lundi: 08:00–17:00"
9494,"","Non renseigné"
9495,"","lundi: 09:00–16:00"
9496,"","lundi: 09:00–17:00"
9497,"","lundi: 08:30–20:00"
9498,"","lundi: 08:00–18:00"
9499,"","Non renseigné"
95,"Aokas","dimanche: 08:00–17:00 | lundi: 08:00–17:00 | mardi: 08:00–17:00 | mercredi: 08:00–17:00 | jeudi: 09:00–17:00 | vendredi: Fermé | samedi: 08:00–17:00"
9500,"","lundi: 09:00–20:00"
9501,"","lundi: 08:00–16:30"
9502,"","lundi: 09:00–17:30"
9503,"","lundi: 09:00–17:00"
9504,"","lundi: 08:30–16:00"
9505,"","lundi: 08:30–16:30"
9506,"","lundi: 08:00–17:00"
9507,"","lundi: 08:30–17:00"
9508,"","lundi: 08:30–16:00"
9509,"","lundi: 08:00–17:00"
9510,"","Non renseigné"
9511,"","lundi: 09:00–20:00"
9512,"","lundi: Ouvert 24h/24"
9513,"","lundi: 08:00–16:00"
9514,"","lundi: 09:00–17:00 | mardi: 09:00–17:00 | mercredi: 09:00–17:00 | jeudi: 09:00–17:00 | vendredi: Fermé | samedi: 09:00–17:00 | dimanche: 09:00–17:00"
9515,"","lundi: 08:00–16:00"
9516,"","lundi: 09:00–20:30"
9517,"","lundi: 08:00–17:00"
9518,"","lundi: 09:00–17:00"
9519,"","lundi: 08:00–17:30"
9520,"","Non renseigné"
9521,"","lundi: 08:00–17:00"
9522,"","lundi: 08:00–17:00 | mardi: 08:00–17:00 | mercredi: 08:00–17:00 | jeudi: 08:00–17:00 | vendredi: Fermé | samedi: Fermé | dimanche: 08:00–17:00"
9523,"","lundi: 09:00–16:30"
9524,"","lundi: 09:00–17:00"
9525,"","lundi: 08:30–20:00"
9526,"","lundi: 09:00–19:00 | mardi: 09:00–19:00 | mercredi: 09:00–19:00 | jeudi: 09:00–19:00 | vendredi: Fermé | samedi: Fermé | dimanche: 09:00–19:00"
9527,"","lundi: 08:30–21:00"
9528,"","lundi: 09:00–14:00 | mardi: 09:00–14:00 | mercredi: 09:00–14:00 | jeudi: 09:00–14:00 | vendredi: Fermé | samedi: 09:00–01:00 | dimanche: 09:00–14:00"
9529,"","Non renseigné"
9530,"","lundi: 09:00–15:30"
9531,"","Non renseigné"
9532,"","lundi: 08:00–18:00"
9533,"","lundi: Ouvert 24h/24"
9534,"","lundi: 08:00–16:00"
9535,"","lundi: 08:00–16:00 | mardi: 08:00–16:00 | mercredi: 08:00–16:00 | jeudi: 08:00–16:00 | vendredi: Fermé | samedi: 08:00–16:00 | dimanche: 08:00–16:00"
9536,"","Non renseigné"
9537,"","lundi: 09:00–17:00"
9538,"","lundi: 09:00–16:00"
9539,"","lundi: 08:30–22:30"
9540,"","lundi: Ouvert 24h/24"
9541,"","lundi: 09:00–22:00 | mardi: 09:00–22:00 | mercredi: 09:00–22:00 | jeudi: 09:00–22:00 | vendredi: 09:00–22:00 | samedi: 09:00–22:00 | dimanche: 09:00–22:00"
9542,"","lundi: 09:00–18:00"
9543,"","Non renseigné"
9544,"","lundi: 09:00–18:00 | mardi: 09:00–18:00 | mercredi: 09:00–17:00 | jeudi: 09:00–18:00 | vendredi: Fermé | samedi: 09:00–18:00 | dimanche: 09:00–18:00"
9545,"","lundi: 08:30–16:00"
9546,"","lundi: Fermé | mardi: 09:00–18:00 | mercredi: 09:00–18:00 | jeudi: 09:00–18:00 | vendredi: Fermé | samedi: 09:00–18:00 | dimanche: 09:00–18:00"
9547,"","lundi: 07:00–14:00"
9548,"","Non renseigné"
9549,"","lundi: 08:00–22:00"
955,"Kouba","dimanche: 08:30–22:00"
956,"Annaba","dimanche: 09:00–15:30"
957,"El Harrach","dimanche: 08:30–18:00"
958,"Belouizdad","dimanche: 09:00–17:00"
959,"Ben Aknoun","dimanche: 08:30–16:30"
96,"Mostaganem","dimanche: 08:00–17:00"
960,"Hydra","dimanche: 08:00–21:00"
961,"02 cité 40 logements BT 1 Salah boulkeroua","Non renseigné"
962,"Guelma","dimanche: 08:00–13:00"
963,"cite Bitat Maamar bt 9 N°182 SMK Supérieur","dimanche: 08:00–16:00"
964,"Sétif","dimanche: 08:00–12:0014:00–17:00"
965,"Constantine","dimanche: 08:30–17:00"
967,"Skikda","dimanche: 07:30–15:00"
968,"El Biar","dimanche: 09:00–17:00"
969,"Birkhadem","dimanche: 08:30–23:00"
97,"Oran","dimanche: 09:00–22:00"
970,"Skikda","Non renseigné"
971,"Sétif","dimanche: 08:00–21:00"
972,"Hydra","dimanche: 09:00–17:00"
973,"Sétif","dimanche: 09:00–22:00"
974,"Skikda","dimanche: 08:00–16:00"
975,"Sétif","Non renseigné"
976,"Annaba","dimanche: 09:00–17:00"
977,"Dely Ibrahim","dimanche: 08:00–16:00"
978,"Sétif","dimanche: 08:00–23:00"
979,"Constantine","dimanche: 09:00–16:00"
98,"Blida","dimanche: 08:30–17:00"
980,"Skikda","Non renseigné"
981,"Bab Ezzouar","dimanche: 09:00–17:00"
982,"Cité guehdour Tahar bloc 09 appartements 04","Non renseigné"
983,"Ain El bey","dimanche: 09:00–12:0014:00–16:00"
984,"Setif","dimanche: 09:00–17:00 | lundi: 09:00–17:00 | mardi: 09:00–17:00 | mercredi: 09:00–17:00 | jeudi: 09:00–17:00 | vendredi: Fermé | samedi: 09:00–17:00"
985,"Skikda","Non renseigné"
986,"Alger Centre","dimanche: 08:00–19:00"
987,"Guelma","dimanche: 08:30–12:0014:00–17:00"
989,"Sétif","dimanche: 08:00–18:00"
99,"Jijel","Non renseigné"
990,"Constantine","dimanche: 09:00–16:00"
991,"Alger Centre","dimanche: 09:30–23:00"
992,"El Milia","dimanche: 08:00–16:00"
993,"El Khroub","dimanche: 08:30–17:00"
994,"Gué de Constantine","dimanche: 09:00–18:00"
996,"berazouanes","dimanche: 09:00–16:30"
997,"Sétif","dimanche: 08:30–17:00"
998,"Alger Centre","dimanche: 08:30–17:00"
999,"04","dimanche: 08:00–12:0013:30–16:30"

